symbol,timestamp,action,prob,price,pred_direction,actual_direction,correct,position_id,event_type,direction,entry_price,close_price,position_open_time,position_close_time,position_duration_hours,allocated_capital,pnl_pct,pnl_amount,fee_paid,open_positions_count,available_capital,total_equity,peak_equity,drawdown_pct,cumulative_pnl,cumulative_closed_trades,portfolio_return_pct
BTC/USDT,2026-01-19 19:00:00,HOLD,1.0,0.002212,1,0,False,0,HOLD,,0.002212,,,,,0.0,0.0,0.0,0.0,0,1000.0,1000.0,1000.0,0.0,0.0,0,0.0
BTC/USDT,2026-01-19 20:00:00,HOLD,1.0,0.001763,1,0,False,0,HOLD,,0.001763,,,,,0.0,0.0,0.0,0.0,0,1000.0,1000.0,1000.0,0.0,0.0,0,0.0
BTC/USDT,2026-01-19 21:00:00,HOLD,1.0,0.001425,1,0,False,0,HOLD,,0.001425,,,,,0.0,0.0,0.0,0.0,0,1000.0,1000.0,1000.0,0.0,0.0,0,0.0
BTC/USDT,2026-01-19 22:00:00,HOLD,1.0,0.001327,1,1,True,0,HOLD,,0.001327,,,,,0.0,0.0,0.0,0.0,0,1000.0,1000.0,1000.0,0.0,0.0,0,0.0
BTC/USDT,2026-01-19 23:00:00,HOLD,1.0,0.002011,1,0,False,0,HOLD,,0.002011,,,,,0.0,0.0,0.0,0.0,0,1000.0,1000.0,1000.0,0.0,0.0,0,0.0
BTC/USDT,2026-01-20 00:00:00,HOLD,1.0,0.001587,1,1,True,0,HOLD,,0.001587,,,,,0.0,0.0,0.0,0.0,0,1000.0,1000.0,1000.0,0.0,0.0,0,0.0
BTC/USDT,2026-01-20 01:00:00,HOLD,1.0,0.003137,1,1,True,0,HOLD,,0.003137,,,,,0.0,0.0,0.0,0.0,0,1000.0,1000.0,1000.0,0.0,0.0,0,0.0
BTC/USDT,2026-01-20 02:00:00,HOLD,1.0,0.003667,1,0,False,0,HOLD,,0.003667,,,,,0.0,0.0,0.0,0.0,0,1000.0,1000.0,1000.0,0.0,0.0,0,0.0
BTC/USDT,2026-01-20 03:00:00,HOLD,1.0,0.003666,1,0,False,0,HOLD,,0.003666,,,,,0.0,0.0,0.0,0.0,0,1000.0,1000.0,1000.0,0.0,0.0,0,0.0
BTC/USDT,2026-01-20 04:00:00,HOLD,1.0,0.003373,1,1,True,0,HOLD,,0.003373,,,,,0.0,0.0,0.0,0.0,0,1000.0,1000.0,1000.0,0.0,0.0,0,0.0
BTC/USDT,2026-01-20 05:00:00,HOLD,1.0,0.007324,1,0,False,0,HOLD,,0.007324,,,,,0.0,0.0,0.0,0.0,0,1000.0,1000.0,1000.0,0.0,0.0,0,0.0
BTC/USDT,2026-01-20 06:00:00,HOLD,1.0,0.005185,1,1,True,0,HOLD,,0.005185,,,,,0.0,0.0,0.0,0.0,0,1000.0,1000.0,1000.0,0.0,0.0,0,0.0
BTC/USDT,2026-01-20 07:00:00,HOLD,1.0,0.008938,1,0,False,0,HOLD,,0.008938,,,,,0.0,0.0,0.0,0.0,0,1000.0,1000.0,1000.0,0.0,0.0,0,0.0
BTC/USDT,2026-01-20 08:00:00,HOLD,1.0,0.008531,1,0,False,0,HOLD,,0.008531,,,,,0.0,0.0,0.0,0.0,0,1000.0,1000.0,1000.0,0.0,0.0,0,0.0
BTC/USDT,2026-01-20 09:00:00,HOLD,1.0,0.006531,1,0,False,0,HOLD,,0.006531,,,,,0.0,0.0,0.0,0.0,0,1000.0,1000.0,1000.0,0.0,0.0,0,0.0
BTC/USDT,2026-01-20 10:00:00,HOLD,1.0,0.005763,1,1,True,0,HOLD,,0.005763,,,,,0.0,0.0,0.0,0.0,0,1000.0,1000.0,1000.0,0.0,0.0,0,0.0
BTC/USDT,2026-01-20 11:00:00,HOLD,1.0,0.006996,1,0,False,0,HOLD,,0.006996,,,,,0.0,0.0,0.0,0.0,0,1000.0,1000.0,1000.0,0.0,0.0,0,0.0
BTC/USDT,2026-01-20 12:00:00,HOLD,1.0,0.00651,1,1,True,0,HOLD,,0.00651,,,,,0.0,0.0,0.0,0.0,0,1000.0,1000.0,1000.0,0.0,0.0,0,0.0
BTC/USDT,2026-01-20 13:00:00,HOLD,1.0,0.00821,1,1,True,0,HOLD,,0.00821,,,,,0.0,0.0,0.0,0.0,0,1000.0,1000.0,1000.0,0.0,0.0,0,0.0
BTC/USDT,2026-01-20 14:00:00,HOLD,1.0,0.009848,1,0,False,0,HOLD,,0.009848,,,,,0.0,0.0,0.0,0.0,0,1000.0,1000.0,1000.0,0.0,0.0,0,0.0
BTC/USDT,2026-01-20 15:00:00,HOLD,1.0,0.009254,1,1,True,0,HOLD,,0.009254,,,,,0.0,0.0,0.0,0.0,0,1000.0,1000.0,1000.0,0.0,0.0,0,0.0
BTC/USDT,2026-01-20 16:00:00,HOLD,1.0,0.011337,1,0,False,0,HOLD,,0.011337,,,,,0.0,0.0,0.0,0.0,0,1000.0,1000.0,1000.0,0.0,0.0,0,0.0
BTC/USDT,2026-01-20 17:00:00,HOLD,1.0,0.007412,1,0,False,0,HOLD,,0.007412,,,,,0.0,0.0,0.0,0.0,0,1000.0,1000.0,1000.0,0.0,0.0,0,0.0
BTC/USDT,2026-01-20 18:00:00,HOLD,1.0,0.007235,1,1,True,0,HOLD,,0.007235,,,,,0.0,0.0,0.0,0.0,0,1000.0,1000.0,1000.0,0.0,0.0,0,0.0
BTC/USDT,2026-01-20 19:00:00,HOLD,1.0,0.011068,1,1,True,0,HOLD,,0.011068,,,,,0.0,0.0,0.0,0.0,0,1000.0,1000.0,1000.0,0.0,0.0,0,0.0
BTC/USDT,2026-01-20 20:00:00,HOLD,1.0,0.016313,1,1,True,0,HOLD,,0.016313,,,,,0.0,0.0,0.0,0.0,0,1000.0,1000.0,1000.0,0.0,0.0,0,0.0
BTC/USDT,2026-01-20 21:00:00,HOLD,1.0,0.016682,1,1,True,0,HOLD,,0.016682,,,,,0.0,0.0,0.0,0.0,0,1000.0,1000.0,1000.0,0.0,0.0,0,0.0
BTC/USDT,2026-01-20 22:00:00,HOLD,1.0,0.016738,1,0,False,0,HOLD,,0.016738,,,,,0.0,0.0,0.0,0.0,0,1000.0,1000.0,1000.0,0.0,0.0,0,0.0
BTC/USDT,2026-01-20 23:00:00,HOLD,1.0,0.011632,1,0,False,0,HOLD,,0.011632,,,,,0.0,0.0,0.0,0.0,0,1000.0,1000.0,1000.0,0.0,0.0,0,0.0
BTC/USDT,2026-01-21 00:00:00,HOLD,1.0,0.010681,1,1,True,0,HOLD,,0.010681,,,,,0.0,0.0,0.0,0.0,0,1000.0,1000.0,1000.0,0.0,0.0,0,0.0
BTC/USDT,2026-01-21 01:00:00,HOLD,1.0,0.01204,1,1,True,0,HOLD,,0.01204,,,,,0.0,0.0,0.0,0.0,0,1000.0,1000.0,1000.0,0.0,0.0,0,0.0
BTC/USDT,2026-01-21 02:00:00,HOLD,1.0,0.013592,1,0,False,0,HOLD,,0.013592,,,,,0.0,0.0,0.0,0.0,0,1000.0,1000.0,1000.0,0.0,0.0,0,0.0
BTC/USDT,2026-01-21 03:00:00,HOLD,1.0,0.006639,1,1,True,0,HOLD,,0.006639,,,,,0.0,0.0,0.0,0.0,0,1000.0,1000.0,1000.0,0.0,0.0,0,0.0
BTC/USDT,2026-01-21 04:00:00,HOLD,1.0,0.00867,1,1,True,0,HOLD,,0.00867,,,,,0.0,0.0,0.0,0.0,0,1000.0,1000.0,1000.0,0.0,0.0,0,0.0
BTC/USDT,2026-01-21 05:00:00,HOLD,1.0,0.008937,1,0,False,0,HOLD,,0.008937,,,,,0.0,0.0,0.0,0.0,0,1000.0,1000.0,1000.0,0.0,0.0,0,0.0
BTC/USDT,2026-01-21 06:00:00,HOLD,1.0,0.007181,1,0,False,0,HOLD,,0.007181,,,,,0.0,0.0,0.0,0.0,0,1000.0,1000.0,1000.0,0.0,0.0,0,0.0
BTC/USDT,2026-01-21 07:00:00,HOLD,1.0,0.005026,1,0,False,0,HOLD,,0.005026,,,,,0.0,0.0,0.0,0.0,0,1000.0,1000.0,1000.0,0.0,0.0,0,0.0
BTC/USDT,2026-01-21 08:00:00,HOLD,1.0,0.004905,1,1,True,0,HOLD,,0.004905,,,,,0.0,0.0,0.0,0.0,0,1000.0,1000.0,1000.0,0.0,0.0,0,0.0
BTC/USDT,2026-01-21 09:00:00,HOLD,1.0,0.007163,1,0,False,0,HOLD,,0.007163,,,,,0.0,0.0,0.0,0.0,0,1000.0,1000.0,1000.0,0.0,0.0,0,0.0
BTC/USDT,2026-01-21 10:00:00,HOLD,1.0,0.005609,1,1,True,0,HOLD,,0.005609,,,,,0.0,0.0,0.0,0.0,0,1000.0,1000.0,1000.0,0.0,0.0,0,0.0
BTC/USDT,2026-01-21 11:00:00,HOLD,1.0,0.006439,1,0,False,0,HOLD,,0.006439,,,,,0.0,0.0,0.0,0.0,0,1000.0,1000.0,1000.0,0.0,0.0,0,0.0
BTC/USDT,2026-01-21 12:00:00,HOLD,1.0,0.003577,1,0,False,0,HOLD,,0.003577,,,,,0.0,0.0,0.0,0.0,0,1000.0,1000.0,1000.0,0.0,0.0,0,0.0
BTC/USDT,2026-01-21 13:00:00,HOLD,1.0,0.002416,1,1,True,0,HOLD,,0.002416,,,,,0.0,0.0,0.0,0.0,0,1000.0,1000.0,1000.0,0.0,0.0,0,0.0
BTC/USDT,2026-01-21 14:00:00,HOLD,1.0,0.002541,1,0,False,0,HOLD,,0.002541,,,,,0.0,0.0,0.0,0.0,0,1000.0,1000.0,1000.0,0.0,0.0,0,0.0
BTC/USDT,2026-01-21 15:00:00,HOLD,1.0,0.002076,1,0,False,0,HOLD,,0.002076,,,,,0.0,0.0,0.0,0.0,0,1000.0,1000.0,1000.0,0.0,0.0,0,0.0
BTC/USDT,2026-01-21 16:00:00,HOLD,1.0,0.001472,1,1,True,0,HOLD,,0.001472,,,,,0.0,0.0,0.0,0.0,0,1000.0,1000.0,1000.0,0.0,0.0,0,0.0
BTC/USDT,2026-01-21 17:00:00,HOLD,1.0,0.002992,1,0,False,0,HOLD,,0.002992,,,,,0.0,0.0,0.0,0.0,0,1000.0,1000.0,1000.0,0.0,0.0,0,0.0
BTC/USDT,2026-01-21 18:00:00,HOLD,1.0,0.002906,1,0,False,0,HOLD,,0.002906,,,,,0.0,0.0,0.0,0.0,0,1000.0,1000.0,1000.0,0.0,0.0,0,0.0
BTC/USDT,2026-01-21 19:00:00,HOLD,1.0,0.002161,1,0,False,0,HOLD,,0.002161,,,,,0.0,0.0,0.0,0.0,0,1000.0,1000.0,1000.0,0.0,0.0,0,0.0
BTC/USDT,2026-01-21 20:00:00,HOLD,1.0,0.002028,1,1,True,0,HOLD,,0.002028,,,,,0.0,0.0,0.0,0.0,0,1000.0,1000.0,1000.0,0.0,0.0,0,0.0
BTC/USDT,2026-01-21 21:00:00,HOLD,1.0,0.003358,1,0,False,0,HOLD,,0.003358,,,,,0.0,0.0,0.0,0.0,0,1000.0,1000.0,1000.0,0.0,0.0,0,0.0
BTC/USDT,2026-01-21 22:00:00,HOLD,1.0,0.002609,1,0,False,0,HOLD,,0.002609,,,,,0.0,0.0,0.0,0.0,0,1000.0,1000.0,1000.0,0.0,0.0,0,0.0
BTC/USDT,2026-01-21 23:00:00,HOLD,1.0,0.002532,1,1,True,0,HOLD,,0.002532,,,,,0.0,0.0,0.0,0.0,0,1000.0,1000.0,1000.0,0.0,0.0,0,0.0
BTC/USDT,2026-01-22 00:00:00,HOLD,1.0,0.007377,1,1,True,0,HOLD,,0.007377,,,,,0.0,0.0,0.0,0.0,0,1000.0,1000.0,1000.0,0.0,0.0,0,0.0
BTC/USDT,2026-01-22 01:00:00,HOLD,1.0,0.008013,1,0,False,0,HOLD,,0.008013,,,,,0.0,0.0,0.0,0.0,0,1000.0,1000.0,1000.0,0.0,0.0,0,0.0
BTC/USDT,2026-01-22 02:00:00,HOLD,1.0,0.008009,1,0,False,0,HOLD,,0.008009,,,,,0.0,0.0,0.0,0.0,0,1000.0,1000.0,1000.0,0.0,0.0,0,0.0
BTC/USDT,2026-01-22 03:00:00,HOLD,1.0,0.005611,1,1,True,0,HOLD,,0.005611,,,,,0.0,0.0,0.0,0.0,0,1000.0,1000.0,1000.0,0.0,0.0,0,0.0
BTC/USDT,2026-01-22 04:00:00,HOLD,1.0,0.006629,1,1,True,0,HOLD,,0.006629,,,,,0.0,0.0,0.0,0.0,0,1000.0,1000.0,1000.0,0.0,0.0,0,0.0
BTC/USDT,2026-01-22 05:00:00,HOLD,1.0,0.007941,1,1,True,0,HOLD,,0.007941,,,,,0.0,0.0,0.0,0.0,0,1000.0,1000.0,1000.0,0.0,0.0,0,0.0
BTC/USDT,2026-01-22 06:00:00,HOLD,1.0,0.010813,1,0,False,0,HOLD,,0.010813,,,,,0.0,0.0,0.0,0.0,0,1000.0,1000.0,1000.0,0.0,0.0,0,0.0
BTC/USDT,2026-01-22 07:00:00,HOLD,1.0,0.007478,1,0,False,0,HOLD,,0.007478,,,,,0.0,0.0,0.0,0.0,0,1000.0,1000.0,1000.0,0.0,0.0,0,0.0
BTC/USDT,2026-01-22 08:00:00,HOLD,1.0,0.006984,1,0,False,0,HOLD,,0.006984,,,,,0.0,0.0,0.0,0.0,0,1000.0,1000.0,1000.0,0.0,0.0,0,0.0
BTC/USDT,2026-01-22 09:00:00,HOLD,1.0,0.006046,1,0,False,0,HOLD,,0.006046,,,,,0.0,0.0,0.0,0.0,0,1000.0,1000.0,1000.0,0.0,0.0,0,0.0
BTC/USDT,2026-01-22 10:00:00,HOLD,1.0,0.004206,1,0,False,0,HOLD,,0.004206,,,,,0.0,0.0,0.0,0.0,0,1000.0,1000.0,1000.0,0.0,0.0,0,0.0
BTC/USDT,2026-01-22 11:00:00,HOLD,1.0,0.003899,1,0,False,0,HOLD,,0.003899,,,,,0.0,0.0,0.0,0.0,0,1000.0,1000.0,1000.0,0.0,0.0,0,0.0
BTC/USDT,2026-01-22 12:00:00,HOLD,1.0,0.002782,1,0,False,0,HOLD,,0.002782,,,,,0.0,0.0,0.0,0.0,0,1000.0,1000.0,1000.0,0.0,0.0,0,0.0
BTC/USDT,2026-01-22 13:00:00,HOLD,1.0,0.001794,1,1,True,0,HOLD,,0.001794,,,,,0.0,0.0,0.0,0.0,0,1000.0,1000.0,1000.0,0.0,0.0,0,0.0
BTC/USDT,2026-01-22 14:00:00,HOLD,1.0,0.002274,1,0,False,0,HOLD,,0.002274,,,,,0.0,0.0,0.0,0.0,0,1000.0,1000.0,1000.0,0.0,0.0,0,0.0
BTC/USDT,2026-01-22 15:00:00,HOLD,1.0,0.001981,1,0,False,0,HOLD,,0.001981,,,,,0.0,0.0,0.0,0.0,0,1000.0,1000.0,1000.0,0.0,0.0,0,0.0
BTC/USDT,2026-01-22 16:00:00,HOLD,1.0,0.001587,1,1,True,0,HOLD,,0.001587,,,,,0.0,0.0,0.0,0.0,0,1000.0,1000.0,1000.0,0.0,0.0,0,0.0
BTC/USDT,2026-01-22 17:00:00,HOLD,1.0,0.002303,1,1,True,0,HOLD,,0.002303,,,,,0.0,0.0,0.0,0.0,0,1000.0,1000.0,1000.0,0.0,0.0,0,0.0
BTC/USDT,2026-01-22 18:00:00,HOLD,1.0,0.002782,1,0,False,0,HOLD,,0.002782,,,,,0.0,0.0,0.0,0.0,0,1000.0,1000.0,1000.0,0.0,0.0,0,0.0
BTC/USDT,2026-01-22 19:00:00,HOLD,1.0,0.001486,1,1,True,0,HOLD,,0.001486,,,,,0.0,0.0,0.0,0.0,0,1000.0,1000.0,1000.0,0.0,0.0,0,0.0
BTC/USDT,2026-01-22 20:00:00,HOLD,1.0,0.00169,1,1,True,0,HOLD,,0.00169,,,,,0.0,0.0,0.0,0.0,0,1000.0,1000.0,1000.0,0.0,0.0,0,0.0
BTC/USDT,2026-01-22 21:00:00,HOLD,1.0,0.001923,1,0,False,0,HOLD,,0.001923,,,,,0.0,0.0,0.0,0.0,0,1000.0,1000.0,1000.0,0.0,0.0,0,0.0
BTC/USDT,2026-01-22 22:00:00,HOLD,1.0,0.001762,1,0,False,0,HOLD,,0.001762,,,,,0.0,0.0,0.0,0.0,0,1000.0,1000.0,1000.0,0.0,0.0,0,0.0
BTC/USDT,2026-01-22 23:00:00,HOLD,1.0,0.0016,1,0,False,0,HOLD,,0.0016,,,,,0.0,0.0,0.0,0.0,0,1000.0,1000.0,1000.0,0.0,0.0,0,0.0
BTC/USDT,2026-01-23 00:00:00,HOLD,1.0,0.000976,1,1,True,0,HOLD,,0.000976,,,,,0.0,0.0,0.0,0.0,0,1000.0,1000.0,1000.0,0.0,0.0,0,0.0
BTC/USDT,2026-01-23 01:00:00,HOLD,1.0,0.001829,1,0,False,0,HOLD,,0.001829,,,,,0.0,0.0,0.0,0.0,0,1000.0,1000.0,1000.0,0.0,0.0,0,0.0
BTC/USDT,2026-01-23 02:00:00,HOLD,1.0,0.001701,1,1,True,0,HOLD,,0.001701,,,,,0.0,0.0,0.0,0.0,0,1000.0,1000.0,1000.0,0.0,0.0,0,0.0
BTC/USDT,2026-01-23 03:00:00,HOLD,1.0,0.001886,1,0,False,0,HOLD,,0.001886,,,,,0.0,0.0,0.0,0.0,0,1000.0,1000.0,1000.0,0.0,0.0,0,0.0
BTC/USDT,2026-01-23 04:00:00,HOLD,1.0,0.001782,1,0,False,0,HOLD,,0.001782,,,,,0.0,0.0,0.0,0.0,0,1000.0,1000.0,1000.0,0.0,0.0,0,0.0
BTC/USDT,2026-01-23 05:00:00,HOLD,1.0,0.001435,1,1,True,0,HOLD,,0.001435,,,,,0.0,0.0,0.0,0.0,0,1000.0,1000.0,1000.0,0.0,0.0,0,0.0
BTC/USDT,2026-01-23 06:00:00,HOLD,1.0,0.001852,1,1,True,0,HOLD,,0.001852,,,,,0.0,0.0,0.0,0.0,0,1000.0,1000.0,1000.0,0.0,0.0,0,0.0
BTC/USDT,2026-01-23 07:00:00,HOLD,1.0,0.001936,1,1,True,0,HOLD,,0.001936,,,,,0.0,0.0,0.0,0.0,0,1000.0,1000.0,1000.0,0.0,0.0,0,0.0
BTC/USDT,2026-01-23 08:00:00,HOLD,1.0,0.002847,1,0,False,0,HOLD,,0.002847,,,,,0.0,0.0,0.0,0.0,0,1000.0,1000.0,1000.0,0.0,0.0,0,0.0
BTC/USDT,2026-01-23 09:00:00,HOLD,1.0,0.002088,1,1,True,0,HOLD,,0.002088,,,,,0.0,0.0,0.0,0.0,0,1000.0,1000.0,1000.0,0.0,0.0,0,0.0
BTC/USDT,2026-01-23 10:00:00,HOLD,1.0,0.003385,1,1,True,0,HOLD,,0.003385,,,,,0.0,0.0,0.0,0.0,0,1000.0,1000.0,1000.0,0.0,0.0,0,0.0
BTC/USDT,2026-01-23 11:00:00,HOLD,1.0,0.005735,1,0,False,0,HOLD,,0.005735,,,,,0.0,0.0,0.0,0.0,0,1000.0,1000.0,1000.0,0.0,0.0,0,0.0
BTC/USDT,2026-01-23 12:00:00,HOLD,1.0,0.003673,1,0,False,0,HOLD,,0.003673,,,,,0.0,0.0,0.0,0.0,0,1000.0,1000.0,1000.0,0.0,0.0,0,0.0
BTC/USDT,2026-01-23 13:00:00,HOLD,1.0,0.002387,1,1,True,0,HOLD,,0.002387,,,,,0.0,0.0,0.0,0.0,0,1000.0,1000.0,1000.0,0.0,0.0,0,0.0
BTC/USDT,2026-01-23 14:00:00,HOLD,1.0,0.002602,1,1,True,0,HOLD,,0.002602,,,,,0.0,0.0,0.0,0.0,0,1000.0,1000.0,1000.0,0.0,0.0,0,0.0
BTC/USDT,2026-01-23 15:00:00,HOLD,1.0,0.003579,1,1,True,0,HOLD,,0.003579,,,,,0.0,0.0,0.0,0.0,0,1000.0,1000.0,1000.0,0.0,0.0,0,0.0
BTC/USDT,2026-01-23 16:00:00,HOLD,1.0,0.0043,1,0,False,0,HOLD,,0.0043,,,,,0.0,0.0,0.0,0.0,0,1000.0,1000.0,1000.0,0.0,0.0,0,0.0
BTC/USDT,2026-01-23 17:00:00,HOLD,1.0,0.004146,1,0,False,0,HOLD,,0.004146,,,,,0.0,0.0,0.0,0.0,0,1000.0,1000.0,1000.0,0.0,0.0,0,0.0
BTC/USDT,2026-01-23 18:00:00,HOLD,1.0,0.00201,1,0,False,0,HOLD,,0.00201,,,,,0.0,0.0,0.0,0.0,0,1000.0,1000.0,1000.0,0.0,0.0,0,0.0
BTC/USDT,2026-01-23 19:00:00,HOLD,1.0,0.001534,1,1,True,0,HOLD,,0.001534,,,,,0.0,0.0,0.0,0.0,0,1000.0,1000.0,1000.0,0.0,0.0,0,0.0
BTC/USDT,2026-01-23 20:00:00,HOLD,1.0,0.002283,1,1,True,0,HOLD,,0.002283,,,,,0.0,0.0,0.0,0.0,0,1000.0,1000.0,1000.0,0.0,0.0,0,0.0
BTC/USDT,2026-01-23 21:00:00,HOLD,1.0,0.002812,1,0,False,0,HOLD,,0.002812,,,,,0.0,0.0,0.0,0.0,0,1000.0,1000.0,1000.0,0.0,0.0,0,0.0
BTC/USDT,2026-01-23 22:00:00,HOLD,1.0,0.001476,1,0,False,0,HOLD,,0.001476,,,,,0.0,0.0,0.0,0.0,0,1000.0,1000.0,1000.0,0.0,0.0,0,0.0
BTC/USDT,2026-01-23 23:00:00,HOLD,1.0,0.00126,1,1,True,0,HOLD,,0.00126,,,,,0.0,0.0,0.0,0.0,0,1000.0,1000.0,1000.0,0.0,0.0,0,0.0
BTC/USDT,2026-01-24 00:00:00,HOLD,1.0,0.002406,1,1,True,0,HOLD,,0.002406,,,,,0.0,0.0,0.0,0.0,0,1000.0,1000.0,1000.0,0.0,0.0,0,0.0
BTC/USDT,2026-01-24 01:00:00,HOLD,1.0,0.002742,1,1,True,0,HOLD,,0.002742,,,,,0.0,0.0,0.0,0.0,0,1000.0,1000.0,1000.0,0.0,0.0,0,0.0
BTC/USDT,2026-01-24 02:00:00,HOLD,1.0,0.003751,1,1,True,0,HOLD,,0.003751,,,,,0.0,0.0,0.0,0.0,0,1000.0,1000.0,1000.0,0.0,0.0,0,0.0
BTC/USDT,2026-01-24 03:00:00,HOLD,1.0,0.004258,1,0,False,0,HOLD,,0.004258,,,,,0.0,0.0,0.0,0.0,0,1000.0,1000.0,1000.0,0.0,0.0,0,0.0
BTC/USDT,2026-01-24 04:00:00,HOLD,1.0,0.003291,1,1,True,0,HOLD,,0.003291,,,,,0.0,0.0,0.0,0.0,0,1000.0,1000.0,1000.0,0.0,0.0,0,0.0
BTC/USDT,2026-01-24 05:00:00,HOLD,1.0,0.005996,1,0,False,0,HOLD,,0.005996,,,,,0.0,0.0,0.0,0.0,0,1000.0,1000.0,1000.0,0.0,0.0,0,0.0
BTC/USDT,2026-01-24 06:00:00,HOLD,1.0,0.004452,1,1,True,0,HOLD,,0.004452,,,,,0.0,0.0,0.0,0.0,0,1000.0,1000.0,1000.0,0.0,0.0,0,0.0
BTC/USDT,2026-01-24 07:00:00,HOLD,1.0,0.009738,1,1,True,0,HOLD,,0.009738,,,,,0.0,0.0,0.0,0.0,0,1000.0,1000.0,1000.0,0.0,0.0,0,0.0
BTC/USDT,2026-01-24 08:00:00,HOLD,1.0,0.015294,1,0,False,0,HOLD,,0.015294,,,,,0.0,0.0,0.0,0.0,0,1000.0,1000.0,1000.0,0.0,0.0,0,0.0
BTC/USDT,2026-01-24 09:00:00,HOLD,1.0,0.015097,1,1,True,0,HOLD,,0.015097,,,,,0.0,0.0,0.0,0.0,0,1000.0,1000.0,1000.0,0.0,0.0,0,0.0
BTC/USDT,2026-01-24 10:00:00,HOLD,1.0,0.017049,1,0,False,0,HOLD,,0.017049,,,,,0.0,0.0,0.0,0.0,0,1000.0,1000.0,1000.0,0.0,0.0,0,0.0
BTC/USDT,2026-01-24 11:00:00,HOLD,1.0,0.013304,1,1,True,0,HOLD,,0.013304,,,,,0.0,0.0,0.0,0.0,0,1000.0,1000.0,1000.0,0.0,0.0,0,0.0
BTC/USDT,2026-01-24 12:00:00,HOLD,1.0,0.019277,1,1,True,0,HOLD,,0.019277,,,,,0.0,0.0,0.0,0.0,0,1000.0,1000.0,1000.0,0.0,0.0,0,0.0
BTC/USDT,2026-01-24 13:00:00,HOLD,1.0,0.034727,1,0,False,0,HOLD,,0.034727,,,,,0.0,0.0,0.0,0.0,0,1000.0,1000.0,1000.0,0.0,0.0,0,0.0
BTC/USDT,2026-01-24 14:00:00,HOLD,1.0,0.031504,1,1,True,0,HOLD,,0.031504,,,,,0.0,0.0,0.0,0.0,0,1000.0,1000.0,1000.0,0.0,0.0,0,0.0
BTC/USDT,2026-01-24 15:00:00,HOLD,1.0,0.039717,1,0,False,0,HOLD,,0.039717,,,,,0.0,0.0,0.0,0.0,0,1000.0,1000.0,1000.0,0.0,0.0,0,0.0
BTC/USDT,2026-01-24 16:00:00,HOLD,1.0,0.028279,1,0,False,0,HOLD,,0.028279,,,,,0.0,0.0,0.0,0.0,0,1000.0,1000.0,1000.0,0.0,0.0,0,0.0
BTC/USDT,2026-01-24 17:00:00,HOLD,1.0,0.026708,1,1,True,0,HOLD,,0.026708,,,,,0.0,0.0,0.0,0.0,0,1000.0,1000.0,1000.0,0.0,0.0,0,0.0
BTC/USDT,2026-01-24 18:00:00,HOLD,1.0,0.037133,1,1,True,0,HOLD,,0.037133,,,,,0.0,0.0,0.0,0.0,0,1000.0,1000.0,1000.0,0.0,0.0,0,0.0
BTC/USDT,2026-01-24 19:00:00,HOLD,1.0,0.055892,1,1,True,0,HOLD,,0.055892,,,,,0.0,0.0,0.0,0.0,0,1000.0,1000.0,1000.0,0.0,0.0,0,0.0
BTC/USDT,2026-01-24 20:00:00,HOLD,1.0,0.060785,1,0,False,0,HOLD,,0.060785,,,,,0.0,0.0,0.0,0.0,0,1000.0,1000.0,1000.0,0.0,0.0,0,0.0
BTC/USDT,2026-01-24 21:00:00,HOLD,1.0,0.036794,1,0,False,0,HOLD,,0.036794,,,,,0.0,0.0,0.0,0.0,0,1000.0,1000.0,1000.0,0.0,0.0,0,0.0
BTC/USDT,2026-01-24 22:00:00,HOLD,1.0,0.027978,1,1,True,0,HOLD,,0.027978,,,,,0.0,0.0,0.0,0.0,0,1000.0,1000.0,1000.0,0.0,0.0,0,0.0
BTC/USDT,2026-01-24 23:00:00,HOLD,1.0,0.046378,1,0,False,0,HOLD,,0.046378,,,,,0.0,0.0,0.0,0.0,0,1000.0,1000.0,1000.0,0.0,0.0,0,0.0
BTC/USDT,2026-01-25 00:00:00,HOLD,1.0,0.035284,1,1,True,0,HOLD,,0.035284,,,,,0.0,0.0,0.0,0.0,0,1000.0,1000.0,1000.0,0.0,0.0,0,0.0
BTC/USDT,2026-01-25 01:00:00,HOLD,1.0,0.042428,1,1,True,0,HOLD,,0.042428,,,,,0.0,0.0,0.0,0.0,0,1000.0,1000.0,1000.0,0.0,0.0,0,0.0
BTC/USDT,2026-01-25 02:00:00,HOLD,1.0,0.048237,1,1,True,0,HOLD,,0.048237,,,,,0.0,0.0,0.0,0.0,0,1000.0,1000.0,1000.0,0.0,0.0,0,0.0
BTC/USDT,2026-01-25 03:00:00,HOLD,1.0,0.081665,1,0,False,0,HOLD,,0.081665,,,,,0.0,0.0,0.0,0.0,0,1000.0,1000.0,1000.0,0.0,0.0,0,0.0
BTC/USDT,2026-01-25 04:00:00,HOLD,1.0,0.058244,1,1,True,0,HOLD,,0.058244,,,,,0.0,0.0,0.0,0.0,0,1000.0,1000.0,1000.0,0.0,0.0,0,0.0
BTC/USDT,2026-01-25 05:00:00,HOLD,1.0,0.07744,1,1,True,0,HOLD,,0.07744,,,,,0.0,0.0,0.0,0.0,0,1000.0,1000.0,1000.0,0.0,0.0,0,0.0
BTC/USDT,2026-01-25 06:00:00,HOLD,1.0,0.109969,1,1,True,0,HOLD,,0.109969,,,,,0.0,0.0,0.0,0.0,0,1000.0,1000.0,1000.0,0.0,0.0,0,0.0
BTC/USDT,2026-01-25 07:00:00,HOLD,1.0,0.116755,1,0,False,0,HOLD,,0.116755,,,,,0.0,0.0,0.0,0.0,0,1000.0,1000.0,1000.0,0.0,0.0,0,0.0
BTC/USDT,2026-01-25 08:00:00,HOLD,1.0,0.065489,1,0,False,0,HOLD,,0.065489,,,,,0.0,0.0,0.0,0.0,0,1000.0,1000.0,1000.0,0.0,0.0,0,0.0
BTC/USDT,2026-01-25 09:00:00,HOLD,1.0,0.054526,1,1,True,0,HOLD,,0.054526,,,,,0.0,0.0,0.0,0.0,0,1000.0,1000.0,1000.0,0.0,0.0,0,0.0
BTC/USDT,2026-01-25 10:00:00,HOLD,1.0,0.082008,1,0,False,0,HOLD,,0.082008,,,,,0.0,0.0,0.0,0.0,0,1000.0,1000.0,1000.0,0.0,0.0,0,0.0
BTC/USDT,2026-01-25 11:00:00,HOLD,1.0,0.081325,1,1,True,0,HOLD,,0.081325,,,,,0.0,0.0,0.0,0.0,0,1000.0,1000.0,1000.0,0.0,0.0,0,0.0
BTC/USDT,2026-01-25 12:00:00,HOLD,1.0,0.08832,1,0,False,0,HOLD,,0.08832,,,,,0.0,0.0,0.0,0.0,0,1000.0,1000.0,1000.0,0.0,0.0,0,0.0
BTC/USDT,2026-01-25 13:00:00,HOLD,1.0,0.069787,1,1,True,0,HOLD,,0.069787,,,,,0.0,0.0,0.0,0.0,0,1000.0,1000.0,1000.0,0.0,0.0,0,0.0
BTC/USDT,2026-01-25 14:00:00,HOLD,1.0,0.088303,1,0,False,0,HOLD,,0.088303,,,,,0.0,0.0,0.0,0.0,0,1000.0,1000.0,1000.0,0.0,0.0,0,0.0
BTC/USDT,2026-01-25 15:00:00,HOLD,1.0,0.08681,1,0,False,0,HOLD,,0.08681,,,,,0.0,0.0,0.0,0.0,0,1000.0,1000.0,1000.0,0.0,0.0,0,0.0
BTC/USDT,2026-01-25 16:00:00,HOLD,1.0,0.083498,1,1,True,0,HOLD,,0.083498,,,,,0.0,0.0,0.0,0.0,0,1000.0,1000.0,1000.0,0.0,0.0,0,0.0
BTC/USDT,2026-01-25 17:00:00,HOLD,1.0,0.08686,1,0,False,0,HOLD,,0.08686,,,,,0.0,0.0,0.0,0.0,0,1000.0,1000.0,1000.0,0.0,0.0,0,0.0
BTC/USDT,2026-01-25 18:00:00,HOLD,1.0,0.078532,1,1,True,0,HOLD,,0.078532,,,,,0.0,0.0,0.0,0.0,0,1000.0,1000.0,1000.0,0.0,0.0,0,0.0
BTC/USDT,2026-01-25 19:00:00,HOLD,1.0,0.143413,1,1,True,0,HOLD,,0.143413,,,,,0.0,0.0,0.0,0.0,0,1000.0,1000.0,1000.0,0.0,0.0,0,0.0
BTC/USDT,2026-01-25 20:00:00,HOLD,1.0,0.246382,1,1,True,0,HOLD,,0.246382,,,,,0.0,0.0,0.0,0.0,0,1000.0,1000.0,1000.0,0.0,0.0,0,0.0
BTC/USDT,2026-01-25 21:00:00,HOLD,1.0,0.408544,1,1,True,0,HOLD,,0.408544,,,,,0.0,0.0,0.0,0.0,0,1000.0,1000.0,1000.0,0.0,0.0,0,0.0
BTC/USDT,2026-01-25 22:00:00,HOLD,1.0,0.445924,1,0,False,0,HOLD,,0.445924,,,,,0.0,0.0,0.0,0.0,0,1000.0,1000.0,1000.0,0.0,0.0,0,0.0
BTC/USDT,2026-01-25 23:00:00,HOLD,1.0,0.376205,1,1,True,0,HOLD,,0.376205,,,,,0.0,0.0,0.0,0.0,0,1000.0,1000.0,1000.0,0.0,0.0,0,0.0
BTC/USDT,2026-01-26 00:00:00,HOLD,1.0,0.475399,1,0,False,0,HOLD,,0.475399,,,,,0.0,0.0,0.0,0.0,0,1000.0,1000.0,1000.0,0.0,0.0,0,0.0
BTC/USDT,2026-01-26 01:00:00,HOLD,1.0,0.439452,1,1,True,0,HOLD,,0.439452,,,,,0.0,0.0,0.0,0.0,0,1000.0,1000.0,1000.0,0.0,0.0,0,0.0
BTC/USDT,2026-01-26 02:00:00,HOLD,1.0,0.558423,1,0,False,0,HOLD,,0.558423,,,,,0.0,0.0,0.0,0.0,0,1000.0,1000.0,1000.0,0.0,0.0,0,0.0
BTC/USDT,2026-01-26 03:00:00,HOLD,1.0,0.471319,1,1,True,0,HOLD,,0.471319,,,,,0.0,0.0,0.0,0.0,0,1000.0,1000.0,1000.0,0.0,0.0,0,0.0
BTC/USDT,2026-01-26 04:00:00,HOLD,1.0,0.519257,1,1,True,0,HOLD,,0.519257,,,,,0.0,0.0,0.0,0.0,0,1000.0,1000.0,1000.0,0.0,0.0,0,0.0
BTC/USDT,2026-01-26 05:00:00,HOLD,1.0,0.710385,1,0,False,0,HOLD,,0.710385,,,,,0.0,0.0,0.0,0.0,0,1000.0,1000.0,1000.0,0.0,0.0,0,0.0
BTC/USDT,2026-01-26 06:00:00,HOLD,1.0,0.658856,1,0,False,0,HOLD,,0.658856,,,,,0.0,0.0,0.0,0.0,0,1000.0,1000.0,1000.0,0.0,0.0,0,0.0
BTC/USDT,2026-01-26 07:00:00,HOLD,1.0,0.609691,1,0,False,0,HOLD,,0.609691,,,,,0.0,0.0,0.0,0.0,0,1000.0,1000.0,1000.0,0.0,0.0,0,0.0
BTC/USDT,2026-01-26 08:00:00,HOLD,1.0,0.393411,1,0,False,0,HOLD,,0.393411,,,,,0.0,0.0,0.0,0.0,0,1000.0,1000.0,1000.0,0.0,0.0,0,0.0
BTC/USDT,2026-01-26 09:00:00,HOLD,1.0,0.300457,1,1,True,0,HOLD,,0.300457,,,,,0.0,0.0,0.0,0.0,0,1000.0,1000.0,1000.0,0.0,0.0,0,0.0
BTC/USDT,2026-01-26 10:00:00,HOLD,1.0,0.365404,1,1,True,0,HOLD,,0.365404,,,,,0.0,0.0,0.0,0.0,0,1000.0,1000.0,1000.0,0.0,0.0,0,0.0
BTC/USDT,2026-01-26 11:00:00,HOLD,1.0,0.525241,1,1,True,0,HOLD,,0.525241,,,,,0.0,0.0,0.0,0.0,0,1000.0,1000.0,1000.0,0.0,0.0,0,0.0
BTC/USDT,2026-01-26 12:00:00,HOLD,1.0,0.776392,1,1,True,0,HOLD,,0.776392,,,,,0.0,0.0,0.0,0.0,0,1000.0,1000.0,1000.0,0.0,0.0,0,0.0
BTC/USDT,2026-01-26 13:00:00,HOLD,1.0,0.980495,1,1,True,0,HOLD,,0.980495,,,,,0.0,0.0,0.0,0.0,0,1000.0,1000.0,1000.0,0.0,0.0,0,0.0
BTC/USDT,2026-01-26 14:00:00,HOLD,1.0,0.982119,1,1,True,0,HOLD,,0.982119,,,,,0.0,0.0,0.0,0.0,0,1000.0,1000.0,1000.0,0.0,0.0,0,0.0
BTC/USDT,2026-01-26 15:00:00,HOLD,1.0,1.419333,1,1,True,0,HOLD,,1.419333,,,,,0.0,0.0,0.0,0.0,0,1000.0,1000.0,1000.0,0.0,0.0,0,0.0
BTC/USDT,2026-01-26 16:00:00,HOLD,1.0,1.434049,1,1,True,0,HOLD,,1.434049,,,,,0.0,0.0,0.0,0.0,0,1000.0,1000.0,1000.0,0.0,0.0,0,0.0
BTC/USDT,2026-01-26 17:00:00,HOLD,1.0,1.703112,1,1,True,0,HOLD,,1.703112,,,,,0.0,0.0,0.0,0.0,0,1000.0,1000.0,1000.0,0.0,0.0,0,0.0
BTC/USDT,2026-01-26 18:00:00,HOLD,1.0,2.635087,1,1,True,0,HOLD,,2.635087,,,,,0.0,0.0,0.0,0.0,0,1000.0,1000.0,1000.0,0.0,0.0,0,0.0
BTC/USDT,2026-01-26 19:00:00,HOLD,1.0,3.589105,1,0,False,0,HOLD,,3.589105,,,,,0.0,0.0,0.0,0.0,0,1000.0,1000.0,1000.0,0.0,0.0,0,0.0
BTC/USDT,2026-01-26 20:00:00,HOLD,1.0,2.0388,1,1,True,0,HOLD,,2.0388,,,,,0.0,0.0,0.0,0.0,0,1000.0,1000.0,1000.0,0.0,0.0,0,0.0
BTC/USDT,2026-01-26 21:00:00,HOLD,1.0,2.82329,1,0,False,0,HOLD,,2.82329,,,,,0.0,0.0,0.0,0.0,0,1000.0,1000.0,1000.0,0.0,0.0,0,0.0
BTC/USDT,2026-01-26 22:00:00,HOLD,1.0,1.897506,1,0,False,0,HOLD,,1.897506,,,,,0.0,0.0,0.0,0.0,0,1000.0,1000.0,1000.0,0.0,0.0,0,0.0
BTC/USDT,2026-01-26 23:00:00,HOLD,1.0,1.275652,1,0,False,0,HOLD,,1.275652,,,,,0.0,0.0,0.0,0.0,0,1000.0,1000.0,1000.0,0.0,0.0,0,0.0
BTC/USDT,2026-01-27 00:00:00,HOLD,1.0,1.259481,1,0,False,0,HOLD,,1.259481,,,,,0.0,0.0,0.0,0.0,0,1000.0,1000.0,1000.0,0.0,0.0,0,0.0
BTC/USDT,2026-01-27 01:00:00,HOLD,1.0,1.032432,1,1,True,0,HOLD,,1.032432,,,,,0.0,0.0,0.0,0.0,0,1000.0,1000.0,1000.0,0.0,0.0,0,0.0
BTC/USDT,2026-01-27 02:00:00,HOLD,1.0,1.065179,1,1,True,0,HOLD,,1.065179,,,,,0.0,0.0,0.0,0.0,0,1000.0,1000.0,1000.0,0.0,0.0,0,0.0
BTC/USDT,2026-01-27 03:00:00,HOLD,1.0,2.215975,1,1,True,0,HOLD,,2.215975,,,,,0.0,0.0,0.0,0.0,0,1000.0,1000.0,1000.0,0.0,0.0,0,0.0
BTC/USDT,2026-01-27 04:00:00,HOLD,1.0,2.462757,1,1,True,0,HOLD,,2.462757,,,,,0.0,0.0,0.0,0.0,0,1000.0,1000.0,1000.0,0.0,0.0,0,0.0
BTC/USDT,2026-01-27 05:00:00,HOLD,1.0,3.482911,1,0,False,0,HOLD,,3.482911,,,,,0.0,0.0,0.0,0.0,0,1000.0,1000.0,1000.0,0.0,0.0,0,0.0
BTC/USDT,2026-01-27 06:00:00,HOLD,1.0,2.76471,1,0,False,0,HOLD,,2.76471,,,,,0.0,0.0,0.0,0.0,0,1000.0,1000.0,1000.0,0.0,0.0,0,0.0
BTC/USDT,2026-01-27 07:00:00,HOLD,1.0,2.694591,1,1,True,0,HOLD,,2.694591,,,,,0.0,0.0,0.0,0.0,0,1000.0,1000.0,1000.0,0.0,0.0,0,0.0
BTC/USDT,2026-01-27 08:00:00,HOLD,1.0,3.157015,1,0,False,0,HOLD,,3.157015,,,,,0.0,0.0,0.0,0.0,0,1000.0,1000.0,1000.0,0.0,0.0,0,0.0
BTC/USDT,2026-01-27 09:00:00,HOLD,1.0,2.086179,1,0,False,0,HOLD,,2.086179,,,,,0.0,0.0,0.0,0.0,0,1000.0,1000.0,1000.0,0.0,0.0,0,0.0
BTC/USDT,2026-01-27 10:00:00,HOLD,1.0,2.05215,1,0,False,0,HOLD,,2.05215,,,,,0.0,0.0,0.0,0.0,0,1000.0,1000.0,1000.0,0.0,0.0,0,0.0
BTC/USDT,2026-01-27 11:00:00,HOLD,1.0,1.637441,1,0,False,0,HOLD,,1.637441,,,,,0.0,0.0,0.0,0.0,0,1000.0,1000.0,1000.0,0.0,0.0,0,0.0
BTC/USDT,2026-01-27 12:00:00,HOLD,1.0,1.618887,1,1,True,0,HOLD,,1.618887,,,,,0.0,0.0,0.0,0.0,0,1000.0,1000.0,1000.0,0.0,0.0,0,0.0
BTC/USDT,2026-01-27 13:00:00,HOLD,1.0,1.711365,1,0,False,0,HOLD,,1.711365,,,,,0.0,0.0,0.0,0.0,0,1000.0,1000.0,1000.0,0.0,0.0,0,0.0
BTC/USDT,2026-01-27 14:00:00,HOLD,1.0,1.281708,1,0,False,0,HOLD,,1.281708,,,,,0.0,0.0,0.0,0.0,0,1000.0,1000.0,1000.0,0.0,0.0,0,0.0
BTC/USDT,2026-01-27 15:00:00,HOLD,1.0,0.892871,1,1,True,0,HOLD,,0.892871,,,,,0.0,0.0,0.0,0.0,0,1000.0,1000.0,1000.0,0.0,0.0,0,0.0
BTC/USDT,2026-01-27 16:00:00,HOLD,1.0,1.089103,1,1,True,0,HOLD,,1.089103,,,,,0.0,0.0,0.0,0.0,0,1000.0,1000.0,1000.0,0.0,0.0,0,0.0
BTC/USDT,2026-01-27 17:00:00,HOLD,1.0,1.742225,1,1,True,0,HOLD,,1.742225,,,,,0.0,0.0,0.0,0.0,0,1000.0,1000.0,1000.0,0.0,0.0,0,0.0
BTC/USDT,2026-01-27 18:00:00,HOLD,1.0,2.414846,1,0,False,0,HOLD,,2.414846,,,,,0.0,0.0,0.0,0.0,0,1000.0,1000.0,1000.0,0.0,0.0,0,0.0
BTC/USDT,2026-01-27 19:00:00,HOLD,1.0,2.28011,1,0,False,0,HOLD,,2.28011,,,,,0.0,0.0,0.0,0.0,0,1000.0,1000.0,1000.0,0.0,0.0,0,0.0
BTC/USDT,2026-01-27 20:00:00,HOLD,1.0,2.167938,1,1,True,0,HOLD,,2.167938,,,,,0.0,0.0,0.0,0.0,0,1000.0,1000.0,1000.0,0.0,0.0,0,0.0
BTC/USDT,2026-01-27 21:00:00,HOLD,1.0,2.585375,1,1,True,0,HOLD,,2.585375,,,,,0.0,0.0,0.0,0.0,0,1000.0,1000.0,1000.0,0.0,0.0,0,0.0
BTC/USDT,2026-01-27 22:00:00,HOLD,1.0,4.403648,1,1,True,0,HOLD,,4.403648,,,,,0.0,0.0,0.0,0.0,0,1000.0,1000.0,1000.0,0.0,0.0,0,0.0
BTC/USDT,2026-01-27 23:00:00,HOLD,1.0,6.088687,1,0,False,0,HOLD,,6.088687,,,,,0.0,0.0,0.0,0.0,0,1000.0,1000.0,1000.0,0.0,0.0,0,0.0
BTC/USDT,2026-01-28 00:00:00,HOLD,1.0,5.176898,1,0,False,0,HOLD,,5.176898,,,,,0.0,0.0,0.0,0.0,0,1000.0,1000.0,1000.0,0.0,0.0,0,0.0
BTC/USDT,2026-01-28 01:00:00,HOLD,1.0,4.553343,1,0,False,0,HOLD,,4.553343,,,,,0.0,0.0,0.0,0.0,0,1000.0,1000.0,1000.0,0.0,0.0,0,0.0
BTC/USDT,2026-01-28 02:00:00,HOLD,1.0,3.237818,1,1,True,0,HOLD,,3.237818,,,,,0.0,0.0,0.0,0.0,0,1000.0,1000.0,1000.0,0.0,0.0,0,0.0
BTC/USDT,2026-01-28 03:00:00,HOLD,1.0,3.976249,1,0,False,0,HOLD,,3.976249,,,,,0.0,0.0,0.0,0.0,0,1000.0,1000.0,1000.0,0.0,0.0,0,0.0
BTC/USDT,2026-01-28 04:00:00,HOLD,1.0,2.885703,1,0,False,0,HOLD,,2.885703,,,,,0.0,0.0,0.0,0.0,0,1000.0,1000.0,1000.0,0.0,0.0,0,0.0
BTC/USDT,2026-01-28 05:00:00,HOLD,1.0,2.429824,1,1,True,0,HOLD,,2.429824,,,,,0.0,0.0,0.0,0.0,0,1000.0,1000.0,1000.0,0.0,0.0,0,0.0
BTC/USDT,2026-01-28 06:00:00,HOLD,1.0,3.756172,1,1,True,0,HOLD,,3.756172,,,,,0.0,0.0,0.0,0.0,0,1000.0,1000.0,1000.0,0.0,0.0,0,0.0
BTC/USDT,2026-01-28 07:00:00,HOLD,1.0,4.801876,1,0,False,0,HOLD,,4.801876,,,,,0.0,0.0,0.0,0.0,0,1000.0,1000.0,1000.0,0.0,0.0,0,0.0
BTC/USDT,2026-01-28 08:00:00,HOLD,1.0,3.802027,1,0,False,0,HOLD,,3.802027,,,,,0.0,0.0,0.0,0.0,0,1000.0,1000.0,1000.0,0.0,0.0,0,0.0
BTC/USDT,2026-01-28 09:00:00,HOLD,1.0,2.984584,1,0,False,0,HOLD,,2.984584,,,,,0.0,0.0,0.0,0.0,0,1000.0,1000.0,1000.0,0.0,0.0,0,0.0
BTC/USDT,2026-01-28 10:00:00,HOLD,1.0,1.391874,1,0,False,0,HOLD,,1.391874,,,,,0.0,0.0,0.0,0.0,0,1000.0,1000.0,1000.0,0.0,0.0,0,0.0
BTC/USDT,2026-01-28 11:00:00,HOLD,1.0,1.174198,1,1,True,0,HOLD,,1.174198,,,,,0.0,0.0,0.0,0.0,0,1000.0,1000.0,1000.0,0.0,0.0,0,0.0
BTC/USDT,2026-01-28 12:00:00,HOLD,1.0,1.311063,1,1,True,0,HOLD,,1.311063,,,,,0.0,0.0,0.0,0.0,0,1000.0,1000.0,1000.0,0.0,0.0,0,0.0
BTC/USDT,2026-01-28 13:00:00,HOLD,1.0,1.573793,1,0,False,0,HOLD,,1.573793,,,,,0.0,0.0,0.0,0.0,0,1000.0,1000.0,1000.0,0.0,0.0,0,0.0
BTC/USDT,2026-01-28 14:00:00,HOLD,1.0,1.241184,1,0,False,0,HOLD,,1.241184,,,,,0.0,0.0,0.0,0.0,0,1000.0,1000.0,1000.0,0.0,0.0,0,0.0
BTC/USDT,2026-01-28 15:00:00,HOLD,1.0,0.631348,1,0,False,0,HOLD,,0.631348,,,,,0.0,0.0,0.0,0.0,0,1000.0,1000.0,1000.0,0.0,0.0,0,0.0
BTC/USDT,2026-01-28 16:00:00,HOLD,1.0,0.50126,1,0,False,0,HOLD,,0.50126,,,,,0.0,0.0,0.0,0.0,0,1000.0,1000.0,1000.0,0.0,0.0,0,0.0
BTC/USDT,2026-01-28 17:00:00,HOLD,1.0,0.37851,1,0,False,0,HOLD,,0.37851,,,,,0.0,0.0,0.0,0.0,0,1000.0,1000.0,1000.0,0.0,0.0,0,0.0
BTC/USDT,2026-01-28 18:00:00,HOLD,1.0,0.264359,1,1,True,0,HOLD,,0.264359,,,,,0.0,0.0,0.0,0.0,0,1000.0,1000.0,1000.0,0.0,0.0,0,0.0
BTC/USDT,2026-01-28 19:00:00,HOLD,1.0,0.2981,1,1,True,0,HOLD,,0.2981,,,,,0.0,0.0,0.0,0.0,0,1000.0,1000.0,1000.0,0.0,0.0,0,0.0
BTC/USDT,2026-01-28 20:00:00,HOLD,1.0,0.299127,1,0,False,0,HOLD,,0.299127,,,,,0.0,0.0,0.0,0.0,0,1000.0,1000.0,1000.0,0.0,0.0,0,0.0
BTC/USDT,2026-01-28 21:00:00,HOLD,1.0,0.249313,1,0,False,0,HOLD,,0.249313,,,,,0.0,0.0,0.0,0.0,0,1000.0,1000.0,1000.0,0.0,0.0,0,0.0
BTC/USDT,2026-01-28 22:00:00,HOLD,1.0,0.222004,1,1,True,0,HOLD,,0.222004,,,,,0.0,0.0,0.0,0.0,0,1000.0,1000.0,1000.0,0.0,0.0,0,0.0
BTC/USDT,2026-01-28 23:00:00,HOLD,1.0,0.328673,1,0,False,0,HOLD,,0.328673,,,,,0.0,0.0,0.0,0.0,0,1000.0,1000.0,1000.0,0.0,0.0,0,0.0
BTC/USDT,2026-01-29 00:00:00,HOLD,1.0,0.249746,1,1,True,0,HOLD,,0.249746,,,,,0.0,0.0,0.0,0.0,0,1000.0,1000.0,1000.0,0.0,0.0,0,0.0
BTC/USDT,2026-01-29 01:00:00,HOLD,1.0,0.298443,1,1,True,0,HOLD,,0.298443,,,,,0.0,0.0,0.0,0.0,0,1000.0,1000.0,1000.0,0.0,0.0,0,0.0
BTC/USDT,2026-01-29 02:00:00,HOLD,1.0,0.378776,1,0,False,0,HOLD,,0.378776,,,,,0.0,0.0,0.0,0.0,0,1000.0,1000.0,1000.0,0.0,0.0,0,0.0
BTC/USDT,2026-01-29 03:00:00,HOLD,1.0,0.25873,1,1,True,0,HOLD,,0.25873,,,,,0.0,0.0,0.0,0.0,0,1000.0,1000.0,1000.0,0.0,0.0,0,0.0
BTC/USDT,2026-01-29 04:00:00,HOLD,1.0,0.274126,1,0,False,0,HOLD,,0.274126,,,,,0.0,0.0,0.0,0.0,0,1000.0,1000.0,1000.0,0.0,0.0,0,0.0
BTC/USDT,2026-01-29 05:00:00,HOLD,1.0,0.271496,1,1,True,0,HOLD,,0.271496,,,,,0.0,0.0,0.0,0.0,0,1000.0,1000.0,1000.0,0.0,0.0,0,0.0
BTC/USDT,2026-01-29 06:00:00,HOLD,1.0,0.318147,1,1,True,0,HOLD,,0.318147,,,,,0.0,0.0,0.0,0.0,0,1000.0,1000.0,1000.0,0.0,0.0,0,0.0
BTC/USDT,2026-01-29 07:00:00,HOLD,1.0,0.331569,1,0,False,0,HOLD,,0.331569,,,,,0.0,0.0,0.0,0.0,0,1000.0,1000.0,1000.0,0.0,0.0,0,0.0
BTC/USDT,2026-01-29 08:00:00,HOLD,1.0,0.25038,1,0,False,0,HOLD,,0.25038,,,,,0.0,0.0,0.0,0.0,0,1000.0,1000.0,1000.0,0.0,0.0,0,0.0
BTC/USDT,2026-01-29 09:00:00,HOLD,1.0,0.144295,1,0,False,0,HOLD,,0.144295,,,,,0.0,0.0,0.0,0.0,0,1000.0,1000.0,1000.0,0.0,0.0,0,0.0
BTC/USDT,2026-01-29 10:00:00,HOLD,1.0,0.106751,1,1,True,0,HOLD,,0.106751,,,,,0.0,0.0,0.0,0.0,0,1000.0,1000.0,1000.0,0.0,0.0,0,0.0
BTC/USDT,2026-01-29 11:00:00,HOLD,1.0,0.116661,1,0,False,0,HOLD,,0.116661,,,,,0.0,0.0,0.0,0.0,0,1000.0,1000.0,1000.0,0.0,0.0,0,0.0
BTC/USDT,2026-01-29 12:00:00,HOLD,1.0,0.087415,1,1,True,0,HOLD,,0.087415,,,,,0.0,0.0,0.0,0.0,0,1000.0,1000.0,1000.0,0.0,0.0,0,0.0
BTC/USDT,2026-01-29 13:00:00,HOLD,1.0,0.128241,1,1,True,0,HOLD,,0.128241,,,,,0.0,0.0,0.0,0.0,0,1000.0,1000.0,1000.0,0.0,0.0,0,0.0
BTC/USDT,2026-01-29 14:00:00,HOLD,1.0,0.164578,1,0,False,0,HOLD,,0.164578,,,,,0.0,0.0,0.0,0.0,0,1000.0,1000.0,1000.0,0.0,0.0,0,0.0
BTC/USDT,2026-01-29 15:00:00,HOLD,1.0,0.128377,1,0,False,0,HOLD,,0.128377,,,,,0.0,0.0,0.0,0.0,0,1000.0,1000.0,1000.0,0.0,0.0,0,0.0
BTC/USDT,2026-01-29 16:00:00,HOLD,1.0,0.123415,1,0,False,0,HOLD,,0.123415,,,,,0.0,0.0,0.0,0.0,0,1000.0,1000.0,1000.0,0.0,0.0,0,0.0
BTC/USDT,2026-01-29 17:00:00,HOLD,1.0,0.105443,1,1,True,0,HOLD,,0.105443,,,,,0.0,0.0,0.0,0.0,0,1000.0,1000.0,1000.0,0.0,0.0,0,0.0
BTC/USDT,2026-01-29 18:00:00,HOLD,1.0,0.109685,1,1,True,0,HOLD,,0.109685,,,,,0.0,0.0,0.0,0.0,0,1000.0,1000.0,1000.0,0.0,0.0,0,0.0
BTC/USDT,2026-01-29 19:00:00,HOLD,1.0,0.123087,1,0,False,0,HOLD,,0.123087,,,,,0.0,0.0,0.0,0.0,0,1000.0,1000.0,1000.0,0.0,0.0,0,0.0
BTC/USDT,2026-01-29 20:00:00,HOLD,1.0,0.089918,1,1,True,0,HOLD,,0.089918,,,,,0.0,0.0,0.0,0.0,0,1000.0,1000.0,1000.0,0.0,0.0,0,0.0
BTC/USDT,2026-01-29 21:00:00,HOLD,1.0,0.16963,1,0,False,0,HOLD,,0.16963,,,,,0.0,0.0,0.0,0.0,0,1000.0,1000.0,1000.0,0.0,0.0,0,0.0
BTC/USDT,2026-01-29 22:00:00,HOLD,1.0,0.121578,1,1,True,0,HOLD,,0.121578,,,,,0.0,0.0,0.0,0.0,0,1000.0,1000.0,1000.0,0.0,0.0,0,0.0
BTC/USDT,2026-01-29 23:00:00,HOLD,1.0,0.138425,1,0,False,0,HOLD,,0.138425,,,,,0.0,0.0,0.0,0.0,0,1000.0,1000.0,1000.0,0.0,0.0,0,0.0
BTC/USDT,2026-01-30 00:00:00,HOLD,1.0,0.09985,1,1,True,0,HOLD,,0.09985,,,,,0.0,0.0,0.0,0.0,0,1000.0,1000.0,1000.0,0.0,0.0,0,0.0
BTC/USDT,2026-01-30 01:00:00,HOLD,1.0,0.105045,1,0,False,0,HOLD,,0.105045,,,,,0.0,0.0,0.0,0.0,0,1000.0,1000.0,1000.0,0.0,0.0,0,0.0
BTC/USDT,2026-01-30 02:00:00,HOLD,1.0,0.095953,1,1,True,0,HOLD,,0.095953,,,,,0.0,0.0,0.0,0.0,0,1000.0,1000.0,1000.0,0.0,0.0,0,0.0
BTC/USDT,2026-01-30 03:00:00,HOLD,1.0,0.114328,1,0,False,0,HOLD,,0.114328,,,,,0.0,0.0,0.0,0.0,0,1000.0,1000.0,1000.0,0.0,0.0,0,0.0
BTC/USDT,2026-01-30 04:00:00,HOLD,1.0,0.111617,1,0,False,0,HOLD,,0.111617,,,,,0.0,0.0,0.0,0.0,0,1000.0,1000.0,1000.0,0.0,0.0,0,0.0
BTC/USDT,2026-01-30 05:00:00,HOLD,1.0,0.097511,1,1,True,0,HOLD,,0.097511,,,,,0.0,0.0,0.0,0.0,0,1000.0,1000.0,1000.0,0.0,0.0,0,0.0
BTC/USDT,2026-01-30 06:00:00,HOLD,1.0,0.131032,1,1,True,0,HOLD,,0.131032,,,,,0.0,0.0,0.0,0.0,0,1000.0,1000.0,1000.0,0.0,0.0,0,0.0
BTC/USDT,2026-01-30 07:00:00,HOLD,1.0,0.150439,1,0,False,0,HOLD,,0.150439,,,,,0.0,0.0,0.0,0.0,0,1000.0,1000.0,1000.0,0.0,0.0,0,0.0
BTC/USDT,2026-01-30 08:00:00,HOLD,1.0,0.109866,1,1,True,0,HOLD,,0.109866,,,,,0.0,0.0,0.0,0.0,0,1000.0,1000.0,1000.0,0.0,0.0,0,0.0
BTC/USDT,2026-01-30 09:00:00,HOLD,1.0,0.1151,1,1,True,0,HOLD,,0.1151,,,,,0.0,0.0,0.0,0.0,0,1000.0,1000.0,1000.0,0.0,0.0,0,0.0
BTC/USDT,2026-01-30 10:00:00,HOLD,1.0,0.144616,1,0,False,0,HOLD,,0.144616,,,,,0.0,0.0,0.0,0.0,0,1000.0,1000.0,1000.0,0.0,0.0,0,0.0
BTC/USDT,2026-01-30 11:00:00,HOLD,1.0,0.109416,1,1,True,0,HOLD,,0.109416,,,,,0.0,0.0,0.0,0.0,0,1000.0,1000.0,1000.0,0.0,0.0,0,0.0
BTC/USDT,2026-01-30 12:00:00,HOLD,1.0,0.114542,1,1,True,0,HOLD,,0.114542,,,,,0.0,0.0,0.0,0.0,0,1000.0,1000.0,1000.0,0.0,0.0,0,0.0
BTC/USDT,2026-01-30 13:00:00,HOLD,1.0,0.127591,1,1,True,0,HOLD,,0.127591,,,,,0.0,0.0,0.0,0.0,0,1000.0,1000.0,1000.0,0.0,0.0,0,0.0
BTC/USDT,2026-01-30 14:00:00,HOLD,1.0,0.139131,1,0,False,0,HOLD,,0.139131,,,,,0.0,0.0,0.0,0.0,0,1000.0,1000.0,1000.0,0.0,0.0,0,0.0
BTC/USDT,2026-01-30 15:00:00,HOLD,1.0,0.115418,1,0,False,0,HOLD,,0.115418,,,,,0.0,0.0,0.0,0.0,0,1000.0,1000.0,1000.0,0.0,0.0,0,0.0
BTC/USDT,2026-01-30 16:00:00,HOLD,1.0,0.106054,1,1,True,0,HOLD,,0.106054,,,,,0.0,0.0,0.0,0.0,0,1000.0,1000.0,1000.0,0.0,0.0,0,0.0
BTC/USDT,2026-01-30 17:00:00,HOLD,1.0,0.153516,1,1,True,0,HOLD,,0.153516,,,,,0.0,0.0,0.0,0.0,0,1000.0,1000.0,1000.0,0.0,0.0,0,0.0
BTC/USDT,2026-01-30 18:00:00,HOLD,1.0,0.170347,1,0,False,0,HOLD,,0.170347,,,,,0.0,0.0,0.0,0.0,0,1000.0,1000.0,1000.0,0.0,0.0,0,0.0
BTC/USDT,2026-01-30 19:00:00,HOLD,1.0,0.122226,1,1,True,0,HOLD,,0.122226,,,,,0.0,0.0,0.0,0.0,0,1000.0,1000.0,1000.0,0.0,0.0,0,0.0
BTC/USDT,2026-01-30 20:00:00,HOLD,1.0,0.125427,1,1,True,0,HOLD,,0.125427,,,,,0.0,0.0,0.0,0.0,0,1000.0,1000.0,1000.0,0.0,0.0,0,0.0
BTC/USDT,2026-01-30 21:00:00,HOLD,1.0,0.140858,1,0,False,0,HOLD,,0.140858,,,,,0.0,0.0,0.0,0.0,0,1000.0,1000.0,1000.0,0.0,0.0,0,0.0
BTC/USDT,2026-01-30 22:00:00,HOLD,1.0,0.118189,1,1,True,0,HOLD,,0.118189,,,,,0.0,0.0,0.0,0.0,0,1000.0,1000.0,1000.0,0.0,0.0,0,0.0
BTC/USDT,2026-01-30 23:00:00,HOLD,1.0,0.171083,1,0,False,0,HOLD,,0.171083,,,,,0.0,0.0,0.0,0.0,0,1000.0,1000.0,1000.0,0.0,0.0,0,0.0
BTC/USDT,2026-01-31 00:00:00,HOLD,1.0,0.15468,1,0,False,0,HOLD,,0.15468,,,,,0.0,0.0,0.0,0.0,0,1000.0,1000.0,1000.0,0.0,0.0,0,0.0
BTC/USDT,2026-01-31 01:00:00,HOLD,1.0,0.150798,1,1,True,0,HOLD,,0.150798,,,,,0.0,0.0,0.0,0.0,0,1000.0,1000.0,1000.0,0.0,0.0,0,0.0
BTC/USDT,2026-01-31 02:00:00,HOLD,1.0,0.16862,1,1,True,0,HOLD,,0.16862,,,,,0.0,0.0,0.0,0.0,0,1000.0,1000.0,1000.0,0.0,0.0,0,0.0
BTC/USDT,2026-01-31 03:00:00,HOLD,1.0,0.177676,1,0,False,0,HOLD,,0.177676,,,,,0.0,0.0,0.0,0.0,0,1000.0,1000.0,1000.0,0.0,0.0,0,0.0
BTC/USDT,2026-01-31 04:00:00,HOLD,1.0,0.111659,1,1,True,0,HOLD,,0.111659,,,,,0.0,0.0,0.0,0.0,0,1000.0,1000.0,1000.0,0.0,0.0,0,0.0
BTC/USDT,2026-01-31 05:00:00,HOLD,1.0,0.155933,1,0,False,0,HOLD,,0.155933,,,,,0.0,0.0,0.0,0.0,0,1000.0,1000.0,1000.0,0.0,0.0,0,0.0
BTC/USDT,2026-01-31 06:00:00,HOLD,1.0,0.048385,1,1,True,0,HOLD,,0.048385,,,,,0.0,0.0,0.0,0.0,0,1000.0,1000.0,1000.0,0.0,0.0,0,0.0
BTC/USDT,2026-01-31 07:00:00,HOLD,1.0,0.080778,1,1,True,0,HOLD,,0.080778,,,,,0.0,0.0,0.0,0.0,0,1000.0,1000.0,1000.0,0.0,0.0,0,0.0
BTC/USDT,2026-01-31 08:00:00,HOLD,1.0,0.126296,1,1,True,0,HOLD,,0.126296,,,,,0.0,0.0,0.0,0.0,0,1000.0,1000.0,1000.0,0.0,0.0,0,0.0
BTC/USDT,2026-01-31 09:00:00,HOLD,1.0,0.172971,1,0,False,0,HOLD,,0.172971,,,,,0.0,0.0,0.0,0.0,0,1000.0,1000.0,1000.0,0.0,0.0,0,0.0
BTC/USDT,2026-01-31 10:00:00,HOLD,1.0,0.081722,1,1,True,0,HOLD,,0.081722,,,,,0.0,0.0,0.0,0.0,0,1000.0,1000.0,1000.0,0.0,0.0,0,0.0
BTC/USDT,2026-01-31 11:00:00,HOLD,1.0,0.117087,1,1,True,0,HOLD,,0.117087,,,,,0.0,0.0,0.0,0.0,0,1000.0,1000.0,1000.0,0.0,0.0,0,0.0
BTC/USDT,2026-01-31 12:00:00,HOLD,1.0,0.139913,1,0,False,0,HOLD,,0.139913,,,,,0.0,0.0,0.0,0.0,0,1000.0,1000.0,1000.0,0.0,0.0,0,0.0
BTC/USDT,2026-01-31 13:00:00,HOLD,1.0,0.08036,1,1,True,0,HOLD,,0.08036,,,,,0.0,0.0,0.0,0.0,0,1000.0,1000.0,1000.0,0.0,0.0,0,0.0
BTC/USDT,2026-01-31 14:00:00,HOLD,1.0,0.135186,1,0,False,0,HOLD,,0.135186,,,,,0.0,0.0,0.0,0.0,0,1000.0,1000.0,1000.0,0.0,0.0,0,0.0
BTC/USDT,2026-01-31 15:00:00,HOLD,1.0,0.073671,1,0,False,0,HOLD,,0.073671,,,,,0.0,0.0,0.0,0.0,0,1000.0,1000.0,1000.0,0.0,0.0,0,0.0
BTC/USDT,2026-01-31 16:00:00,HOLD,1.0,0.056162,1,1,True,0,HOLD,,0.056162,,,,,0.0,0.0,0.0,0.0,0,1000.0,1000.0,1000.0,0.0,0.0,0,0.0
BTC/USDT,2026-01-31 17:00:00,HOLD,1.0,0.057006,1,0,False,0,HOLD,,0.057006,,,,,0.0,0.0,0.0,0.0,0,1000.0,1000.0,1000.0,0.0,0.0,0,0.0
BTC/USDT,2026-01-31 18:00:00,HOLD,1.0,0.035638,1,1,True,0,HOLD,,0.035638,,,,,0.0,0.0,0.0,0.0,0,1000.0,1000.0,1000.0,0.0,0.0,0,0.0
BTC/USDT,2026-01-31 19:00:00,HOLD,1.0,0.043405,1,0,False,0,HOLD,,0.043405,,,,,0.0,0.0,0.0,0.0,0,1000.0,1000.0,1000.0,0.0,0.0,0,0.0
BTC/USDT,2026-01-31 20:00:00,HOLD,1.0,0.041054,1,0,False,0,HOLD,,0.041054,,,,,0.0,0.0,0.0,0.0,0,1000.0,1000.0,1000.0,0.0,0.0,0,0.0
BTC/USDT,2026-01-31 21:00:00,HOLD,1.0,0.036594,1,1,True,0,HOLD,,0.036594,,,,,0.0,0.0,0.0,0.0,0,1000.0,1000.0,1000.0,0.0,0.0,0,0.0
BTC/USDT,2026-01-31 22:00:00,HOLD,1.0,0.038686,1,1,True,0,HOLD,,0.038686,,,,,0.0,0.0,0.0,0.0,0,1000.0,1000.0,1000.0,0.0,0.0,0,0.0
BTC/USDT,2026-01-31 23:00:00,HOLD,1.0,0.041842,1,1,True,0,HOLD,,0.041842,,,,,0.0,0.0,0.0,0.0,0,1000.0,1000.0,1000.0,0.0,0.0,0,0.0
BTC/USDT,2026-02-01 00:00:00,HOLD,1.0,0.045732,1,0,False,0,HOLD,,0.045732,,,,,0.0,0.0,0.0,0.0,0,1000.0,1000.0,1000.0,0.0,0.0,0,0.0
BTC/USDT,2026-02-01 01:00:00,HOLD,1.0,0.044375,1,0,False,0,HOLD,,0.044375,,,,,0.0,0.0,0.0,0.0,0,1000.0,1000.0,1000.0,0.0,0.0,0,0.0
BTC/USDT,2026-02-01 02:00:00,HOLD,1.0,0.041915,1,1,True,0,HOLD,,0.041915,,,,,0.0,0.0,0.0,0.0,0,1000.0,1000.0,1000.0,0.0,0.0,0,0.0
BTC/USDT,2026-02-01 03:00:00,HOLD,1.0,0.04915,1,1,True,0,HOLD,,0.04915,,,,,0.0,0.0,0.0,0.0,0,1000.0,1000.0,1000.0,0.0,0.0,0,0.0
BTC/USDT,2026-02-01 04:00:00,HOLD,1.0,0.055203,1,0,False,0,HOLD,,0.055203,,,,,0.0,0.0,0.0,0.0,0,1000.0,1000.0,1000.0,0.0,0.0,0,0.0
BTC/USDT,2026-02-01 05:00:00,HOLD,1.0,0.050598,1,0,False,0,HOLD,,0.050598,,,,,0.0,0.0,0.0,0.0,0,1000.0,1000.0,1000.0,0.0,0.0,0,0.0
BTC/USDT,2026-02-01 06:00:00,HOLD,1.0,0.043904,1,1,True,0,HOLD,,0.043904,,,,,0.0,0.0,0.0,0.0,0,1000.0,1000.0,1000.0,0.0,0.0,0,0.0
BTC/USDT,2026-02-01 07:00:00,HOLD,1.0,0.049224,1,1,True,0,HOLD,,0.049224,,,,,0.0,0.0,0.0,0.0,0,1000.0,1000.0,1000.0,0.0,0.0,0,0.0
BTC/USDT,2026-02-01 08:00:00,HOLD,1.0,0.062913,1,1,True,0,HOLD,,0.062913,,,,,0.0,0.0,0.0,0.0,0,1000.0,1000.0,1000.0,0.0,0.0,0,0.0
BTC/USDT,2026-02-01 09:00:00,HOLD,1.0,0.108052,1,0,False,0,HOLD,,0.108052,,,,,0.0,0.0,0.0,0.0,0,1000.0,1000.0,1000.0,0.0,0.0,0,0.0
BTC/USDT,2026-02-01 10:00:00,HOLD,1.0,0.084641,1,0,False,0,HOLD,,0.084641,,,,,0.0,0.0,0.0,0.0,0,1000.0,1000.0,1000.0,0.0,0.0,0,0.0
BTC/USDT,2026-02-01 11:00:00,HOLD,1.0,0.051603,1,1,True,0,HOLD,,0.051603,,,,,0.0,0.0,0.0,0.0,0,1000.0,1000.0,1000.0,0.0,0.0,0,0.0
BTC/USDT,2026-02-01 12:00:00,HOLD,1.0,0.078094,1,0,False,0,HOLD,,0.078094,,,,,0.0,0.0,0.0,0.0,0,1000.0,1000.0,1000.0,0.0,0.0,0,0.0
BTC/USDT,2026-02-01 13:00:00,HOLD,1.0,0.059714,1,0,False,0,HOLD,,0.059714,,,,,0.0,0.0,0.0,0.0,0,1000.0,1000.0,1000.0,0.0,0.0,0,0.0
BTC/USDT,2026-02-01 14:00:00,HOLD,1.0,0.053337,1,1,True,0,HOLD,,0.053337,,,,,0.0,0.0,0.0,0.0,0,1000.0,1000.0,1000.0,0.0,0.0,0,0.0
BTC/USDT,2026-02-01 15:00:00,HOLD,1.0,0.083383,1,1,True,0,HOLD,,0.083383,,,,,0.0,0.0,0.0,0.0,0,1000.0,1000.0,1000.0,0.0,0.0,0,0.0
BTC/USDT,2026-02-01 16:00:00,HOLD,1.0,0.164575,1,0,False,0,HOLD,,0.164575,,,,,0.0,0.0,0.0,0.0,0,1000.0,1000.0,1000.0,0.0,0.0,0,0.0
BTC/USDT,2026-02-01 17:00:00,HOLD,1.0,0.146166,1,0,False,0,HOLD,,0.146166,,,,,0.0,0.0,0.0,0.0,0,1000.0,1000.0,1000.0,0.0,0.0,0,0.0
BTC/USDT,2026-02-01 18:00:00,HOLD,1.0,0.084529,1,1,True,0,HOLD,,0.084529,,,,,0.0,0.0,0.0,0.0,0,1000.0,1000.0,1000.0,0.0,0.0,0,0.0
BTC/USDT,2026-02-01 19:00:00,HOLD,1.0,0.117492,1,1,True,0,HOLD,,0.117492,,,,,0.0,0.0,0.0,0.0,0,1000.0,1000.0,1000.0,0.0,0.0,0,0.0
BTC/USDT,2026-02-01 20:00:00,HOLD,1.0,0.118178,1,1,True,0,HOLD,,0.118178,,,,,0.0,0.0,0.0,0.0,0,1000.0,1000.0,1000.0,0.0,0.0,0,0.0
BTC/USDT,2026-02-01 21:00:00,HOLD,1.0,0.126266,1,1,True,0,HOLD,,0.126266,,,,,0.0,0.0,0.0,0.0,0,1000.0,1000.0,1000.0,0.0,0.0,0,0.0
BTC/USDT,2026-02-01 22:00:00,HOLD,1.0,0.143546,1,0,False,0,HOLD,,0.143546,,,,,0.0,0.0,0.0,0.0,0,1000.0,1000.0,1000.0,0.0,0.0,0,0.0
BTC/USDT,2026-02-01 23:00:00,HOLD,1.0,0.114236,1,0,False,0,HOLD,,0.114236,,,,,0.0,0.0,0.0,0.0,0,1000.0,1000.0,1000.0,0.0,0.0,0,0.0
BTC/USDT,2026-02-02 00:00:00,HOLD,1.0,0.046063,1,1,True,0,HOLD,,0.046063,,,,,0.0,0.0,0.0,0.0,0,1000.0,1000.0,1000.0,0.0,0.0,0,0.0
BTC/USDT,2026-02-02 01:00:00,HOLD,1.0,0.095477,1,0,False,0,HOLD,,0.095477,,,,,0.0,0.0,0.0,0.0,0,1000.0,1000.0,1000.0,0.0,0.0,0,0.0
BTC/USDT,2026-02-02 02:00:00,HOLD,1.0,0.088811,1,0,False,0,HOLD,,0.088811,,,,,0.0,0.0,0.0,0.0,0,1000.0,1000.0,1000.0,0.0,0.0,0,0.0
BTC/USDT,2026-02-02 03:00:00,HOLD,1.0,0.077824,1,1,True,0,HOLD,,0.077824,,,,,0.0,0.0,0.0,0.0,0,1000.0,1000.0,1000.0,0.0,0.0,0,0.0
BTC/USDT,2026-02-02 04:00:00,HOLD,1.0,0.089354,1,1,True,0,HOLD,,0.089354,,,,,0.0,0.0,0.0,0.0,0,1000.0,1000.0,1000.0,0.0,0.0,0,0.0
BTC/USDT,2026-02-02 05:00:00,HOLD,1.0,0.111811,1,1,True,0,HOLD,,0.111811,,,,,0.0,0.0,0.0,0.0,0,1000.0,1000.0,1000.0,0.0,0.0,0,0.0
BTC/USDT,2026-02-02 06:00:00,HOLD,1.0,0.26207,1,1,True,0,HOLD,,0.26207,,,,,0.0,0.0,0.0,0.0,0,1000.0,1000.0,1000.0,0.0,0.0,0,0.0
BTC/USDT,2026-02-02 07:00:00,HOLD,1.0,0.275613,1,0,False,0,HOLD,,0.275613,,,,,0.0,0.0,0.0,0.0,0,1000.0,1000.0,1000.0,0.0,0.0,0,0.0
BTC/USDT,2026-02-02 08:00:00,HOLD,1.0,0.236763,1,0,False,0,HOLD,,0.236763,,,,,0.0,0.0,0.0,0.0,0,1000.0,1000.0,1000.0,0.0,0.0,0,0.0
BTC/USDT,2026-02-02 09:00:00,HOLD,1.0,0.16096,1,1,True,0,HOLD,,0.16096,,,,,0.0,0.0,0.0,0.0,0,1000.0,1000.0,1000.0,0.0,0.0,0,0.0
BTC/USDT,2026-02-02 10:00:00,HOLD,1.0,0.162626,1,1,True,0,HOLD,,0.162626,,,,,0.0,0.0,0.0,0.0,0,1000.0,1000.0,1000.0,0.0,0.0,0,0.0
BTC/USDT,2026-02-02 11:00:00,HOLD,1.0,0.16492,1,0,False,0,HOLD,,0.16492,,,,,0.0,0.0,0.0,0.0,0,1000.0,1000.0,1000.0,0.0,0.0,0,0.0
BTC/USDT,2026-02-02 12:00:00,HOLD,1.0,0.090887,1,1,True,0,HOLD,,0.090887,,,,,0.0,0.0,0.0,0.0,0,1000.0,1000.0,1000.0,0.0,0.0,0,0.0
BTC/USDT,2026-02-02 13:00:00,HOLD,1.0,0.111865,1,1,True,0,HOLD,,0.111865,,,,,0.0,0.0,0.0,0.0,0,1000.0,1000.0,1000.0,0.0,0.0,0,0.0
BTC/USDT,2026-02-02 14:00:00,HOLD,1.0,0.163476,1,1,True,0,HOLD,,0.163476,,,,,0.0,0.0,0.0,0.0,0,1000.0,1000.0,1000.0,0.0,0.0,0,0.0
BTC/USDT,2026-02-02 15:00:00,HOLD,1.0,0.238449,1,1,True,0,HOLD,,0.238449,,,,,0.0,0.0,0.0,0.0,0,1000.0,1000.0,1000.0,0.0,0.0,0,0.0
BTC/USDT,2026-02-02 16:00:00,HOLD,1.0,0.295622,1,1,True,0,HOLD,,0.295622,,,,,0.0,0.0,0.0,0.0,0,1000.0,1000.0,1000.0,0.0,0.0,0,0.0
BTC/USDT,2026-02-02 17:00:00,HOLD,1.0,0.391404,1,0,False,0,HOLD,,0.391404,,,,,0.0,0.0,0.0,0.0,0,1000.0,1000.0,1000.0,0.0,0.0,0,0.0
BTC/USDT,2026-02-02 18:00:00,HOLD,1.0,0.233635,1,0,False,0,HOLD,,0.233635,,,,,0.0,0.0,0.0,0.0,0,1000.0,1000.0,1000.0,0.0,0.0,0,0.0
BTC/USDT,2026-02-02 19:00:00,HOLD,1.0,0.223502,1,1,True,0,HOLD,,0.223502,,,,,0.0,0.0,0.0,0.0,0,1000.0,1000.0,1000.0,0.0,0.0,0,0.0
BTC/USDT,2026-02-02 20:00:00,HOLD,1.0,0.249008,1,1,True,0,HOLD,,0.249008,,,,,0.0,0.0,0.0,0.0,0,1000.0,1000.0,1000.0,0.0,0.0,0,0.0
BTC/USDT,2026-02-02 21:00:00,HOLD,1.0,0.367491,1,1,True,0,HOLD,,0.367491,,,,,0.0,0.0,0.0,0.0,0,1000.0,1000.0,1000.0,0.0,0.0,0,0.0
BTC/USDT,2026-02-02 22:00:00,HOLD,1.0,0.398529,1,0,False,0,HOLD,,0.398529,,,,,0.0,0.0,0.0,0.0,0,1000.0,1000.0,1000.0,0.0,0.0,0,0.0
BTC/USDT,2026-02-02 23:00:00,HOLD,1.0,0.373818,1,0,False,0,HOLD,,0.373818,,,,,0.0,0.0,0.0,0.0,0,1000.0,1000.0,1000.0,0.0,0.0,0,0.0
BTC/USDT,2026-02-03 00:00:00,HOLD,1.0,0.12139,1,1,True,0,HOLD,,0.12139,,,,,0.0,0.0,0.0,0.0,0,1000.0,1000.0,1000.0,0.0,0.0,0,0.0
BTC/USDT,2026-02-03 01:00:00,HOLD,1.0,0.149026,1,1,True,0,HOLD,,0.149026,,,,,0.0,0.0,0.0,0.0,0,1000.0,1000.0,1000.0,0.0,0.0,0,0.0
BTC/USDT,2026-02-03 02:00:00,HOLD,1.0,0.296154,1,1,True,0,HOLD,,0.296154,,,,,0.0,0.0,0.0,0.0,0,1000.0,1000.0,1000.0,0.0,0.0,0,0.0
BTC/USDT,2026-02-03 03:00:00,HOLD,1.0,0.310049,1,1,True,0,HOLD,,0.310049,,,,,0.0,0.0,0.0,0.0,0,1000.0,1000.0,1000.0,0.0,0.0,0,0.0
BTC/USDT,2026-02-03 04:00:00,HOLD,1.0,0.542543,1,1,True,0,HOLD,,0.542543,,,,,0.0,0.0,0.0,0.0,0,1000.0,1000.0,1000.0,0.0,0.0,0,0.0
BTC/USDT,2026-02-03 05:00:00,HOLD,1.0,0.5695,1,1,True,0,HOLD,,0.5695,,,,,0.0,0.0,0.0,0.0,0,1000.0,1000.0,1000.0,0.0,0.0,0,0.0
BTC/USDT,2026-02-03 06:00:00,HOLD,1.0,0.691836,1,1,True,0,HOLD,,0.691836,,,,,0.0,0.0,0.0,0.0,0,1000.0,1000.0,1000.0,0.0,0.0,0,0.0
BTC/USDT,2026-02-03 07:00:00,HOLD,1.0,0.984156,1,1,True,0,HOLD,,0.984156,,,,,0.0,0.0,0.0,0.0,0,1000.0,1000.0,1000.0,0.0,0.0,0,0.0
BTC/USDT,2026-02-03 08:00:00,HOLD,1.0,1.100753,1,1,True,0,HOLD,,1.100753,,,,,0.0,0.0,0.0,0.0,0,1000.0,1000.0,1000.0,0.0,0.0,0,0.0
BTC/USDT,2026-02-03 09:00:00,HOLD,1.0,1.166081,1,0,False,0,HOLD,,1.166081,,,,,0.0,0.0,0.0,0.0,0,1000.0,1000.0,1000.0,0.0,0.0,0,0.0
BTC/USDT,2026-02-03 10:00:00,HOLD,1.0,0.946908,1,0,False,0,HOLD,,0.946908,,,,,0.0,0.0,0.0,0.0,0,1000.0,1000.0,1000.0,0.0,0.0,0,0.0
BTC/USDT,2026-02-03 11:00:00,HOLD,1.0,0.564815,1,0,False,0,HOLD,,0.564815,,,,,0.0,0.0,0.0,0.0,0,1000.0,1000.0,1000.0,0.0,0.0,0,0.0
BTC/USDT,2026-02-03 12:00:00,HOLD,1.0,0.472824,1,1,True,0,HOLD,,0.472824,,,,,0.0,0.0,0.0,0.0,0,1000.0,1000.0,1000.0,0.0,0.0,0,0.0
BTC/USDT,2026-02-03 13:00:00,HOLD,1.0,0.844294,1,0,False,0,HOLD,,0.844294,,,,,0.0,0.0,0.0,0.0,0,1000.0,1000.0,1000.0,0.0,0.0,0,0.0
BTC/USDT,2026-02-03 14:00:00,HOLD,1.0,0.629182,1,1,True,0,HOLD,,0.629182,,,,,0.0,0.0,0.0,0.0,0,1000.0,1000.0,1000.0,0.0,0.0,0,0.0
BTC/USDT,2026-02-03 15:00:00,HOLD,1.0,0.978607,1,1,True,0,HOLD,,0.978607,,,,,0.0,0.0,0.0,0.0,0,1000.0,1000.0,1000.0,0.0,0.0,0,0.0
BTC/USDT,2026-02-03 16:00:00,HOLD,1.0,0.987708,1,1,True,0,HOLD,,0.987708,,,,,0.0,0.0,0.0,0.0,0,1000.0,1000.0,1000.0,0.0,0.0,0,0.0
BTC/USDT,2026-02-03 17:00:00,HOLD,1.0,1.417299,1,1,True,0,HOLD,,1.417299,,,,,0.0,0.0,0.0,0.0,0,1000.0,1000.0,1000.0,0.0,0.0,0,0.0
BTC/USDT,2026-02-03 18:00:00,HOLD,1.0,1.610053,1,1,True,0,HOLD,,1.610053,,,,,0.0,0.0,0.0,0.0,0,1000.0,1000.0,1000.0,0.0,0.0,0,0.0
BTC/USDT,2026-02-03 19:00:00,HOLD,1.0,1.731778,1,1,True,0,HOLD,,1.731778,,,,,0.0,0.0,0.0,0.0,0,1000.0,1000.0,1000.0,0.0,0.0,0,0.0
BTC/USDT,2026-02-03 20:00:00,HOLD,1.0,2.001747,1,0,False,0,HOLD,,2.001747,,,,,0.0,0.0,0.0,0.0,0,1000.0,1000.0,1000.0,0.0,0.0,0,0.0
BTC/USDT,2026-02-03 21:00:00,HOLD,1.0,1.237247,1,1,True,0,HOLD,,1.237247,,,,,0.0,0.0,0.0,0.0,0,1000.0,1000.0,1000.0,0.0,0.0,0,0.0
BTC/USDT,2026-02-03 22:00:00,HOLD,1.0,1.814006,1,0,False,0,HOLD,,1.814006,,,,,0.0,0.0,0.0,0.0,0,1000.0,1000.0,1000.0,0.0,0.0,0,0.0
BTC/USDT,2026-02-03 23:00:00,HOLD,1.0,1.600621,1,0,False,0,HOLD,,1.600621,,,,,0.0,0.0,0.0,0.0,0,1000.0,1000.0,1000.0,0.0,0.0,0,0.0
BTC/USDT,2026-02-04 00:00:00,HOLD,1.0,1.522277,1,0,False,0,HOLD,,1.522277,,,,,0.0,0.0,0.0,0.0,0,1000.0,1000.0,1000.0,0.0,0.0,0,0.0
BTC/USDT,2026-02-04 01:00:00,HOLD,1.0,1.090727,1,1,True,0,HOLD,,1.090727,,,,,0.0,0.0,0.0,0.0,0,1000.0,1000.0,1000.0,0.0,0.0,0,0.0
BTC/USDT,2026-02-04 02:00:00,HOLD,1.0,1.285101,1,1,True,0,HOLD,,1.285101,,,,,0.0,0.0,0.0,0.0,0,1000.0,1000.0,1000.0,0.0,0.0,0,0.0
BTC/USDT,2026-02-04 03:00:00,HOLD,1.0,1.74423,1,0,False,0,HOLD,,1.74423,,,,,0.0,0.0,0.0,0.0,0,1000.0,1000.0,1000.0,0.0,0.0,0,0.0
BTC/USDT,2026-02-04 04:00:00,HOLD,1.0,1.513004,1,0,False,0,HOLD,,1.513004,,,,,0.0,0.0,0.0,0.0,0,1000.0,1000.0,1000.0,0.0,0.0,0,0.0
BTC/USDT,2026-02-04 05:00:00,HOLD,1.0,1.383402,1,1,True,0,HOLD,,1.383402,,,,,0.0,0.0,0.0,0.0,0,1000.0,1000.0,1000.0,0.0,0.0,0,0.0
BTC/USDT,2026-02-04 06:00:00,HOLD,1.0,1.546159,1,0,False,0,HOLD,,1.546159,,,,,0.0,0.0,0.0,0.0,0,1000.0,1000.0,1000.0,0.0,0.0,0,0.0
BTC/USDT,2026-02-04 07:00:00,HOLD,1.0,1.014182,1,0,False,0,HOLD,,1.014182,,,,,0.0,0.0,0.0,0.0,0,1000.0,1000.0,1000.0,0.0,0.0,0,0.0
BTC/USDT,2026-02-04 08:00:00,HOLD,1.0,0.953001,1,1,True,0,HOLD,,0.953001,,,,,0.0,0.0,0.0,0.0,0,1000.0,1000.0,1000.0,0.0,0.0,0,0.0
BTC/USDT,2026-02-04 09:00:00,HOLD,1.0,1.125503,1,1,True,0,HOLD,,1.125503,,,,,0.0,0.0,0.0,0.0,0,1000.0,1000.0,1000.0,0.0,0.0,0,0.0
BTC/USDT,2026-02-04 10:00:00,HOLD,1.0,2.599032,1,0,False,0,HOLD,,2.599032,,,,,0.0,0.0,0.0,0.0,0,1000.0,1000.0,1000.0,0.0,0.0,0,0.0
BTC/USDT,2026-02-04 11:00:00,HOLD,1.0,2.184376,1,1,True,0,HOLD,,2.184376,,,,,0.0,0.0,0.0,0.0,0,1000.0,1000.0,1000.0,0.0,0.0,0,0.0
BTC/USDT,2026-02-04 12:00:00,HOLD,1.0,2.339695,1,0,False,0,HOLD,,2.339695,,,,,0.0,0.0,0.0,0.0,0,1000.0,1000.0,1000.0,0.0,0.0,0,0.0
BTC/USDT,2026-02-04 13:00:00,HOLD,1.0,1.808979,1,0,False,0,HOLD,,1.808979,,,,,0.0,0.0,0.0,0.0,0,1000.0,1000.0,1000.0,0.0,0.0,0,0.0
BTC/USDT,2026-02-04 14:00:00,HOLD,1.0,0.989029,1,0,False,0,HOLD,,0.989029,,,,,0.0,0.0,0.0,0.0,0,1000.0,1000.0,1000.0,0.0,0.0,0,0.0
BTC/USDT,2026-02-04 15:00:00,HOLD,1.0,0.779563,1,0,False,0,HOLD,,0.779563,,,,,0.0,0.0,0.0,0.0,0,1000.0,1000.0,1000.0,0.0,0.0,0,0.0
BTC/USDT,2026-02-04 16:00:00,HOLD,1.0,0.512149,1,0,False,0,HOLD,,0.512149,,,,,0.0,0.0,0.0,0.0,0,1000.0,1000.0,1000.0,0.0,0.0,0,0.0
BTC/USDT,2026-02-04 17:00:00,HOLD,1.0,0.472033,1,1,True,0,HOLD,,0.472033,,,,,0.0,0.0,0.0,0.0,0,1000.0,1000.0,1000.0,0.0,0.0,0,0.0
BTC/USDT,2026-02-04 18:00:00,HOLD,1.0,0.539347,1,1,True,0,HOLD,,0.539347,,,,,0.0,0.0,0.0,0.0,0,1000.0,1000.0,1000.0,0.0,0.0,0,0.0
BTC/USDT,2026-02-04 19:00:00,HOLD,1.0,0.668582,1,1,True,0,HOLD,,0.668582,,,,,0.0,0.0,0.0,0.0,0,1000.0,1000.0,1000.0,0.0,0.0,0,0.0
BTC/USDT,2026-02-04 20:00:00,HOLD,1.0,1.028945,1,0,False,0,HOLD,,1.028945,,,,,0.0,0.0,0.0,0.0,0,1000.0,1000.0,1000.0,0.0,0.0,0,0.0
BTC/USDT,2026-02-04 21:00:00,HOLD,1.0,1.017883,1,1,True,0,HOLD,,1.017883,,,,,0.0,0.0,0.0,0.0,0,1000.0,1000.0,1000.0,0.0,0.0,0,0.0
BTC/USDT,2026-02-04 22:00:00,HOLD,1.0,1.405716,1,0,False,0,HOLD,,1.405716,,,,,0.0,0.0,0.0,0.0,0,1000.0,1000.0,1000.0,0.0,0.0,0,0.0
BTC/USDT,2026-02-04 23:00:00,HOLD,1.0,0.909727,1,0,False,0,HOLD,,0.909727,,,,,0.0,0.0,0.0,0.0,0,1000.0,1000.0,1000.0,0.0,0.0,0,0.0
BTC/USDT,2026-02-05 00:00:00,HOLD,1.0,0.83741,1,0,False,0,HOLD,,0.83741,,,,,0.0,0.0,0.0,0.0,0,1000.0,1000.0,1000.0,0.0,0.0,0,0.0
BTC/USDT,2026-02-05 01:00:00,HOLD,1.0,0.832039,1,1,True,0,HOLD,,0.832039,,,,,0.0,0.0,0.0,0.0,0,1000.0,1000.0,1000.0,0.0,0.0,0,0.0
BTC/USDT,2026-02-05 02:00:00,HOLD,1.0,1.251527,1,1,True,0,HOLD,,1.251527,,,,,0.0,0.0,0.0,0.0,0,1000.0,1000.0,1000.0,0.0,0.0,0,0.0
BTC/USDT,2026-02-05 03:00:00,HOLD,1.0,1.839042,1,1,True,0,HOLD,,1.839042,,,,,0.0,0.0,0.0,0.0,0,1000.0,1000.0,1000.0,0.0,0.0,0,0.0
BTC/USDT,2026-02-05 04:00:00,HOLD,1.0,2.150804,1,0,False,0,HOLD,,2.150804,,,,,0.0,0.0,0.0,0.0,0,1000.0,1000.0,1000.0,0.0,0.0,0,0.0
BTC/USDT,2026-02-05 05:00:00,HOLD,1.0,1.267344,1,1,True,0,HOLD,,1.267344,,,,,0.0,0.0,0.0,0.0,0,1000.0,1000.0,1000.0,0.0,0.0,0,0.0
BTC/USDT,2026-02-05 06:00:00,HOLD,1.0,1.913155,1,1,True,0,HOLD,,1.913155,,,,,0.0,0.0,0.0,0.0,0,1000.0,1000.0,1000.0,0.0,0.0,0,0.0
BTC/USDT,2026-02-05 07:00:00,HOLD,1.0,3.539806,1,1,True,0,HOLD,,3.539806,,,,,0.0,0.0,0.0,0.0,0,1000.0,1000.0,1000.0,0.0,0.0,0,0.0
BTC/USDT,2026-02-05 08:00:00,HOLD,1.0,7.263371,1,1,True,0,HOLD,,7.263371,,,,,0.0,0.0,0.0,0.0,0,1000.0,1000.0,1000.0,0.0,0.0,0,0.0
BTC/USDT,2026-02-05 09:00:00,HOLD,1.0,7.309857,1,1,True,0,HOLD,,7.309857,,,,,0.0,0.0,0.0,0.0,0,1000.0,1000.0,1000.0,0.0,0.0,0,0.0
BTC/USDT,2026-02-05 10:00:00,HOLD,1.0,10.140877,1,0,False,0,HOLD,,10.140877,,,,,0.0,0.0,0.0,0.0,0,1000.0,1000.0,1000.0,0.0,0.0,0,0.0
BTC/USDT,2026-02-05 11:00:00,HOLD,1.0,8.403602,1,1,True,0,HOLD,,8.403602,,,,,0.0,0.0,0.0,0.0,0,1000.0,1000.0,1000.0,0.0,0.0,0,0.0
BTC/USDT,2026-02-05 12:00:00,HOLD,1.0,11.922253,1,0,False,0,HOLD,,11.922253,,,,,0.0,0.0,0.0,0.0,0,1000.0,1000.0,1000.0,0.0,0.0,0,0.0
BTC/USDT,2026-02-05 13:00:00,HOLD,1.0,10.656667,1,0,False,0,HOLD,,10.656667,,,,,0.0,0.0,0.0,0.0,0,1000.0,1000.0,1000.0,0.0,0.0,0,0.0
BTC/USDT,2026-02-05 14:00:00,HOLD,1.0,10.46985,1,1,True,0,HOLD,,10.46985,,,,,0.0,0.0,0.0,0.0,0,1000.0,1000.0,1000.0,0.0,0.0,0,0.0
BTC/USDT,2026-02-05 15:00:00,HOLD,1.0,16.610753,1,1,True,0,HOLD,,16.610753,,,,,0.0,0.0,0.0,0.0,0,1000.0,1000.0,1000.0,0.0,0.0,0,0.0
BTC/USDT,2026-02-05 16:00:00,HOLD,1.0,29.452061,1,0,False,0,HOLD,,29.452061,,,,,0.0,0.0,0.0,0.0,0,1000.0,1000.0,1000.0,0.0,0.0,0,0.0
BTC/USDT,2026-02-05 17:00:00,HOLD,1.0,27.489176,1,1,True,0,HOLD,,27.489176,,,,,0.0,0.0,0.0,0.0,0,1000.0,1000.0,1000.0,0.0,0.0,0,0.0
BTC/USDT,2026-02-05 18:00:00,HOLD,1.0,45.557085,1,1,True,0,HOLD,,45.557085,,,,,0.0,0.0,0.0,0.0,0,1000.0,1000.0,1000.0,0.0,0.0,0,0.0
BTC/USDT,2026-02-05 19:00:00,HOLD,1.0,66.7383,1,0,False,0,HOLD,,66.7383,,,,,0.0,0.0,0.0,0.0,0,1000.0,1000.0,1000.0,0.0,0.0,0,0.0
BTC/USDT,2026-02-05 20:00:00,HOLD,1.0,62.450957,1,1,True,0,HOLD,,62.450957,,,,,0.0,0.0,0.0,0.0,0,1000.0,1000.0,1000.0,0.0,0.0,0,0.0
BTC/USDT,2026-02-05 21:00:00,HOLD,1.0,103.729257,1,1,True,0,HOLD,,103.729257,,,,,0.0,0.0,0.0,0.0,0,1000.0,1000.0,1000.0,0.0,0.0,0,0.0
BTC/USDT,2026-02-05 22:00:00,HOLD,1.0,118.724975,1,0,False,0,HOLD,,118.724975,,,,,0.0,0.0,0.0,0.0,0,1000.0,1000.0,1000.0,0.0,0.0,0,0.0
