symbol,timestamp,trade_number,action,entry_price,exit_price,price_change_pct,prob,pred_direction,actual_direction,correct,position_size_pct,trade_capital,pnl_pct,pnl_amount,fee_paid,capital_after,peak_capital,drawdown_pct,cumulative_pnl,cumulative_trades,cumulative_win_rate_pct,portfolio_return_pct
BTC/USDT,2026-03-15 05:00:00,0,HOLD,0.003577,0.002416,-32.4646,0.516357,1,0,False,0.0,0.0,0.0,0.0,0.0,1000.0,1000.0,0.0,0.0,0,0.0,0.0
BTC/USDT,2026-03-15 06:00:00,0,HOLD,0.002416,0.002541,5.1632,0.50533,1,1,True,0.0,0.0,0.0,0.0,0.0,1000.0,1000.0,0.0,0.0,0,0.0,0.0
BTC/USDT,2026-03-15 07:00:00,0,HOLD,0.002541,0.002076,-18.2769,0.503585,1,0,False,0.0,0.0,0.0,0.0,0.0,1000.0,1000.0,0.0,0.0,0,0.0,0.0
BTC/USDT,2026-03-15 08:00:00,0,HOLD,0.002076,0.001472,-29.0892,0.49776,0,0,True,0.0,0.0,0.0,0.0,0.0,1000.0,1000.0,0.0,0.0,0,0.0,0.0
BTC/USDT,2026-03-15 09:00:00,0,HOLD,0.001472,0.002992,103.2356,0.497183,0,1,False,0.0,0.0,0.0,0.0,0.0,1000.0,1000.0,0.0,0.0,0,0.0,0.0
BTC/USDT,2026-03-15 10:00:00,0,HOLD,0.002992,0.002906,-2.8719,0.48857,0,0,True,0.0,0.0,0.0,0.0,0.0,1000.0,1000.0,0.0,0.0,0,0.0,0.0
BTC/USDT,2026-03-15 11:00:00,0,HOLD,0.002906,0.002161,-25.658,0.486772,0,0,True,0.0,0.0,0.0,0.0,0.0,1000.0,1000.0,0.0,0.0,0,0.0,0.0
BTC/USDT,2026-03-15 12:00:00,0,HOLD,0.002161,0.002028,-6.1449,0.494157,0,0,True,0.0,0.0,0.0,0.0,0.0,1000.0,1000.0,0.0,0.0,0,0.0,0.0
BTC/USDT,2026-03-15 13:00:00,0,HOLD,0.002028,0.003358,65.6122,0.524486,1,1,True,0.0,0.0,0.0,0.0,0.0,1000.0,1000.0,0.0,0.0,0,0.0,0.0
BTC/USDT,2026-03-15 14:00:00,1,LONG,0.003358,0.002609,-22.3109,0.558677,1,0,False,25.0,250.0,-22.4109,-56.03,0.25,943.97,1000.0,-5.6,-56.03,1,0.0,-5.6
BTC/USDT,2026-03-15 15:00:00,2,LONG,0.002609,0.002532,-2.9397,0.581621,1,0,False,25.0,235.99,-3.0397,-7.17,0.236,936.8,1000.0,-6.32,-63.2,2,0.0,-6.32
BTC/USDT,2026-03-15 16:00:00,3,LONG,0.002532,0.007377,191.3158,0.594338,1,1,True,25.0,234.2,191.2158,447.83,0.2342,1384.63,1384.63,0.0,384.63,3,33.33,38.46
BTC/USDT,2026-03-15 17:00:00,4,LONG,0.007377,0.008013,8.6181,0.597531,1,1,True,25.0,346.16,8.5181,29.49,0.3462,1414.11,1414.11,0.0,414.11,4,50.0,41.41
BTC/USDT,2026-03-15 18:00:00,5,LONG,0.008013,0.008009,-0.0539,0.607082,1,0,False,25.0,353.53,-0.1539,-0.54,0.3535,1413.57,1414.11,-0.04,413.57,5,40.0,41.36
BTC/USDT,2026-03-15 19:00:00,6,LONG,0.008009,0.005611,-29.9314,0.60905,1,0,False,25.0,353.39,-30.0314,-106.13,0.3534,1307.44,1414.11,-7.54,307.44,6,33.33,30.74
BTC/USDT,2026-03-15 20:00:00,7,LONG,0.005611,0.006629,18.1422,0.606566,1,1,True,25.0,326.86,18.0422,58.97,0.3269,1366.41,1414.11,-3.37,366.41,7,42.86,36.64
BTC/USDT,2026-03-15 21:00:00,8,LONG,0.006629,0.007941,19.7884,0.599321,1,1,True,25.0,341.6,19.6884,67.26,0.3416,1433.67,1433.67,0.0,433.67,8,50.0,43.37
BTC/USDT,2026-03-15 22:00:00,9,LONG,0.007941,0.010813,36.1647,0.583756,1,1,True,25.0,358.42,36.0647,129.26,0.3584,1562.93,1562.93,0.0,562.93,9,55.56,56.29
BTC/USDT,2026-03-15 23:00:00,10,LONG,0.010813,0.007478,-30.8466,0.563602,1,0,False,25.0,390.73,-30.9466,-120.92,0.3907,1442.01,1562.93,-7.74,442.01,10,50.0,44.2
BTC/USDT,2026-03-16 00:00:00,11,LONG,0.007478,0.006984,-6.6099,0.555758,1,0,False,25.0,360.5,-6.7099,-24.19,0.3605,1417.82,1562.93,-9.28,417.82,11,45.45,41.78
BTC/USDT,2026-03-16 01:00:00,12,LONG,0.006984,0.006046,-13.4212,0.551398,1,0,False,25.0,354.46,-13.5212,-47.93,0.3545,1369.9,1562.93,-12.35,369.9,12,41.67,36.99
BTC/USDT,2026-03-16 02:00:00,13,LONG,0.006046,0.004206,-30.4295,0.540461,1,0,False,25.0,342.47,-30.5295,-104.56,0.3425,1265.34,1562.93,-19.04,265.34,13,38.46,26.53
BTC/USDT,2026-03-16 03:00:00,14,LONG,0.004206,0.003899,-7.3178,0.538014,1,0,False,25.0,316.34,-7.4178,-23.47,0.3163,1241.88,1562.93,-20.54,241.88,14,35.71,24.19
BTC/USDT,2026-03-16 04:00:00,15,LONG,0.003899,0.002782,-28.631,0.537226,1,0,False,25.0,310.47,-28.731,-89.2,0.3105,1152.67,1562.93,-26.25,152.67,15,33.33,15.27
BTC/USDT,2026-03-16 05:00:00,16,LONG,0.002782,0.001794,-35.5269,0.544797,1,0,False,25.0,288.17,-35.6269,-102.67,0.2882,1050.01,1562.93,-32.82,50.01,16,31.25,5.0
BTC/USDT,2026-03-16 06:00:00,17,LONG,0.001794,0.002274,26.7431,0.555857,1,1,True,25.0,262.5,26.6431,69.94,0.2625,1119.95,1562.93,-28.34,119.95,17,35.29,11.99
BTC/USDT,2026-03-16 07:00:00,18,LONG,0.002274,0.001981,-12.8788,0.559901,1,0,False,25.0,279.99,-12.9788,-36.34,0.28,1083.61,1562.93,-30.67,83.61,18,33.33,8.36
BTC/USDT,2026-03-16 08:00:00,19,LONG,0.001981,0.001587,-19.9048,0.550874,1,0,False,25.0,270.9,-20.0048,-54.19,0.2709,1029.42,1562.93,-34.14,29.42,19,31.58,2.94
BTC/USDT,2026-03-16 09:00:00,0,HOLD,0.001587,0.002303,45.1519,0.530138,1,1,True,0.0,0.0,0.0,0.0,0.0,1029.42,1562.93,-34.14,29.42,19,31.58,2.94
BTC/USDT,2026-03-16 10:00:00,20,LONG,0.002303,0.002782,20.7866,0.534635,1,1,True,25.0,257.35,20.6866,53.24,0.2574,1082.65,1562.93,-30.73,82.65,20,35.0,8.27
BTC/USDT,2026-03-16 11:00:00,0,HOLD,0.002782,0.001486,-46.5828,0.528348,1,0,False,0.0,0.0,0.0,0.0,0.0,1082.65,1562.93,-30.73,82.65,20,35.0,8.27
BTC/USDT,2026-03-16 12:00:00,0,HOLD,0.001486,0.00169,13.7589,0.512946,1,1,True,0.0,0.0,0.0,0.0,0.0,1082.65,1562.93,-30.73,82.65,20,35.0,8.27
BTC/USDT,2026-03-16 13:00:00,0,HOLD,0.00169,0.001923,13.7596,0.492434,0,1,False,0.0,0.0,0.0,0.0,0.0,1082.65,1562.93,-30.73,82.65,20,35.0,8.27
BTC/USDT,2026-03-16 14:00:00,0,HOLD,0.001923,0.001762,-8.3722,0.495995,0,0,True,0.0,0.0,0.0,0.0,0.0,1082.65,1562.93,-30.73,82.65,20,35.0,8.27
BTC/USDT,2026-03-16 15:00:00,0,HOLD,0.001762,0.0016,-9.1965,0.486079,0,0,True,0.0,0.0,0.0,0.0,0.0,1082.65,1562.93,-30.73,82.65,20,35.0,8.27
BTC/USDT,2026-03-16 16:00:00,0,HOLD,0.0016,0.000976,-39.0211,0.469686,0,0,True,0.0,0.0,0.0,0.0,0.0,1082.65,1562.93,-30.73,82.65,20,35.0,8.27
BTC/USDT,2026-03-16 17:00:00,0,HOLD,0.000976,0.001829,87.5151,0.490106,0,1,False,0.0,0.0,0.0,0.0,0.0,1082.65,1562.93,-30.73,82.65,20,35.0,8.27
BTC/USDT,2026-03-16 18:00:00,0,HOLD,0.001829,0.001701,-7.0192,0.512128,1,0,False,0.0,0.0,0.0,0.0,0.0,1082.65,1562.93,-30.73,82.65,20,35.0,8.27
BTC/USDT,2026-03-16 19:00:00,0,HOLD,0.001701,0.001886,10.8926,0.530052,1,1,True,0.0,0.0,0.0,0.0,0.0,1082.65,1562.93,-30.73,82.65,20,35.0,8.27
BTC/USDT,2026-03-16 20:00:00,0,HOLD,0.001886,0.001782,-5.5464,0.53214,1,0,False,0.0,0.0,0.0,0.0,0.0,1082.65,1562.93,-30.73,82.65,20,35.0,8.27
BTC/USDT,2026-03-16 21:00:00,21,LONG,0.001782,0.001435,-19.4482,0.543205,1,0,False,25.0,270.66,-19.5482,-52.91,0.2707,1029.74,1562.93,-34.11,29.74,21,33.33,2.97
BTC/USDT,2026-03-16 22:00:00,22,LONG,0.001435,0.001852,29.0588,0.556946,1,1,True,25.0,257.44,28.9588,74.55,0.2574,1104.29,1562.93,-29.34,104.29,22,36.36,10.43
BTC/USDT,2026-03-16 23:00:00,23,LONG,0.001852,0.001936,4.5464,0.580007,1,1,True,25.0,276.07,4.4464,12.28,0.2761,1116.57,1562.93,-28.56,116.57,23,39.13,11.66
BTC/USDT,2026-03-17 00:00:00,24,LONG,0.001936,0.002847,47.048,0.59113,1,1,True,25.0,279.14,46.948,131.05,0.2791,1247.62,1562.93,-20.17,247.62,24,41.67,24.76
BTC/USDT,2026-03-17 01:00:00,25,LONG,0.002847,0.002088,-26.6753,0.584987,1,0,False,25.0,311.91,-26.7753,-83.51,0.3119,1164.11,1562.93,-25.52,164.11,25,40.0,16.41
BTC/USDT,2026-03-17 02:00:00,26,LONG,0.002088,0.003385,62.1523,0.592091,1,1,True,25.0,291.03,62.0523,180.59,0.291,1344.7,1562.93,-13.96,344.7,26,42.31,34.47
BTC/USDT,2026-03-17 03:00:00,27,LONG,0.003385,0.005735,69.3972,0.599252,1,1,True,25.0,336.17,69.2972,232.96,0.3362,1577.66,1577.66,0.0,577.66,27,44.44,57.77
BTC/USDT,2026-03-17 04:00:00,28,LONG,0.005735,0.003673,-35.9488,0.616477,1,0,False,25.0,394.41,-36.0488,-142.18,0.3944,1435.47,1577.66,-9.01,435.47,28,42.86,43.55
BTC/USDT,2026-03-17 05:00:00,29,LONG,0.003673,0.002387,-35.014,0.612888,1,0,False,25.0,358.87,-35.114,-126.01,0.3589,1309.46,1577.66,-17.0,309.46,29,41.38,30.95
BTC/USDT,2026-03-17 06:00:00,30,LONG,0.002387,0.002602,8.9932,0.609153,1,1,True,25.0,327.37,8.8932,29.11,0.3274,1338.57,1577.66,-15.15,338.57,30,43.33,33.86
BTC/USDT,2026-03-17 07:00:00,31,LONG,0.002602,0.003579,37.5452,0.603813,1,1,True,25.0,334.64,37.4452,125.31,0.3346,1463.88,1577.66,-7.21,463.88,31,45.16,46.39
BTC/USDT,2026-03-17 08:00:00,32,LONG,0.003579,0.0043,20.1671,0.600205,1,1,True,25.0,365.97,20.0671,73.44,0.366,1537.32,1577.66,-2.56,537.32,32,46.88,53.73
BTC/USDT,2026-03-17 09:00:00,33,LONG,0.0043,0.004146,-3.5891,0.596389,1,0,False,25.0,384.33,-3.6891,-14.18,0.3843,1523.14,1577.66,-3.46,523.14,33,45.45,52.31
BTC/USDT,2026-03-17 10:00:00,34,LONG,0.004146,0.00201,-51.5282,0.596066,1,0,False,25.0,380.79,-51.6282,-196.59,0.3808,1326.55,1577.66,-15.92,326.55,34,44.12,32.66
BTC/USDT,2026-03-17 11:00:00,35,LONG,0.00201,0.001534,-23.6678,0.59562,1,0,False,25.0,331.64,-23.7678,-78.82,0.3316,1247.73,1577.66,-20.91,247.73,35,42.86,24.77
BTC/USDT,2026-03-17 12:00:00,36,LONG,0.001534,0.002283,48.7981,0.59485,1,1,True,25.0,311.93,48.6981,151.9,0.3119,1399.63,1577.66,-11.28,399.63,36,44.44,39.96
BTC/USDT,2026-03-17 13:00:00,37,LONG,0.002283,0.002812,23.2004,0.58929,1,1,True,25.0,349.91,23.1004,80.83,0.3499,1480.46,1577.66,-6.16,480.46,37,45.95,48.05
BTC/USDT,2026-03-17 14:00:00,38,LONG,0.002812,0.001476,-47.5265,0.586872,1,0,False,25.0,370.12,-47.6265,-176.27,0.3701,1304.19,1577.66,-17.33,304.19,38,44.74,30.42
BTC/USDT,2026-03-17 15:00:00,39,LONG,0.001476,0.00126,-14.5817,0.585499,1,0,False,25.0,326.05,-14.6817,-47.87,0.326,1256.32,1577.66,-20.37,256.32,39,43.59,25.63
BTC/USDT,2026-03-17 16:00:00,40,LONG,0.00126,0.002406,90.866,0.580103,1,1,True,25.0,314.08,90.766,285.08,0.3141,1541.4,1577.66,-2.3,541.4,40,45.0,54.14
BTC/USDT,2026-03-17 17:00:00,41,LONG,0.002406,0.002742,13.9829,0.57161,1,1,True,25.0,385.35,13.8829,53.5,0.3853,1594.9,1594.9,0.0,594.9,41,46.34,59.49
BTC/USDT,2026-03-17 18:00:00,42,LONG,0.002742,0.003751,36.8013,0.575522,1,1,True,25.0,398.72,36.7013,146.34,0.3987,1741.23,1741.23,0.0,741.23,42,47.62,74.12
BTC/USDT,2026-03-17 19:00:00,43,LONG,0.003751,0.004258,13.5146,0.572387,1,1,True,25.0,435.31,13.4146,58.39,0.4353,1799.63,1799.63,0.0,799.63,43,48.84,79.96
BTC/USDT,2026-03-17 20:00:00,44,LONG,0.004258,0.003291,-22.7214,0.575427,1,0,False,25.0,449.91,-22.8214,-102.68,0.4499,1696.95,1799.63,-5.71,696.95,44,47.73,69.7
BTC/USDT,2026-03-17 21:00:00,45,LONG,0.003291,0.005996,82.2088,0.574683,1,1,True,25.0,424.24,82.1088,348.34,0.4242,2045.29,2045.29,0.0,1045.29,45,48.89,104.53
BTC/USDT,2026-03-17 22:00:00,46,LONG,0.005996,0.004452,-25.7559,0.575067,1,0,False,25.0,511.32,-25.8559,-132.21,0.5113,1913.08,2045.29,-6.46,913.08,46,47.83,91.31
BTC/USDT,2026-03-17 23:00:00,47,LONG,0.004452,0.009738,118.7552,0.579593,1,1,True,25.0,478.27,118.6552,567.49,0.4783,2480.57,2480.57,0.0,1480.57,47,48.94,148.06
BTC/USDT,2026-03-18 00:00:00,48,LONG,0.009738,0.015294,57.0534,0.579139,1,1,True,25.0,620.14,56.9534,353.19,0.6201,2833.77,2833.77,0.0,1833.77,48,50.0,183.38
BTC/USDT,2026-03-18 01:00:00,49,LONG,0.015294,0.015097,-1.2882,0.579389,1,0,False,25.0,708.44,-1.3882,-9.83,0.7084,2823.93,2833.77,-0.35,1823.93,49,48.98,182.39
BTC/USDT,2026-03-18 02:00:00,50,LONG,0.015097,0.017049,12.9268,0.581218,1,1,True,25.0,705.98,12.8268,90.55,0.706,2914.49,2914.49,0.0,1914.49,50,50.0,191.45
BTC/USDT,2026-03-18 03:00:00,51,LONG,0.017049,0.013304,-21.962,0.578961,1,0,False,25.0,728.62,-22.062,-160.75,0.7286,2753.74,2914.49,-5.52,1753.74,51,49.02,175.37
BTC/USDT,2026-03-18 04:00:00,52,LONG,0.013304,0.019277,44.8932,0.56506,1,1,True,25.0,688.43,44.7932,308.37,0.6884,3062.11,3062.11,0.0,2062.11,52,50.0,206.21
BTC/USDT,2026-03-18 05:00:00,53,LONG,0.019277,0.034727,80.1476,0.551593,1,1,True,25.0,765.53,80.0476,612.79,0.7655,3674.9,3674.9,0.0,2674.9,53,50.94,267.49
BTC/USDT,2026-03-18 06:00:00,54,LONG,0.034727,0.031504,-9.281,0.548661,1,0,False,25.0,918.72,-9.381,-86.19,0.9187,3588.71,3674.9,-2.35,2588.71,54,50.0,258.87
BTC/USDT,2026-03-18 07:00:00,55,LONG,0.031504,0.039717,26.0669,0.5538,1,1,True,25.0,897.18,25.9669,232.97,0.8972,3821.68,3821.68,0.0,2821.68,55,50.91,282.17
BTC/USDT,2026-03-18 08:00:00,56,LONG,0.039717,0.028279,-28.7992,0.548986,1,0,False,25.0,955.42,-28.8992,-276.11,0.9554,3545.57,3821.68,-7.22,2545.57,56,50.0,254.56
BTC/USDT,2026-03-18 09:00:00,57,LONG,0.028279,0.026708,-5.5539,0.540876,1,0,False,25.0,886.39,-5.6539,-50.12,0.8864,3495.46,3821.68,-8.54,2495.46,57,49.12,249.55
BTC/USDT,2026-03-18 10:00:00,58,LONG,0.026708,0.037133,39.0345,0.533437,1,1,True,25.0,873.86,38.9345,340.23,0.8739,3835.69,3835.69,0.0,2835.69,58,50.0,283.57
BTC/USDT,2026-03-18 11:00:00,0,HOLD,0.037133,0.055892,50.5175,0.527148,1,1,True,0.0,0.0,0.0,0.0,0.0,3835.69,3835.69,0.0,2835.69,58,50.0,283.57
BTC/USDT,2026-03-18 12:00:00,0,HOLD,0.055892,0.060785,8.7548,0.521379,1,1,True,0.0,0.0,0.0,0.0,0.0,3835.69,3835.69,0.0,2835.69,58,50.0,283.57
BTC/USDT,2026-03-18 13:00:00,0,HOLD,0.060785,0.036794,-39.4689,0.520463,1,0,False,0.0,0.0,0.0,0.0,0.0,3835.69,3835.69,0.0,2835.69,58,50.0,283.57
BTC/USDT,2026-03-18 14:00:00,0,HOLD,0.036794,0.027978,-23.9597,0.51628,1,0,False,0.0,0.0,0.0,0.0,0.0,3835.69,3835.69,0.0,2835.69,58,50.0,283.57
BTC/USDT,2026-03-18 15:00:00,0,HOLD,0.027978,0.046378,65.7636,0.514298,1,1,True,0.0,0.0,0.0,0.0,0.0,3835.69,3835.69,0.0,2835.69,58,50.0,283.57
BTC/USDT,2026-03-18 16:00:00,0,HOLD,0.046378,0.035284,-23.9214,0.519378,1,0,False,0.0,0.0,0.0,0.0,0.0,3835.69,3835.69,0.0,2835.69,58,50.0,283.57
BTC/USDT,2026-03-18 17:00:00,0,HOLD,0.035284,0.042428,20.2474,0.521513,1,1,True,0.0,0.0,0.0,0.0,0.0,3835.69,3835.69,0.0,2835.69,58,50.0,283.57
BTC/USDT,2026-03-18 18:00:00,0,HOLD,0.042428,0.048237,13.6921,0.522227,1,1,True,0.0,0.0,0.0,0.0,0.0,3835.69,3835.69,0.0,2835.69,58,50.0,283.57
BTC/USDT,2026-03-18 19:00:00,0,HOLD,0.048237,0.081665,69.3,0.52286,1,1,True,0.0,0.0,0.0,0.0,0.0,3835.69,3835.69,0.0,2835.69,58,50.0,283.57
BTC/USDT,2026-03-18 20:00:00,0,HOLD,0.081665,0.058244,-28.6794,0.522654,1,0,False,0.0,0.0,0.0,0.0,0.0,3835.69,3835.69,0.0,2835.69,58,50.0,283.57
BTC/USDT,2026-03-18 21:00:00,0,HOLD,0.058244,0.07744,32.9583,0.517827,1,1,True,0.0,0.0,0.0,0.0,0.0,3835.69,3835.69,0.0,2835.69,58,50.0,283.57
BTC/USDT,2026-03-18 22:00:00,0,HOLD,0.07744,0.109969,42.0051,0.515569,1,1,True,0.0,0.0,0.0,0.0,0.0,3835.69,3835.69,0.0,2835.69,58,50.0,283.57
BTC/USDT,2026-03-18 23:00:00,0,HOLD,0.109969,0.116755,6.171,0.517105,1,1,True,0.0,0.0,0.0,0.0,0.0,3835.69,3835.69,0.0,2835.69,58,50.0,283.57
BTC/USDT,2026-03-19 00:00:00,0,HOLD,0.116755,0.065489,-43.9095,0.523542,1,0,False,0.0,0.0,0.0,0.0,0.0,3835.69,3835.69,0.0,2835.69,58,50.0,283.57
BTC/USDT,2026-03-19 01:00:00,0,HOLD,0.065489,0.054526,-16.74,0.530169,1,0,False,0.0,0.0,0.0,0.0,0.0,3835.69,3835.69,0.0,2835.69,58,50.0,283.57
BTC/USDT,2026-03-19 02:00:00,59,LONG,0.054526,0.082008,50.4023,0.536202,1,1,True,25.0,958.92,50.3023,482.36,0.9589,4318.05,4318.05,0.0,3318.05,59,50.85,331.81
BTC/USDT,2026-03-19 03:00:00,60,LONG,0.082008,0.081325,-0.8323,0.539271,1,0,False,25.0,1079.51,-0.9323,-10.06,1.0795,4307.99,4318.05,-0.23,3307.99,60,50.0,330.8
BTC/USDT,2026-03-19 04:00:00,61,LONG,0.081325,0.08832,8.6005,0.545451,1,1,True,25.0,1077.0,8.5005,91.55,1.077,4399.54,4399.54,0.0,3399.54,61,50.82,339.95
BTC/USDT,2026-03-19 05:00:00,62,LONG,0.08832,0.069787,-20.9832,0.554658,1,0,False,25.0,1099.88,-21.0832,-231.89,1.0999,4167.65,4399.54,-5.27,3167.65,62,50.0,316.76
BTC/USDT,2026-03-19 06:00:00,63,LONG,0.069787,0.088303,26.532,0.570542,1,1,True,25.0,1041.91,26.432,275.4,1.0419,4443.04,4443.04,0.0,3443.04,63,50.79,344.3
BTC/USDT,2026-03-19 07:00:00,64,LONG,0.088303,0.08681,-1.6913,0.574657,1,0,False,25.0,1110.76,-1.7913,-19.9,1.1108,4423.15,4443.04,-0.45,3423.15,64,50.0,342.31
BTC/USDT,2026-03-19 08:00:00,65,LONG,0.08681,0.083498,-3.8149,0.585532,1,0,False,25.0,1105.79,-3.9149,-43.29,1.1058,4379.86,4443.04,-1.42,3379.86,65,49.23,337.99
BTC/USDT,2026-03-19 09:00:00,66,LONG,0.083498,0.08686,4.0264,0.591463,1,1,True,25.0,1094.96,3.9264,42.99,1.095,4422.85,4443.04,-0.45,3422.85,66,50.0,342.28
BTC/USDT,2026-03-19 10:00:00,67,LONG,0.08686,0.078532,-9.5878,0.599772,1,0,False,25.0,1105.71,-9.6878,-107.12,1.1057,4315.73,4443.04,-2.87,3315.73,67,49.25,331.57
BTC/USDT,2026-03-19 11:00:00,68,LONG,0.078532,0.143413,82.617,0.606482,1,1,True,25.0,1078.93,82.517,890.3,1.0789,5206.03,5206.03,0.0,4206.03,68,50.0,420.6
BTC/USDT,2026-03-19 12:00:00,69,LONG,0.143413,0.246382,71.799,0.598135,1,1,True,25.0,1301.51,71.699,933.17,1.3015,6139.2,6139.2,0.0,5139.2,69,50.72,513.92
BTC/USDT,2026-03-19 13:00:00,70,LONG,0.246382,0.408544,65.817,0.592555,1,1,True,25.0,1534.8,65.717,1008.62,1.5348,7147.83,7147.83,0.0,6147.83,70,51.43,614.78
BTC/USDT,2026-03-19 14:00:00,71,LONG,0.408544,0.445924,9.1496,0.596042,1,1,True,25.0,1786.96,9.0496,161.71,1.787,7309.54,7309.54,0.0,6309.54,71,52.11,630.95
BTC/USDT,2026-03-19 15:00:00,72,LONG,0.445924,0.376205,-15.6347,0.596944,1,0,False,25.0,1827.38,-15.7347,-287.53,1.8274,7022.0,7309.54,-3.93,6022.0,72,51.39,602.2
BTC/USDT,2026-03-19 16:00:00,73,LONG,0.376205,0.475399,26.367,0.578853,1,1,True,25.0,1755.5,26.267,461.12,1.7555,7483.12,7483.12,0.0,6483.12,73,52.05,648.31
BTC/USDT,2026-03-19 17:00:00,74,LONG,0.475399,0.439452,-7.5614,0.574169,1,0,False,25.0,1870.78,-7.6614,-143.33,1.8708,7339.79,7483.12,-1.92,6339.79,74,51.35,633.98
BTC/USDT,2026-03-19 18:00:00,75,LONG,0.439452,0.558423,27.0726,0.564541,1,1,True,25.0,1834.95,26.9726,494.93,1.8349,7834.73,7834.73,0.0,6834.73,75,52.0,683.47
BTC/USDT,2026-03-19 19:00:00,76,LONG,0.558423,0.471319,-15.5982,0.556286,1,0,False,25.0,1958.68,-15.6982,-307.48,1.9587,7527.25,7834.73,-3.92,6527.25,76,51.32,652.72
BTC/USDT,2026-03-19 20:00:00,77,LONG,0.471319,0.519257,10.1709,0.546169,1,1,True,25.0,1881.81,10.0709,189.52,1.8818,7716.76,7834.73,-1.51,6716.76,77,51.95,671.68
BTC/USDT,2026-03-19 21:00:00,78,LONG,0.519257,0.710385,36.8082,0.537029,1,1,True,25.0,1929.19,36.7082,708.17,1.9292,8424.93,8424.93,0.0,7424.93,78,52.56,742.49
BTC/USDT,2026-03-19 22:00:00,79,LONG,0.710385,0.658856,-7.2537,0.539111,1,0,False,25.0,2106.23,-7.3537,-154.89,2.1062,8270.05,8424.93,-1.84,7270.05,79,51.9,727.0
BTC/USDT,2026-03-19 23:00:00,80,LONG,0.658856,0.609691,-7.4622,0.534437,1,0,False,25.0,2067.51,-7.5622,-156.35,2.0675,8113.7,8424.93,-3.69,7113.7,80,51.25,711.37
BTC/USDT,2026-03-20 00:00:00,0,HOLD,0.609691,0.393411,-35.4737,0.527293,1,0,False,0.0,0.0,0.0,0.0,0.0,8113.7,8424.93,-3.69,7113.7,80,51.25,711.37
BTC/USDT,2026-03-20 01:00:00,0,HOLD,0.393411,0.300457,-23.6276,0.525569,1,0,False,0.0,0.0,0.0,0.0,0.0,8113.7,8424.93,-3.69,7113.7,80,51.25,711.37
BTC/USDT,2026-03-20 02:00:00,0,HOLD,0.300457,0.365404,21.6161,0.526847,1,1,True,0.0,0.0,0.0,0.0,0.0,8113.7,8424.93,-3.69,7113.7,80,51.25,711.37
BTC/USDT,2026-03-20 03:00:00,0,HOLD,0.365404,0.525241,43.7426,0.519246,1,1,True,0.0,0.0,0.0,0.0,0.0,8113.7,8424.93,-3.69,7113.7,80,51.25,711.37
BTC/USDT,2026-03-20 04:00:00,0,HOLD,0.525241,0.776392,47.8162,0.503338,1,1,True,0.0,0.0,0.0,0.0,0.0,8113.7,8424.93,-3.69,7113.7,80,51.25,711.37
BTC/USDT,2026-03-20 05:00:00,0,HOLD,0.776392,0.980495,26.2886,0.495167,0,1,False,0.0,0.0,0.0,0.0,0.0,8113.7,8424.93,-3.69,7113.7,80,51.25,711.37
BTC/USDT,2026-03-20 06:00:00,0,HOLD,0.980495,0.982119,0.1657,0.491464,0,1,False,0.0,0.0,0.0,0.0,0.0,8113.7,8424.93,-3.69,7113.7,80,51.25,711.37
BTC/USDT,2026-03-20 07:00:00,0,HOLD,0.982119,1.419333,44.5174,0.490538,0,1,False,0.0,0.0,0.0,0.0,0.0,8113.7,8424.93,-3.69,7113.7,80,51.25,711.37
BTC/USDT,2026-03-20 08:00:00,0,HOLD,1.419333,1.434049,1.0368,0.49183,0,1,False,0.0,0.0,0.0,0.0,0.0,8113.7,8424.93,-3.69,7113.7,80,51.25,711.37
BTC/USDT,2026-03-20 09:00:00,0,HOLD,1.434049,1.703112,18.7624,0.493884,0,1,False,0.0,0.0,0.0,0.0,0.0,8113.7,8424.93,-3.69,7113.7,80,51.25,711.37
BTC/USDT,2026-03-20 10:00:00,0,HOLD,1.703112,2.635087,54.7219,0.501643,1,1,True,0.0,0.0,0.0,0.0,0.0,8113.7,8424.93,-3.69,7113.7,80,51.25,711.37
BTC/USDT,2026-03-20 11:00:00,0,HOLD,2.635087,3.589105,36.2044,0.506021,1,1,True,0.0,0.0,0.0,0.0,0.0,8113.7,8424.93,-3.69,7113.7,80,51.25,711.37
BTC/USDT,2026-03-20 12:00:00,0,HOLD,3.589105,2.0388,-43.1948,0.51539,1,0,False,0.0,0.0,0.0,0.0,0.0,8113.7,8424.93,-3.69,7113.7,80,51.25,711.37
BTC/USDT,2026-03-20 13:00:00,0,HOLD,2.0388,2.82329,38.478,0.521989,1,1,True,0.0,0.0,0.0,0.0,0.0,8113.7,8424.93,-3.69,7113.7,80,51.25,711.37
BTC/USDT,2026-03-20 14:00:00,0,HOLD,2.82329,1.897506,-32.791,0.526068,1,0,False,0.0,0.0,0.0,0.0,0.0,8113.7,8424.93,-3.69,7113.7,80,51.25,711.37
BTC/USDT,2026-03-20 15:00:00,0,HOLD,1.897506,1.275652,-32.7721,0.530165,1,0,False,0.0,0.0,0.0,0.0,0.0,8113.7,8424.93,-3.69,7113.7,80,51.25,711.37
BTC/USDT,2026-03-20 16:00:00,0,HOLD,1.275652,1.259481,-1.2677,0.525078,1,0,False,0.0,0.0,0.0,0.0,0.0,8113.7,8424.93,-3.69,7113.7,80,51.25,711.37
BTC/USDT,2026-03-20 17:00:00,0,HOLD,1.259481,1.032432,-18.0272,0.51817,1,0,False,0.0,0.0,0.0,0.0,0.0,8113.7,8424.93,-3.69,7113.7,80,51.25,711.37
BTC/USDT,2026-03-20 18:00:00,0,HOLD,1.032432,1.065179,3.1719,0.508244,1,1,True,0.0,0.0,0.0,0.0,0.0,8113.7,8424.93,-3.69,7113.7,80,51.25,711.37
BTC/USDT,2026-03-20 19:00:00,0,HOLD,1.065179,2.215975,108.0377,0.509214,1,1,True,0.0,0.0,0.0,0.0,0.0,8113.7,8424.93,-3.69,7113.7,80,51.25,711.37
BTC/USDT,2026-03-20 20:00:00,0,HOLD,2.215975,2.462757,11.1365,0.504921,1,1,True,0.0,0.0,0.0,0.0,0.0,8113.7,8424.93,-3.69,7113.7,80,51.25,711.37
BTC/USDT,2026-03-20 21:00:00,0,HOLD,2.462757,3.482911,41.4232,0.501688,1,1,True,0.0,0.0,0.0,0.0,0.0,8113.7,8424.93,-3.69,7113.7,80,51.25,711.37
BTC/USDT,2026-03-20 22:00:00,0,HOLD,3.482911,2.76471,-20.6207,0.500536,1,0,False,0.0,0.0,0.0,0.0,0.0,8113.7,8424.93,-3.69,7113.7,80,51.25,711.37
BTC/USDT,2026-03-20 23:00:00,0,HOLD,2.76471,2.694591,-2.5362,0.500358,1,0,False,0.0,0.0,0.0,0.0,0.0,8113.7,8424.93,-3.69,7113.7,80,51.25,711.37
BTC/USDT,2026-03-21 00:00:00,0,HOLD,2.694591,3.157015,17.1612,0.502038,1,1,True,0.0,0.0,0.0,0.0,0.0,8113.7,8424.93,-3.69,7113.7,80,51.25,711.37
BTC/USDT,2026-03-21 01:00:00,0,HOLD,3.157015,2.086179,-33.9193,0.501031,1,0,False,0.0,0.0,0.0,0.0,0.0,8113.7,8424.93,-3.69,7113.7,80,51.25,711.37
BTC/USDT,2026-03-21 02:00:00,0,HOLD,2.086179,2.05215,-1.6311,0.50113,1,0,False,0.0,0.0,0.0,0.0,0.0,8113.7,8424.93,-3.69,7113.7,80,51.25,711.37
BTC/USDT,2026-03-21 03:00:00,0,HOLD,2.05215,1.637441,-20.2085,0.507646,1,0,False,0.0,0.0,0.0,0.0,0.0,8113.7,8424.93,-3.69,7113.7,80,51.25,711.37
BTC/USDT,2026-03-21 04:00:00,0,HOLD,1.637441,1.618887,-1.1331,0.519541,1,0,False,0.0,0.0,0.0,0.0,0.0,8113.7,8424.93,-3.69,7113.7,80,51.25,711.37
BTC/USDT,2026-03-21 05:00:00,0,HOLD,1.618887,1.711365,5.7124,0.526398,1,1,True,0.0,0.0,0.0,0.0,0.0,8113.7,8424.93,-3.69,7113.7,80,51.25,711.37
BTC/USDT,2026-03-21 06:00:00,81,LONG,1.711365,1.281708,-25.1061,0.538998,1,0,False,25.0,2028.42,-25.2061,-511.29,2.0284,7602.41,8424.93,-9.76,6602.41,81,50.62,660.24
BTC/USDT,2026-03-21 07:00:00,82,LONG,1.281708,0.892871,-30.3374,0.550917,1,0,False,25.0,1900.6,-30.4374,-578.49,1.9006,7023.92,8424.93,-16.63,6023.92,82,50.0,602.39
BTC/USDT,2026-03-21 08:00:00,83,LONG,0.892871,1.089103,21.9777,0.559319,1,1,True,25.0,1755.98,21.8777,384.17,1.756,7408.08,8424.93,-12.07,6408.08,83,50.6,640.81
BTC/USDT,2026-03-21 09:00:00,84,LONG,1.089103,1.742225,59.9689,0.565669,1,1,True,25.0,1852.02,59.8689,1108.78,1.852,8516.87,8516.87,0.0,7516.87,84,51.19,751.69
BTC/USDT,2026-03-21 10:00:00,85,LONG,1.742225,2.414846,38.607,0.56914,1,1,True,25.0,2129.22,38.507,819.9,2.1292,9336.76,9336.76,0.0,8336.76,85,51.76,833.68
BTC/USDT,2026-03-21 11:00:00,86,LONG,2.414846,2.28011,-5.5795,0.568648,1,0,False,25.0,2334.19,-5.6795,-132.57,2.3342,9204.19,9336.76,-1.42,8204.19,86,51.16,820.42
BTC/USDT,2026-03-21 12:00:00,87,LONG,2.28011,2.167938,-4.9196,0.564821,1,0,False,25.0,2301.05,-5.0196,-115.5,2.301,9088.69,9336.76,-2.66,8088.69,87,50.57,808.87
BTC/USDT,2026-03-21 13:00:00,88,LONG,2.167938,2.585375,19.255,0.559273,1,1,True,25.0,2272.17,19.155,435.24,2.2722,9523.93,9523.93,0.0,8523.93,88,51.14,852.39
BTC/USDT,2026-03-21 14:00:00,89,LONG,2.585375,4.403648,70.3291,0.545935,1,1,True,25.0,2380.98,70.2291,1672.14,2.381,11196.07,11196.07,0.0,10196.07,89,51.69,1019.61
BTC/USDT,2026-03-21 15:00:00,90,LONG,4.403648,6.088687,38.2646,0.547391,1,1,True,25.0,2799.02,38.1646,1068.23,2.799,12264.3,12264.3,0.0,11264.3,90,52.22,1126.43
BTC/USDT,2026-03-21 16:00:00,91,LONG,6.088687,5.176898,-14.9751,0.552045,1,0,False,25.0,3066.08,-15.0751,-462.22,3.0661,11802.09,12264.3,-3.77,10802.09,91,51.65,1080.21
BTC/USDT,2026-03-21 17:00:00,92,LONG,5.176898,4.553343,-12.0449,0.557026,1,0,False,25.0,2950.52,-12.1449,-358.34,2.9505,11443.75,12264.3,-6.69,10443.75,92,51.09,1044.37
BTC/USDT,2026-03-21 18:00:00,93,LONG,4.553343,3.237818,-28.8914,0.553459,1,0,False,25.0,2860.94,-28.9914,-829.43,2.8609,10614.32,12264.3,-13.45,9614.32,93,50.54,961.43
BTC/USDT,2026-03-21 19:00:00,94,LONG,3.237818,3.976249,22.8064,0.553924,1,1,True,25.0,2653.58,22.7064,602.53,2.6536,11216.86,12264.3,-8.54,10216.86,94,51.06,1021.69
BTC/USDT,2026-03-21 20:00:00,95,LONG,3.976249,2.885703,-27.4265,0.558452,1,0,False,25.0,2804.21,-27.5265,-771.9,2.8042,10444.96,12264.3,-14.83,9444.96,95,50.53,944.5
BTC/USDT,2026-03-21 21:00:00,96,LONG,2.885703,2.429824,-15.7979,0.562637,1,0,False,25.0,2611.24,-15.8979,-415.13,2.6112,10029.82,12264.3,-18.22,9029.82,96,50.0,902.98
BTC/USDT,2026-03-21 22:00:00,97,LONG,2.429824,3.756172,54.5862,0.563007,1,1,True,25.0,2507.46,54.4862,1366.22,2.5075,11396.04,12264.3,-7.08,10396.04,97,50.52,1039.6
BTC/USDT,2026-03-21 23:00:00,98,LONG,3.756172,4.801876,27.8396,0.557756,1,1,True,25.0,2849.01,27.7396,790.3,2.849,12186.35,12264.3,-0.64,11186.35,98,51.02,1118.63
BTC/USDT,2026-03-22 00:00:00,99,LONG,4.801876,3.802027,-20.822,0.551063,1,0,False,25.0,3046.59,-20.922,-637.41,3.0466,11548.94,12264.3,-5.83,10548.94,99,50.51,1054.89
BTC/USDT,2026-03-22 01:00:00,100,LONG,3.802027,2.984584,-21.5002,0.551636,1,0,False,25.0,2887.23,-21.6002,-623.65,2.8872,10925.29,12264.3,-10.92,9925.29,100,50.0,992.53
BTC/USDT,2026-03-22 02:00:00,101,LONG,2.984584,1.391874,-53.3646,0.556475,1,0,False,25.0,2731.32,-53.4646,-1460.29,2.7313,9465.0,12264.3,-22.82,8465.0,101,49.5,846.5
BTC/USDT,2026-03-22 03:00:00,102,LONG,1.391874,1.174198,-15.6391,0.560352,1,0,False,25.0,2366.25,-15.7391,-372.43,2.3663,9092.57,12264.3,-25.86,8092.57,102,49.02,809.26
BTC/USDT,2026-03-22 04:00:00,103,LONG,1.174198,1.311063,11.656,0.559025,1,1,True,25.0,2273.14,11.556,262.69,2.2731,9355.26,12264.3,-23.72,8355.26,103,49.51,835.53
BTC/USDT,2026-03-22 05:00:00,104,LONG,1.311063,1.573793,20.0395,0.561742,1,1,True,25.0,2338.81,19.9395,466.35,2.3388,9821.61,12264.3,-19.92,8821.61,104,50.0,882.16
BTC/USDT,2026-03-22 06:00:00,105,LONG,1.573793,1.241184,-21.1342,0.560589,1,0,False,25.0,2455.4,-21.2342,-521.39,2.4554,9300.22,12264.3,-24.17,8300.22,105,49.52,830.02
BTC/USDT,2026-03-22 07:00:00,106,LONG,1.241184,0.631348,-49.1334,0.557216,1,0,False,25.0,2325.06,-49.2334,-1144.7,2.3251,8155.52,12264.3,-33.5,7155.52,106,49.06,715.55
BTC/USDT,2026-03-22 08:00:00,107,LONG,0.631348,0.50126,-20.6047,0.551067,1,0,False,25.0,2038.88,-20.7047,-422.14,2.0389,7733.37,12264.3,-36.94,6733.37,107,48.6,673.34
BTC/USDT,2026-03-22 09:00:00,108,LONG,0.50126,0.37851,-24.4884,0.546845,1,0,False,25.0,1933.34,-24.5884,-475.38,1.9333,7257.99,12264.3,-40.82,6257.99,108,48.15,625.8
BTC/USDT,2026-03-22 10:00:00,109,LONG,0.37851,0.264359,-30.158,0.541502,1,0,False,25.0,1814.5,-30.258,-549.03,1.8145,6708.96,12264.3,-45.3,5708.96,109,47.71,570.9
BTC/USDT,2026-03-22 11:00:00,110,LONG,0.264359,0.2981,12.7635,0.540658,1,1,True,25.0,1677.24,12.6635,212.4,1.6772,6921.36,12264.3,-43.56,5921.36,110,48.18,592.14
BTC/USDT,2026-03-22 12:00:00,111,LONG,0.2981,0.299127,0.3443,0.532582,1,1,True,25.0,1730.34,0.2443,4.23,1.7303,6925.59,12264.3,-43.53,5925.59,111,48.65,592.56
BTC/USDT,2026-03-22 13:00:00,0,HOLD,0.299127,0.249313,-16.6531,0.524226,1,0,False,0.0,0.0,0.0,0.0,0.0,6925.59,12264.3,-43.53,5925.59,111,48.65,592.56
BTC/USDT,2026-03-22 14:00:00,0,HOLD,0.249313,0.222004,-10.9537,0.52263,1,0,False,0.0,0.0,0.0,0.0,0.0,6925.59,12264.3,-43.53,5925.59,111,48.65,592.56
BTC/USDT,2026-03-22 15:00:00,0,HOLD,0.222004,0.328673,48.0481,0.52727,1,1,True,0.0,0.0,0.0,0.0,0.0,6925.59,12264.3,-43.53,5925.59,111,48.65,592.56
BTC/USDT,2026-03-22 16:00:00,112,LONG,0.328673,0.249746,-24.0136,0.534041,1,0,False,25.0,1731.4,-24.1136,-417.5,1.7314,6508.09,12264.3,-46.93,5508.09,112,48.21,550.81
BTC/USDT,2026-03-22 17:00:00,113,LONG,0.249746,0.298443,19.4984,0.539356,1,1,True,25.0,1627.02,19.3984,315.62,1.627,6823.7,12264.3,-44.36,5823.7,113,48.67,582.37
BTC/USDT,2026-03-22 18:00:00,114,LONG,0.298443,0.378776,26.9175,0.53455,1,1,True,25.0,1705.93,26.8175,457.49,1.7059,7281.19,12264.3,-40.63,6281.19,114,49.12,628.12
BTC/USDT,2026-03-22 19:00:00,115,LONG,0.378776,0.25873,-31.6933,0.542458,1,0,False,25.0,1820.3,-31.7933,-578.73,1.8203,6702.46,12264.3,-45.35,5702.46,115,48.7,570.25
BTC/USDT,2026-03-22 20:00:00,116,LONG,0.25873,0.274126,5.9509,0.551408,1,1,True,25.0,1675.61,5.8509,98.04,1.6756,6800.49,12264.3,-44.55,5800.49,116,49.14,580.05
BTC/USDT,2026-03-22 21:00:00,117,LONG,0.274126,0.271496,-0.9596,0.554494,1,0,False,25.0,1700.12,-1.0596,-18.01,1.7001,6782.48,12264.3,-44.7,5782.48,117,48.72,578.25
BTC/USDT,2026-03-22 22:00:00,118,LONG,0.271496,0.318147,17.183,0.551157,1,1,True,25.0,1695.62,17.083,289.66,1.6956,7072.14,12264.3,-42.34,6072.14,118,49.15,607.21
BTC/USDT,2026-03-22 23:00:00,119,LONG,0.318147,0.331569,4.2187,0.557735,1,1,True,25.0,1768.04,4.1187,72.82,1.768,7144.96,12264.3,-41.74,6144.96,119,49.58,614.5
BTC/USDT,2026-03-23 00:00:00,120,LONG,0.331569,0.25038,-24.4863,0.56233,1,0,False,25.0,1786.24,-24.5863,-439.17,1.7862,6705.79,12264.3,-45.32,5705.79,120,49.17,570.58
BTC/USDT,2026-03-23 01:00:00,121,LONG,0.25038,0.144295,-42.3697,0.55787,1,0,False,25.0,1676.45,-42.4697,-711.98,1.6764,5993.81,12264.3,-51.13,4993.81,121,48.76,499.38
BTC/USDT,2026-03-23 02:00:00,122,LONG,0.144295,0.106751,-26.0186,0.556448,1,0,False,25.0,1498.45,-26.1186,-391.37,1.4985,5602.44,12264.3,-54.32,4602.44,122,48.36,460.24
BTC/USDT,2026-03-23 03:00:00,123,LONG,0.106751,0.116661,9.2834,0.555732,1,1,True,25.0,1400.61,9.1834,128.62,1.4006,5731.06,12264.3,-53.27,4731.06,123,48.78,473.11
BTC/USDT,2026-03-23 04:00:00,124,LONG,0.116661,0.087415,-25.0696,0.55996,1,0,False,25.0,1432.77,-25.1696,-360.62,1.4328,5370.44,12264.3,-56.21,4370.44,124,48.39,437.04
BTC/USDT,2026-03-23 05:00:00,125,LONG,0.087415,0.128241,46.7043,0.561248,1,1,True,25.0,1342.61,46.6043,625.71,1.3426,5996.15,12264.3,-51.11,4996.15,125,48.8,499.62
BTC/USDT,2026-03-23 06:00:00,126,LONG,0.128241,0.164578,28.3347,0.561426,1,1,True,25.0,1499.04,28.2347,423.25,1.499,6419.4,12264.3,-47.66,5419.4,126,49.21,541.94
BTC/USDT,2026-03-23 07:00:00,127,LONG,0.164578,0.128377,-21.9963,0.561764,1,0,False,25.0,1604.85,-22.0963,-354.61,1.6049,6064.79,12264.3,-50.55,5064.79,127,48.82,506.48
BTC/USDT,2026-03-23 08:00:00,128,LONG,0.128377,0.123415,-3.8653,0.569614,1,0,False,25.0,1516.2,-3.9653,-60.12,1.5162,6004.67,12264.3,-51.04,5004.67,128,48.44,500.47
BTC/USDT,2026-03-23 09:00:00,129,LONG,0.123415,0.105443,-14.562,0.57902,1,0,False,25.0,1501.17,-14.662,-220.1,1.5012,5784.57,12264.3,-52.83,4784.57,129,48.06,478.46
BTC/USDT,2026-03-23 10:00:00,130,LONG,0.105443,0.109685,4.0226,0.588627,1,1,True,25.0,1446.14,3.9226,56.73,1.4461,5841.29,12264.3,-52.37,4841.29,130,48.46,484.13
BTC/USDT,2026-03-23 11:00:00,131,LONG,0.109685,0.123087,12.2192,0.599642,1,1,True,25.0,1460.32,12.1192,176.98,1.4603,6018.27,12264.3,-50.93,5018.27,131,48.85,501.83
BTC/USDT,2026-03-23 12:00:00,132,LONG,0.123087,0.089918,-26.948,0.609396,1,0,False,25.0,1504.57,-27.048,-406.96,1.5046,5611.32,12264.3,-54.25,4611.32,132,48.48,461.13
BTC/USDT,2026-03-23 13:00:00,133,LONG,0.089918,0.16963,88.6495,0.608786,1,1,True,25.0,1402.83,88.5495,1242.2,1.4028,6853.52,12264.3,-44.12,5853.52,133,48.87,585.35
BTC/USDT,2026-03-23 14:00:00,134,LONG,0.16963,0.121578,-28.3276,0.599789,1,0,False,25.0,1713.38,-28.4276,-487.07,1.7134,6366.44,12264.3,-48.09,5366.44,134,48.51,536.64
BTC/USDT,2026-03-23 15:00:00,135,LONG,0.121578,0.138425,13.8571,0.600772,1,1,True,25.0,1591.61,13.7571,218.96,1.5916,6585.4,12264.3,-46.3,5585.4,135,48.89,558.54
BTC/USDT,2026-03-23 16:00:00,136,LONG,0.138425,0.09985,-27.8671,0.603388,1,0,False,25.0,1646.35,-27.9671,-460.44,1.6464,6124.97,12264.3,-50.06,5124.97,136,48.53,512.5
BTC/USDT,2026-03-23 17:00:00,137,LONG,0.09985,0.105045,5.2028,0.60557,1,1,True,25.0,1531.24,5.1028,78.14,1.5312,6203.1,12264.3,-49.42,5203.1,137,48.91,520.31
BTC/USDT,2026-03-23 18:00:00,138,LONG,0.105045,0.095953,-8.6547,0.615242,1,0,False,25.0,1550.78,-8.7547,-135.77,1.5508,6067.34,12264.3,-50.53,5067.34,138,48.55,506.73
BTC/USDT,2026-03-23 19:00:00,139,LONG,0.095953,0.114328,19.1492,0.624052,1,1,True,25.0,1516.83,19.0492,288.95,1.5168,6356.28,12264.3,-48.17,5356.28,139,48.92,535.63
BTC/USDT,2026-03-23 20:00:00,140,LONG,0.114328,0.111617,-2.3713,0.627731,1,0,False,25.0,1589.07,-2.4713,-39.27,1.5891,6317.01,12264.3,-48.49,5317.01,140,48.57,531.7
BTC/USDT,2026-03-23 21:00:00,141,LONG,0.111617,0.097511,-12.6374,0.634558,1,0,False,25.0,1579.25,-12.7374,-201.16,1.5793,6115.86,12264.3,-50.13,5115.86,141,48.23,511.59
BTC/USDT,2026-03-23 22:00:00,142,LONG,0.097511,0.131032,34.3767,0.642398,1,1,True,25.0,1528.96,34.2767,524.08,1.529,6639.94,12264.3,-45.86,5639.94,142,48.59,563.99
BTC/USDT,2026-03-23 23:00:00,143,LONG,0.131032,0.150439,14.8104,0.615604,1,1,True,25.0,1659.98,14.7104,244.19,1.66,6884.13,12264.3,-43.87,5884.13,143,48.95,588.41
BTC/USDT,2026-03-24 00:00:00,144,LONG,0.150439,0.109866,-26.9694,0.612155,1,0,False,25.0,1721.03,-27.0694,-465.87,1.721,6418.25,12264.3,-47.67,5418.25,144,48.61,541.83
BTC/USDT,2026-03-24 01:00:00,145,LONG,0.109866,0.1151,4.7633,0.609801,1,1,True,25.0,1604.56,4.6633,74.83,1.6046,6493.08,12264.3,-47.06,5493.08,145,48.97,549.31
BTC/USDT,2026-03-24 02:00:00,146,LONG,0.1151,0.144616,25.644,0.613386,1,1,True,25.0,1623.27,25.544,414.65,1.6233,6907.73,12264.3,-43.68,5907.73,146,49.32,590.77
BTC/USDT,2026-03-24 03:00:00,147,LONG,0.144616,0.109416,-24.3406,0.614411,1,0,False,25.0,1726.93,-24.4406,-422.07,1.7269,6485.66,12264.3,-47.12,5485.66,147,48.98,548.57
BTC/USDT,2026-03-24 04:00:00,148,LONG,0.109416,0.114542,4.6856,0.617433,1,1,True,25.0,1621.41,4.5856,74.35,1.6214,6560.01,12264.3,-46.51,5560.01,148,49.32,556.0
BTC/USDT,2026-03-24 05:00:00,149,LONG,0.114542,0.127591,11.392,0.619449,1,1,True,25.0,1640.0,11.292,185.19,1.64,6745.2,12264.3,-45.0,5745.2,149,49.66,574.52
BTC/USDT,2026-03-24 06:00:00,150,LONG,0.127591,0.139131,9.0445,0.62418,1,1,True,25.0,1686.3,8.9445,150.83,1.6863,6896.03,12264.3,-43.77,5896.03,150,50.0,589.6
BTC/USDT,2026-03-24 07:00:00,151,LONG,0.139131,0.115418,-17.0439,0.610708,1,0,False,25.0,1724.01,-17.1439,-295.56,1.724,6600.47,12264.3,-46.18,5600.47,151,49.67,560.05
BTC/USDT,2026-03-24 08:00:00,152,LONG,0.115418,0.106054,-8.1131,0.613155,1,0,False,25.0,1650.12,-8.2131,-135.53,1.6501,6464.94,12264.3,-47.29,5464.94,152,49.34,546.49
BTC/USDT,2026-03-24 09:00:00,153,LONG,0.106054,0.153516,44.7525,0.607127,1,1,True,25.0,1616.24,44.6525,721.69,1.6162,7186.63,12264.3,-41.4,6186.63,153,49.67,618.66
BTC/USDT,2026-03-24 10:00:00,154,LONG,0.153516,0.170347,10.9637,0.609472,1,1,True,25.0,1796.66,10.8637,195.18,1.7967,7381.81,12264.3,-39.81,6381.81,154,50.0,638.18
BTC/USDT,2026-03-24 11:00:00,155,LONG,0.170347,0.122226,-28.2487,0.609904,1,0,False,25.0,1845.45,-28.3487,-523.16,1.8455,6858.65,12264.3,-44.08,5858.65,155,49.68,585.87
BTC/USDT,2026-03-24 12:00:00,156,LONG,0.122226,0.125427,2.6195,0.596848,1,1,True,25.0,1714.66,2.5195,43.2,1.7147,6901.85,12264.3,-43.72,5901.85,156,50.0,590.19
BTC/USDT,2026-03-24 13:00:00,157,LONG,0.125427,0.140858,12.302,0.58757,1,1,True,25.0,1725.46,12.202,210.54,1.7255,7112.39,12264.3,-42.01,6112.39,157,50.32,611.24
BTC/USDT,2026-03-24 14:00:00,158,LONG,0.140858,0.118189,-16.093,0.578756,1,0,False,25.0,1778.1,-16.193,-287.93,1.7781,6824.46,12264.3,-44.36,5824.46,158,50.0,582.45
BTC/USDT,2026-03-24 15:00:00,159,LONG,0.118189,0.171083,44.7537,0.571838,1,1,True,25.0,1706.12,44.6537,761.84,1.7061,7586.31,12264.3,-38.14,6586.31,159,50.31,658.63
BTC/USDT,2026-03-24 16:00:00,160,LONG,0.171083,0.15468,-9.5881,0.567288,1,0,False,25.0,1896.58,-9.6881,-183.74,1.8966,7402.57,12264.3,-39.64,6402.57,160,50.0,640.26
BTC/USDT,2026-03-24 17:00:00,161,LONG,0.15468,0.150798,-2.5095,0.575086,1,0,False,25.0,1850.64,-2.6095,-48.29,1.8506,7354.27,12264.3,-40.04,6354.27,161,49.69,635.43
BTC/USDT,2026-03-24 18:00:00,162,LONG,0.150798,0.16862,11.8185,0.575111,1,1,True,25.0,1838.57,11.7185,215.45,1.8386,7569.73,12264.3,-38.28,6569.73,162,50.0,656.97
BTC/USDT,2026-03-24 19:00:00,163,LONG,0.16862,0.177676,5.3703,0.576599,1,1,True,25.0,1892.43,5.2703,99.74,1.8924,7669.46,12264.3,-37.47,6669.46,163,50.31,666.95
BTC/USDT,2026-03-24 20:00:00,164,LONG,0.177676,0.111659,-37.1555,0.581336,1,0,False,25.0,1917.37,-37.2555,-714.32,1.9174,6955.14,12264.3,-43.29,5955.14,164,50.0,595.51
BTC/USDT,2026-03-24 21:00:00,165,LONG,0.111659,0.155933,39.6504,0.574938,1,1,True,25.0,1738.79,39.5504,687.7,1.7388,7642.84,12264.3,-37.68,6642.84,165,50.3,664.28
BTC/USDT,2026-03-24 22:00:00,166,LONG,0.155933,0.048385,-68.9705,0.573331,1,0,False,25.0,1910.71,-69.0705,-1319.74,1.9107,6323.1,12264.3,-48.44,5323.1,166,50.0,532.31
BTC/USDT,2026-03-24 23:00:00,167,LONG,0.048385,0.080778,66.9468,0.577264,1,1,True,25.0,1580.78,66.8468,1056.7,1.5808,7379.8,12264.3,-39.83,6379.8,167,50.3,637.98
BTC/USDT,2026-03-25 00:00:00,168,LONG,0.080778,0.126296,56.3495,0.581629,1,1,True,25.0,1844.95,56.2495,1037.78,1.845,8417.58,12264.3,-31.37,7417.58,168,50.6,741.76
BTC/USDT,2026-03-25 01:00:00,169,LONG,0.126296,0.172971,36.9574,0.58213,1,1,True,25.0,2104.39,36.8574,775.62,2.1044,9193.2,12264.3,-25.04,8193.2,169,50.89,819.32
BTC/USDT,2026-03-25 02:00:00,170,LONG,0.172971,0.081722,-52.7539,0.578018,1,0,False,25.0,2298.3,-52.8539,-1214.74,2.2983,7978.46,12264.3,-34.95,6978.46,170,50.59,697.85
BTC/USDT,2026-03-25 03:00:00,171,LONG,0.081722,0.117087,43.2748,0.576594,1,1,True,25.0,1994.61,43.1748,861.17,1.9946,8839.63,12264.3,-27.92,7839.63,171,50.88,783.96
BTC/USDT,2026-03-25 04:00:00,172,LONG,0.117087,0.139913,19.4945,0.5734,1,1,True,25.0,2209.91,19.3945,428.6,2.2099,9268.23,12264.3,-24.43,8268.23,172,51.16,826.82
BTC/USDT,2026-03-25 05:00:00,173,LONG,0.139913,0.08036,-42.5644,0.572222,1,0,False,25.0,2317.06,-42.6644,-988.56,2.3171,8279.67,12264.3,-32.49,7279.67,173,50.87,727.97
BTC/USDT,2026-03-25 06:00:00,174,LONG,0.08036,0.135186,68.2257,0.570582,1,1,True,25.0,2069.92,68.1257,1410.15,2.0699,9689.82,12264.3,-20.99,8689.82,174,51.15,868.98
BTC/USDT,2026-03-25 07:00:00,175,LONG,0.135186,0.073671,-45.5037,0.56495,1,0,False,25.0,2422.45,-45.6037,-1104.73,2.4225,8585.09,12264.3,-30.0,7585.09,175,50.86,758.51
BTC/USDT,2026-03-25 08:00:00,176,LONG,0.073671,0.056162,-23.7669,0.562476,1,0,False,25.0,2146.27,-23.8669,-512.25,2.1463,8072.84,12264.3,-34.18,7072.84,176,50.57,707.28
BTC/USDT,2026-03-25 09:00:00,177,LONG,0.056162,0.057006,1.5025,0.563427,1,1,True,25.0,2018.21,1.4025,28.31,2.0182,8101.15,12264.3,-33.95,7101.15,177,50.85,710.11
BTC/USDT,2026-03-25 10:00:00,178,LONG,0.057006,0.035638,-37.4835,0.565567,1,0,False,25.0,2025.29,-37.5835,-761.17,2.0253,7339.97,12264.3,-40.15,6339.97,178,50.56,634.0
BTC/USDT,2026-03-25 11:00:00,179,LONG,0.035638,0.043405,21.794,0.570486,1,1,True,25.0,1834.99,21.694,398.08,1.835,7738.06,12264.3,-36.91,6738.06,179,50.84,673.81
BTC/USDT,2026-03-25 12:00:00,180,LONG,0.043405,0.041054,-5.417,0.571358,1,0,False,25.0,1934.51,-5.517,-106.73,1.9345,7631.33,12264.3,-37.78,6631.33,180,50.56,663.13
BTC/USDT,2026-03-25 13:00:00,181,LONG,0.041054,0.036594,-10.8636,0.574908,1,0,False,25.0,1907.83,-10.9636,-209.17,1.9078,7422.16,12264.3,-39.48,6422.16,181,50.28,642.22
BTC/USDT,2026-03-25 14:00:00,182,LONG,0.036594,0.038686,5.7184,0.573984,1,1,True,25.0,1855.54,5.6184,104.25,1.8555,7526.42,12264.3,-38.63,6526.42,182,50.55,652.64
BTC/USDT,2026-03-25 15:00:00,183,LONG,0.038686,0.041842,8.1559,0.571267,1,1,True,25.0,1881.6,8.0559,151.58,1.8816,7677.99,12264.3,-37.4,6677.99,183,50.82,667.8
BTC/USDT,2026-03-25 16:00:00,184,LONG,0.041842,0.045732,9.2974,0.572115,1,1,True,25.0,1919.5,9.1974,176.54,1.9195,7854.54,12264.3,-35.96,6854.54,184,51.09,685.45
BTC/USDT,2026-03-25 17:00:00,185,LONG,0.045732,0.044375,-2.9659,0.566764,1,0,False,25.0,1963.63,-3.0659,-60.2,1.9636,7794.34,12264.3,-36.45,6794.34,185,50.81,679.43
BTC/USDT,2026-03-25 18:00:00,186,LONG,0.044375,0.041915,-5.5437,0.556398,1,0,False,25.0,1948.58,-5.6437,-109.97,1.9486,7684.36,12264.3,-37.34,6684.36,186,50.54,668.44
BTC/USDT,2026-03-25 19:00:00,187,LONG,0.041915,0.04915,17.2596,0.54989,1,1,True,25.0,1921.09,17.1596,329.65,1.9211,8014.02,12264.3,-34.66,7014.02,187,50.8,701.4
BTC/USDT,2026-03-25 20:00:00,188,LONG,0.04915,0.055203,12.3168,0.538112,1,1,True,25.0,2003.5,12.2168,244.76,2.0035,8258.78,12264.3,-32.66,7258.78,188,51.06,725.88
BTC/USDT,2026-03-25 21:00:00,189,LONG,0.055203,0.050598,-8.3425,0.540396,1,0,False,25.0,2064.69,-8.4425,-174.31,2.0647,8084.47,12264.3,-34.08,7084.47,189,50.79,708.45
BTC/USDT,2026-03-25 22:00:00,190,LONG,0.050598,0.043904,-13.2293,0.540266,1,0,False,25.0,2021.12,-13.3293,-269.4,2.0211,7815.07,12264.3,-36.28,6815.07,190,50.53,681.51
BTC/USDT,2026-03-25 23:00:00,191,LONG,0.043904,0.049224,12.1172,0.549521,1,1,True,25.0,1953.77,12.0172,234.79,1.9538,8049.85,12264.3,-34.36,7049.85,191,50.79,704.99
BTC/USDT,2026-03-26 00:00:00,192,LONG,0.049224,0.062913,27.809,0.561958,1,1,True,25.0,2012.46,27.709,557.63,2.0125,8607.49,12264.3,-29.82,7607.49,192,51.04,760.75
BTC/USDT,2026-03-26 01:00:00,193,LONG,0.062913,0.108052,71.7485,0.558907,1,1,True,25.0,2151.87,71.6485,1541.78,2.1519,10149.27,12264.3,-17.25,9149.27,193,51.3,914.93
BTC/USDT,2026-03-26 02:00:00,0,HOLD,0.108052,0.084641,-21.6669,0.524042,1,0,False,0.0,0.0,0.0,0.0,0.0,10149.27,12264.3,-17.25,9149.27,193,51.3,914.93
BTC/USDT,2026-03-26 03:00:00,0,HOLD,0.084641,0.051603,-39.0326,0.51885,1,0,False,0.0,0.0,0.0,0.0,0.0,10149.27,12264.3,-17.25,9149.27,193,51.3,914.93
BTC/USDT,2026-03-26 04:00:00,0,HOLD,0.051603,0.078094,51.3348,0.517925,1,1,True,0.0,0.0,0.0,0.0,0.0,10149.27,12264.3,-17.25,9149.27,193,51.3,914.93
BTC/USDT,2026-03-26 05:00:00,0,HOLD,0.078094,0.059714,-23.5355,0.487969,0,0,True,0.0,0.0,0.0,0.0,0.0,10149.27,12264.3,-17.25,9149.27,193,51.3,914.93
BTC/USDT,2026-03-26 06:00:00,0,HOLD,0.059714,0.053337,-10.6786,0.479032,0,0,True,0.0,0.0,0.0,0.0,0.0,10149.27,12264.3,-17.25,9149.27,193,51.3,914.93
BTC/USDT,2026-03-26 07:00:00,0,HOLD,0.053337,0.083383,56.3306,0.457005,0,1,False,0.0,0.0,0.0,0.0,0.0,10149.27,12264.3,-17.25,9149.27,193,51.3,914.93
BTC/USDT,2026-03-26 08:00:00,194,SHORT,0.083383,0.164575,97.3731,0.449682,0,1,False,25.0,2537.32,-97.4731,-2473.2,2.5373,7676.07,12264.3,-37.41,6676.07,194,51.03,667.61
BTC/USDT,2026-03-26 09:00:00,195,SHORT,0.164575,0.146166,-11.1856,0.44307,0,0,True,25.0,1919.02,11.0856,212.74,1.919,7888.8,12264.3,-35.68,6888.8,195,51.28,688.88
BTC/USDT,2026-03-26 10:00:00,196,SHORT,0.146166,0.084529,-42.1691,0.441899,0,0,True,25.0,1972.2,42.0691,829.69,1.9722,8718.49,12264.3,-28.91,7718.49,196,51.53,771.85
BTC/USDT,2026-03-26 11:00:00,197,SHORT,0.084529,0.117492,38.9964,0.450024,0,1,False,25.0,2179.62,-39.0964,-852.15,2.1796,7866.34,12264.3,-35.86,6866.34,197,51.27,686.63
BTC/USDT,2026-03-26 12:00:00,0,HOLD,0.117492,0.118178,0.5838,0.459055,0,1,False,0.0,0.0,0.0,0.0,0.0,7866.34,12264.3,-35.86,6866.34,197,51.27,686.63
BTC/USDT,2026-03-26 13:00:00,0,HOLD,0.118178,0.126266,6.8433,0.470922,0,1,False,0.0,0.0,0.0,0.0,0.0,7866.34,12264.3,-35.86,6866.34,197,51.27,686.63
BTC/USDT,2026-03-26 14:00:00,0,HOLD,0.126266,0.143546,13.6854,0.497286,0,1,False,0.0,0.0,0.0,0.0,0.0,7866.34,12264.3,-35.86,6866.34,197,51.27,686.63
BTC/USDT,2026-03-26 15:00:00,0,HOLD,0.143546,0.114236,-20.418,0.513358,1,0,False,0.0,0.0,0.0,0.0,0.0,7866.34,12264.3,-35.86,6866.34,197,51.27,686.63
BTC/USDT,2026-03-26 16:00:00,0,HOLD,0.114236,0.046063,-59.6773,0.527725,1,0,False,0.0,0.0,0.0,0.0,0.0,7866.34,12264.3,-35.86,6866.34,197,51.27,686.63
BTC/USDT,2026-03-26 17:00:00,198,LONG,0.046063,0.095477,107.2737,0.544314,1,1,True,25.0,1966.58,107.1737,2107.66,1.9666,9974.0,12264.3,-18.67,8974.0,198,51.52,897.4
BTC/USDT,2026-03-26 18:00:00,199,LONG,0.095477,0.088811,-6.9822,0.553498,1,0,False,25.0,2493.5,-7.0822,-176.6,2.4935,9797.4,12264.3,-20.11,8797.4,199,51.26,879.74
BTC/USDT,2026-03-26 19:00:00,200,LONG,0.088811,0.077824,-12.3706,0.562125,1,0,False,25.0,2449.35,-12.4706,-305.45,2.4494,9491.95,12264.3,-22.61,8491.95,200,51.0,849.2
BTC/USDT,2026-03-26 20:00:00,201,LONG,0.077824,0.089354,14.8146,0.566898,1,1,True,25.0,2372.99,14.7146,349.18,2.373,9841.13,12264.3,-19.76,8841.13,201,51.24,884.11
BTC/USDT,2026-03-26 21:00:00,202,LONG,0.089354,0.111811,25.1331,0.564738,1,1,True,25.0,2460.28,25.0331,615.88,2.4603,10457.01,12264.3,-14.74,9457.01,202,51.49,945.7
BTC/USDT,2026-03-26 22:00:00,203,LONG,0.111811,0.26207,134.3875,0.556467,1,1,True,25.0,2614.25,134.2875,3510.62,2.6143,13967.63,13967.63,0.0,12967.63,203,51.72,1296.76
BTC/USDT,2026-03-26 23:00:00,204,LONG,0.26207,0.275613,5.1674,0.546709,1,1,True,25.0,3491.91,5.0674,176.95,3.4919,14144.58,14144.58,0.0,13144.58,204,51.96,1314.46
BTC/USDT,2026-03-27 00:00:00,205,LONG,0.275613,0.236763,-14.0958,0.547455,1,0,False,25.0,3536.15,-14.1958,-501.98,3.5361,13642.6,14144.58,-3.55,12642.6,205,51.71,1264.26
BTC/USDT,2026-03-27 01:00:00,206,LONG,0.236763,0.16096,-32.0164,0.537987,1,0,False,25.0,3410.65,-32.1164,-1095.38,3.4106,12547.22,14144.58,-11.29,11547.22,206,51.46,1154.72
BTC/USDT,2026-03-27 02:00:00,207,LONG,0.16096,0.162626,1.0352,0.532784,1,1,True,25.0,3136.8,0.9352,29.34,3.1368,12576.55,14144.58,-11.09,11576.55,207,51.69,1157.66
BTC/USDT,2026-03-27 03:00:00,0,HOLD,0.162626,0.16492,1.4104,0.527138,1,1,True,0.0,0.0,0.0,0.0,0.0,12576.55,14144.58,-11.09,11576.55,207,51.69,1157.66
BTC/USDT,2026-03-27 04:00:00,0,HOLD,0.16492,0.090887,-44.8903,0.524042,1,0,False,0.0,0.0,0.0,0.0,0.0,12576.55,14144.58,-11.09,11576.55,207,51.69,1157.66
BTC/USDT,2026-03-27 05:00:00,0,HOLD,0.090887,0.111865,23.0822,0.526584,1,1,True,0.0,0.0,0.0,0.0,0.0,12576.55,14144.58,-11.09,11576.55,207,51.69,1157.66
BTC/USDT,2026-03-27 06:00:00,0,HOLD,0.111865,0.163476,46.1361,0.526664,1,1,True,0.0,0.0,0.0,0.0,0.0,12576.55,14144.58,-11.09,11576.55,207,51.69,1157.66
BTC/USDT,2026-03-27 07:00:00,0,HOLD,0.163476,0.238449,45.8619,0.526729,1,1,True,0.0,0.0,0.0,0.0,0.0,12576.55,14144.58,-11.09,11576.55,207,51.69,1157.66
BTC/USDT,2026-03-27 08:00:00,0,HOLD,0.238449,0.295622,23.9771,0.529004,1,1,True,0.0,0.0,0.0,0.0,0.0,12576.55,14144.58,-11.09,11576.55,207,51.69,1157.66
BTC/USDT,2026-03-27 09:00:00,208,LONG,0.295622,0.391404,32.4001,0.539838,1,1,True,25.0,3144.14,32.3001,1015.56,3.1441,13592.11,14144.58,-3.91,12592.11,208,51.92,1259.21
BTC/USDT,2026-03-27 10:00:00,209,LONG,0.391404,0.233635,-40.3085,0.539005,1,0,False,25.0,3398.03,-40.4085,-1373.09,3.398,12219.02,14144.58,-13.61,11219.02,209,51.67,1121.9
BTC/USDT,2026-03-27 11:00:00,210,LONG,0.233635,0.223502,-4.337,0.534993,1,0,False,25.0,3054.75,-4.437,-135.54,3.0548,12083.48,14144.58,-14.57,11083.48,210,51.43,1108.35
BTC/USDT,2026-03-27 12:00:00,211,LONG,0.223502,0.249008,11.4119,0.53788,1,1,True,25.0,3020.87,11.3119,341.72,3.0209,12425.2,14144.58,-12.16,11425.2,211,51.66,1142.52
BTC/USDT,2026-03-27 13:00:00,212,LONG,0.249008,0.367491,47.5819,0.540928,1,1,True,25.0,3106.3,47.4819,1474.93,3.1063,13900.13,14144.58,-1.73,12900.13,212,51.89,1290.01
BTC/USDT,2026-03-27 14:00:00,213,LONG,0.367491,0.398529,8.446,0.545358,1,1,True,25.0,3475.03,8.346,290.03,3.475,14190.15,14190.15,0.0,13190.15,213,52.11,1319.02
BTC/USDT,2026-03-27 15:00:00,214,LONG,0.398529,0.373818,-6.2005,0.546152,1,0,False,25.0,3547.54,-6.3005,-223.51,3.5475,13966.64,14190.15,-1.58,12966.64,214,51.87,1296.66
BTC/USDT,2026-03-27 16:00:00,215,LONG,0.373818,0.12139,-67.527,0.541338,1,0,False,25.0,3491.66,-67.627,-2361.31,3.4917,11605.33,14190.15,-18.22,10605.33,215,51.63,1060.53
BTC/USDT,2026-03-27 17:00:00,216,LONG,0.12139,0.149026,22.7667,0.53375,1,1,True,25.0,2901.33,22.6667,657.64,2.9013,12262.97,14190.15,-13.58,11262.97,216,51.85,1126.3
BTC/USDT,2026-03-27 18:00:00,217,LONG,0.149026,0.296154,98.7261,0.532498,1,1,True,25.0,3065.74,98.6261,3023.62,3.0657,15286.6,15286.6,0.0,14286.6,217,52.07,1428.66
BTC/USDT,2026-03-27 19:00:00,0,HOLD,0.296154,0.310049,4.6918,0.525457,1,1,True,0.0,0.0,0.0,0.0,0.0,15286.6,15286.6,0.0,14286.6,217,52.07,1428.66
BTC/USDT,2026-03-27 20:00:00,0,HOLD,0.310049,0.542543,74.986,0.519851,1,1,True,0.0,0.0,0.0,0.0,0.0,15286.6,15286.6,0.0,14286.6,217,52.07,1428.66
BTC/USDT,2026-03-27 21:00:00,0,HOLD,0.542543,0.5695,4.9686,0.515283,1,1,True,0.0,0.0,0.0,0.0,0.0,15286.6,15286.6,0.0,14286.6,217,52.07,1428.66
BTC/USDT,2026-03-27 22:00:00,0,HOLD,0.5695,0.691836,21.4813,0.515738,1,1,True,0.0,0.0,0.0,0.0,0.0,15286.6,15286.6,0.0,14286.6,217,52.07,1428.66
BTC/USDT,2026-03-27 23:00:00,0,HOLD,0.691836,0.984156,42.2529,0.524094,1,1,True,0.0,0.0,0.0,0.0,0.0,15286.6,15286.6,0.0,14286.6,217,52.07,1428.66
BTC/USDT,2026-03-28 00:00:00,218,LONG,0.984156,1.100753,11.8473,0.536521,1,1,True,25.0,3821.65,11.7473,448.94,3.8216,15735.54,15735.54,0.0,14735.54,218,52.29,1473.55
BTC/USDT,2026-03-28 01:00:00,219,LONG,1.100753,1.166081,5.9349,0.53994,1,1,True,25.0,3933.88,5.8349,229.54,3.9339,15965.08,15965.08,0.0,14965.08,219,52.51,1496.51
BTC/USDT,2026-03-28 02:00:00,220,LONG,1.166081,0.946908,-18.7957,0.537707,1,0,False,25.0,3991.27,-18.8957,-754.18,3.9913,15210.9,15965.08,-4.72,14210.9,220,52.27,1421.09
BTC/USDT,2026-03-28 03:00:00,221,LONG,0.946908,0.564815,-40.3517,0.533261,1,0,False,25.0,3802.72,-40.4517,-1538.27,3.8027,13672.63,15965.08,-14.36,12672.63,221,52.04,1267.26
BTC/USDT,2026-03-28 04:00:00,0,HOLD,0.564815,0.472824,-16.2869,0.525845,1,0,False,0.0,0.0,0.0,0.0,0.0,13672.63,15965.08,-14.36,12672.63,221,52.04,1267.26
BTC/USDT,2026-03-28 05:00:00,0,HOLD,0.472824,0.844294,78.5641,0.505139,1,1,True,0.0,0.0,0.0,0.0,0.0,13672.63,15965.08,-14.36,12672.63,221,52.04,1267.26
BTC/USDT,2026-03-28 06:00:00,0,HOLD,0.844294,0.629182,-25.4783,0.48987,0,0,True,0.0,0.0,0.0,0.0,0.0,13672.63,15965.08,-14.36,12672.63,221,52.04,1267.26
BTC/USDT,2026-03-28 07:00:00,0,HOLD,0.629182,0.978607,55.5364,0.480566,0,1,False,0.0,0.0,0.0,0.0,0.0,13672.63,15965.08,-14.36,12672.63,221,52.04,1267.26
BTC/USDT,2026-03-28 08:00:00,0,HOLD,0.978607,0.987708,0.9301,0.479975,0,1,False,0.0,0.0,0.0,0.0,0.0,13672.63,15965.08,-14.36,12672.63,221,52.04,1267.26
BTC/USDT,2026-03-28 09:00:00,0,HOLD,0.987708,1.417299,43.4937,0.484016,0,1,False,0.0,0.0,0.0,0.0,0.0,13672.63,15965.08,-14.36,12672.63,221,52.04,1267.26
BTC/USDT,2026-03-28 10:00:00,0,HOLD,1.417299,1.610053,13.6001,0.495628,0,1,False,0.0,0.0,0.0,0.0,0.0,13672.63,15965.08,-14.36,12672.63,221,52.04,1267.26
BTC/USDT,2026-03-28 11:00:00,0,HOLD,1.610053,1.731778,7.5603,0.4924,0,1,False,0.0,0.0,0.0,0.0,0.0,13672.63,15965.08,-14.36,12672.63,221,52.04,1267.26
BTC/USDT,2026-03-28 12:00:00,0,HOLD,1.731778,2.001747,15.5891,0.489011,0,1,False,0.0,0.0,0.0,0.0,0.0,13672.63,15965.08,-14.36,12672.63,221,52.04,1267.26
BTC/USDT,2026-03-28 13:00:00,0,HOLD,2.001747,1.237247,-38.1916,0.479973,0,0,True,0.0,0.0,0.0,0.0,0.0,13672.63,15965.08,-14.36,12672.63,221,52.04,1267.26
BTC/USDT,2026-03-28 14:00:00,0,HOLD,1.237247,1.814006,46.6162,0.48096,0,1,False,0.0,0.0,0.0,0.0,0.0,13672.63,15965.08,-14.36,12672.63,221,52.04,1267.26
BTC/USDT,2026-03-28 15:00:00,0,HOLD,1.814006,1.600621,-11.7632,0.479815,0,0,True,0.0,0.0,0.0,0.0,0.0,13672.63,15965.08,-14.36,12672.63,221,52.04,1267.26
BTC/USDT,2026-03-28 16:00:00,0,HOLD,1.600621,1.522277,-4.8946,0.473741,0,0,True,0.0,0.0,0.0,0.0,0.0,13672.63,15965.08,-14.36,12672.63,221,52.04,1267.26
BTC/USDT,2026-03-28 17:00:00,222,SHORT,1.522277,1.090727,-28.349,0.451687,0,0,True,25.0,3418.16,28.249,965.59,3.4182,14638.23,15965.08,-8.31,13638.23,222,52.25,1363.82
BTC/USDT,2026-03-28 18:00:00,0,HOLD,1.090727,1.285101,17.8206,0.455351,0,1,False,0.0,0.0,0.0,0.0,0.0,14638.23,15965.08,-8.31,13638.23,222,52.25,1363.82
BTC/USDT,2026-03-28 19:00:00,0,HOLD,1.285101,1.74423,35.7271,0.471127,0,1,False,0.0,0.0,0.0,0.0,0.0,14638.23,15965.08,-8.31,13638.23,222,52.25,1363.82
BTC/USDT,2026-03-28 20:00:00,0,HOLD,1.74423,1.513004,-13.2566,0.48519,0,0,True,0.0,0.0,0.0,0.0,0.0,14638.23,15965.08,-8.31,13638.23,222,52.25,1363.82
BTC/USDT,2026-03-28 21:00:00,0,HOLD,1.513004,1.383402,-8.5659,0.504017,1,0,False,0.0,0.0,0.0,0.0,0.0,14638.23,15965.08,-8.31,13638.23,222,52.25,1363.82
BTC/USDT,2026-03-28 22:00:00,0,HOLD,1.383402,1.546159,11.765,0.51592,1,1,True,0.0,0.0,0.0,0.0,0.0,14638.23,15965.08,-8.31,13638.23,222,52.25,1363.82
BTC/USDT,2026-03-28 23:00:00,0,HOLD,1.546159,1.014182,-34.4064,0.514699,1,0,False,0.0,0.0,0.0,0.0,0.0,14638.23,15965.08,-8.31,13638.23,222,52.25,1363.82
BTC/USDT,2026-03-29 00:00:00,0,HOLD,1.014182,0.953001,-6.0326,0.511526,1,0,False,0.0,0.0,0.0,0.0,0.0,14638.23,15965.08,-8.31,13638.23,222,52.25,1363.82
BTC/USDT,2026-03-29 01:00:00,0,HOLD,0.953001,1.125503,18.101,0.507232,1,1,True,0.0,0.0,0.0,0.0,0.0,14638.23,15965.08,-8.31,13638.23,222,52.25,1363.82
BTC/USDT,2026-03-29 02:00:00,0,HOLD,1.125503,2.599032,130.9218,0.500663,1,1,True,0.0,0.0,0.0,0.0,0.0,14638.23,15965.08,-8.31,13638.23,222,52.25,1363.82
BTC/USDT,2026-03-29 03:00:00,0,HOLD,2.599032,2.184376,-15.9543,0.491362,0,0,True,0.0,0.0,0.0,0.0,0.0,14638.23,15965.08,-8.31,13638.23,222,52.25,1363.82
BTC/USDT,2026-03-29 04:00:00,0,HOLD,2.184376,2.339695,7.1104,0.489987,0,1,False,0.0,0.0,0.0,0.0,0.0,14638.23,15965.08,-8.31,13638.23,222,52.25,1363.82
BTC/USDT,2026-03-29 05:00:00,0,HOLD,2.339695,1.808979,-22.6831,0.48598,0,0,True,0.0,0.0,0.0,0.0,0.0,14638.23,15965.08,-8.31,13638.23,222,52.25,1363.82
BTC/USDT,2026-03-29 06:00:00,0,HOLD,1.808979,0.989029,-45.3267,0.496362,0,0,True,0.0,0.0,0.0,0.0,0.0,14638.23,15965.08,-8.31,13638.23,222,52.25,1363.82
BTC/USDT,2026-03-29 07:00:00,0,HOLD,0.989029,0.779563,-21.179,0.494313,0,0,True,0.0,0.0,0.0,0.0,0.0,14638.23,15965.08,-8.31,13638.23,222,52.25,1363.82
BTC/USDT,2026-03-29 08:00:00,0,HOLD,0.779563,0.512149,-34.303,0.502415,1,0,False,0.0,0.0,0.0,0.0,0.0,14638.23,15965.08,-8.31,13638.23,222,52.25,1363.82
BTC/USDT,2026-03-29 09:00:00,0,HOLD,0.512149,0.472033,-7.8329,0.515767,1,0,False,0.0,0.0,0.0,0.0,0.0,14638.23,15965.08,-8.31,13638.23,222,52.25,1363.82
BTC/USDT,2026-03-29 10:00:00,223,LONG,0.472033,0.539347,14.2604,0.537273,1,1,True,25.0,3659.56,14.1604,518.21,3.6596,15156.43,15965.08,-5.07,14156.43,223,52.47,1415.64
BTC/USDT,2026-03-29 11:00:00,224,LONG,0.539347,0.668582,23.9614,0.564799,1,1,True,25.0,3789.11,23.8614,904.14,3.7891,16060.57,16060.57,0.0,15060.57,224,52.68,1506.06
BTC/USDT,2026-03-29 12:00:00,225,LONG,0.668582,1.028945,53.8995,0.57576,1,1,True,25.0,4015.14,53.7995,2160.13,4.0151,18220.7,18220.7,0.0,17220.7,225,52.89,1722.07
BTC/USDT,2026-03-29 13:00:00,226,LONG,1.028945,1.017883,-1.0751,0.580773,1,0,False,25.0,4555.17,-1.1751,-53.53,4.5552,18167.17,18220.7,-0.29,17167.17,226,52.65,1716.72
BTC/USDT,2026-03-29 14:00:00,227,LONG,1.017883,1.405716,38.1019,0.587047,1,1,True,25.0,4541.79,38.0019,1725.97,4.5418,19893.14,19893.14,0.0,18893.14,227,52.86,1889.31
BTC/USDT,2026-03-29 15:00:00,228,LONG,1.405716,0.909727,-35.2837,0.596577,1,0,False,25.0,4973.28,-35.3837,-1759.73,4.9733,18133.41,19893.14,-8.85,17133.41,228,52.63,1713.34
BTC/USDT,2026-03-29 16:00:00,229,LONG,0.909727,0.83741,-7.9494,0.592882,1,0,False,25.0,4533.35,-8.0494,-364.91,4.5334,17768.5,19893.14,-10.68,16768.5,229,52.4,1676.85
BTC/USDT,2026-03-29 17:00:00,230,LONG,0.83741,0.832039,-0.6414,0.585942,1,0,False,25.0,4442.12,-0.7414,-32.93,4.4421,17735.57,19893.14,-10.85,16735.57,230,52.17,1673.56
BTC/USDT,2026-03-29 18:00:00,231,LONG,0.832039,1.251527,50.4169,0.587072,1,1,True,25.0,4433.89,50.3169,2231.0,4.4339,19966.57,19966.57,0.0,18966.57,231,52.38,1896.66
BTC/USDT,2026-03-29 19:00:00,232,LONG,1.251527,1.839042,46.9438,0.584051,1,1,True,25.0,4991.64,46.8438,2338.27,4.9916,22304.84,22304.84,0.0,21304.84,232,52.59,2130.48
BTC/USDT,2026-03-29 20:00:00,233,LONG,1.839042,2.150804,16.9524,0.574729,1,1,True,25.0,5576.21,16.8524,939.73,5.5762,23244.57,23244.57,0.0,22244.57,233,52.79,2224.46
BTC/USDT,2026-03-29 21:00:00,234,LONG,2.150804,1.267344,-41.0758,0.567375,1,0,False,25.0,5811.14,-41.1758,-2392.78,5.8111,20851.78,23244.57,-10.29,19851.78,234,52.56,1985.18
BTC/USDT,2026-03-29 22:00:00,235,LONG,1.267344,1.913155,50.9578,0.5589,1,1,True,25.0,5212.95,50.8578,2651.19,5.2129,23502.97,23502.97,0.0,22502.97,235,52.77,2250.3
BTC/USDT,2026-03-29 23:00:00,236,LONG,1.913155,3.539806,85.0245,0.553182,1,1,True,25.0,5875.74,84.9245,4989.95,5.8757,28492.92,28492.92,0.0,27492.92,236,52.97,2749.29
BTC/USDT,2026-03-30 00:00:00,237,LONG,3.539806,7.263371,105.1912,0.553655,1,1,True,25.0,7123.23,105.0912,7485.89,7.1232,35978.81,35978.81,0.0,34978.81,237,53.16,3497.88
BTC/USDT,2026-03-30 01:00:00,238,LONG,7.263371,7.309857,0.64,0.555287,1,1,True,25.0,8994.7,0.54,48.57,8.9947,36027.38,36027.38,0.0,35027.38,238,53.36,3502.74
BTC/USDT,2026-03-30 02:00:00,239,LONG,7.309857,10.140877,38.7288,0.550044,1,1,True,25.0,9006.85,38.6288,3479.24,9.0068,39506.62,39506.62,0.0,38506.62,239,53.56,3850.66
BTC/USDT,2026-03-30 03:00:00,240,LONG,10.140877,8.403602,-17.1314,0.552176,1,0,False,25.0,9876.65,-17.2314,-1701.89,9.8767,37804.73,39506.62,-4.31,36804.73,240,53.33,3680.47
BTC/USDT,2026-03-30 04:00:00,241,LONG,8.403602,11.922253,41.8707,0.545347,1,1,True,25.0,9451.18,41.7707,3947.83,9.4512,41752.56,41752.56,0.0,40752.56,241,53.53,4075.26
BTC/USDT,2026-03-30 05:00:00,0,HOLD,11.922253,10.656667,-10.6153,0.530752,1,0,False,0.0,0.0,0.0,0.0,0.0,41752.56,41752.56,0.0,40752.56,241,53.53,4075.26
BTC/USDT,2026-03-30 06:00:00,0,HOLD,10.656667,10.46985,-1.7531,0.522884,1,0,False,0.0,0.0,0.0,0.0,0.0,41752.56,41752.56,0.0,40752.56,241,53.53,4075.26
BTC/USDT,2026-03-30 07:00:00,0,HOLD,10.46985,16.610753,58.6532,0.520598,1,1,True,0.0,0.0,0.0,0.0,0.0,41752.56,41752.56,0.0,40752.56,241,53.53,4075.26
BTC/USDT,2026-03-30 08:00:00,0,HOLD,16.610753,29.452061,77.3072,0.52754,1,1,True,0.0,0.0,0.0,0.0,0.0,41752.56,41752.56,0.0,40752.56,241,53.53,4075.26
BTC/USDT,2026-03-30 09:00:00,0,HOLD,29.452061,27.489176,-6.6647,0.527734,1,0,False,0.0,0.0,0.0,0.0,0.0,41752.56,41752.56,0.0,40752.56,241,53.53,4075.26
BTC/USDT,2026-03-30 10:00:00,0,HOLD,27.489176,45.557085,65.7274,0.524699,1,1,True,0.0,0.0,0.0,0.0,0.0,41752.56,41752.56,0.0,40752.56,241,53.53,4075.26
BTC/USDT,2026-03-30 11:00:00,0,HOLD,45.557085,66.7383,46.4938,0.519363,1,1,True,0.0,0.0,0.0,0.0,0.0,41752.56,41752.56,0.0,40752.56,241,53.53,4075.26
BTC/USDT,2026-03-30 12:00:00,0,HOLD,66.7383,62.450957,-6.4241,0.523032,1,0,False,0.0,0.0,0.0,0.0,0.0,41752.56,41752.56,0.0,40752.56,241,53.53,4075.26
BTC/USDT,2026-03-30 13:00:00,0,HOLD,62.450957,103.729257,66.0971,0.526012,1,1,True,0.0,0.0,0.0,0.0,0.0,41752.56,41752.56,0.0,40752.56,241,53.53,4075.26
BTC/USDT,2026-03-30 14:00:00,0,HOLD,103.729257,118.724975,14.4566,0.529411,1,1,True,0.0,0.0,0.0,0.0,0.0,41752.56,41752.56,0.0,40752.56,241,53.53,4075.26
BTC/USDT,2026-03-30 15:00:00,242,LONG,118.724975,108.184758,-8.8778,0.535837,1,0,False,25.0,10438.14,-8.9778,-937.12,10.4381,40815.44,41752.56,-2.24,39815.44,242,53.31,3981.54
BTC/USDT,2026-03-30 16:00:00,243,LONG,108.184758,112.262513,3.7693,0.535234,1,1,True,25.0,10203.86,3.6693,374.41,10.2039,41189.85,41752.56,-1.35,40189.85,243,53.5,4018.98
BTC/USDT,2026-03-30 17:00:00,0,HOLD,112.262513,104.620915,-6.8069,0.524617,1,0,False,0.0,0.0,0.0,0.0,0.0,41189.85,41752.56,-1.35,40189.85,243,53.5,4018.98
BTC/USDT,2026-03-30 18:00:00,244,LONG,104.620915,82.044955,-21.5788,0.533036,1,0,False,25.0,10297.46,-21.6788,-2232.37,10.2975,38957.48,41752.56,-6.69,37957.48,244,53.28,3795.75
BTC/USDT,2026-03-30 19:00:00,0,HOLD,82.044955,120.559647,46.9434,0.530205,1,1,True,0.0,0.0,0.0,0.0,0.0,38957.48,41752.56,-6.69,37957.48,244,53.28,3795.75
BTC/USDT,2026-03-30 20:00:00,245,LONG,120.559647,128.157172,6.3019,0.53395,1,1,True,25.0,9739.37,6.2019,604.02,9.7394,39561.5,41752.56,-5.25,38561.5,245,53.47,3856.15
BTC/USDT,2026-03-30 21:00:00,246,LONG,128.157172,122.441145,-4.4602,0.543219,1,0,False,25.0,9890.38,-4.5602,-451.02,9.8904,39110.48,41752.56,-6.33,38110.48,246,53.25,3811.05
BTC/USDT,2026-03-30 22:00:00,247,LONG,122.441145,134.257484,9.6506,0.544021,1,1,True,25.0,9777.62,9.5506,933.82,9.7776,40044.31,41752.56,-4.09,39044.31,247,53.44,3904.43
BTC/USDT,2026-03-30 23:00:00,248,LONG,134.257484,139.54508,3.9384,0.552438,1,1,True,25.0,10011.08,3.8384,384.27,10.0111,40428.57,41752.56,-3.17,39428.57,248,53.63,3942.86
BTC/USDT,2026-03-31 00:00:00,249,LONG,139.54508,128.677769,-7.7877,0.55937,1,0,False,25.0,10107.14,-7.8877,-797.22,10.1071,39631.35,41752.56,-5.08,38631.35,249,53.41,3863.14
BTC/USDT,2026-03-31 01:00:00,250,LONG,128.677769,203.053687,57.8001,0.56995,1,1,True,25.0,9907.84,57.7001,5716.84,9.9078,45348.19,45348.19,0.0,44348.19,250,53.6,4434.82
BTC/USDT,2026-03-31 02:00:00,251,LONG,203.053687,140.056782,-31.0248,0.575423,1,0,False,25.0,11337.05,-31.1248,-3528.63,11.337,41819.56,45348.19,-7.78,40819.56,251,53.39,4081.96
BTC/USDT,2026-03-31 03:00:00,252,LONG,140.056782,103.248266,-26.2811,0.584712,1,0,False,25.0,10454.89,-26.3811,-2758.12,10.4549,39061.44,45348.19,-13.86,38061.44,252,53.17,3806.14
BTC/USDT,2026-03-31 04:00:00,253,LONG,103.248266,135.703945,31.4346,0.592109,1,1,True,25.0,9765.36,31.3346,3059.94,9.7654,42121.38,45348.19,-7.12,41121.38,253,53.36,4112.14
BTC/USDT,2026-03-31 05:00:00,254,LONG,135.703945,142.945597,5.3364,0.602106,1,1,True,25.0,10530.34,5.2364,551.41,10.5303,42672.79,45348.19,-5.9,41672.79,254,53.54,4167.28
BTC/USDT,2026-03-31 06:00:00,255,LONG,142.945597,116.311132,-18.6326,0.614459,1,0,False,25.0,10668.2,-18.7326,-1998.43,10.6682,40674.36,45348.19,-10.31,39674.36,255,53.33,3967.44
BTC/USDT,2026-03-31 07:00:00,256,LONG,116.311132,115.641464,-0.5758,0.624048,1,0,False,25.0,10168.59,-0.6758,-68.71,10.1686,40605.64,45348.19,-10.46,39605.64,256,53.12,3960.56
BTC/USDT,2026-03-31 08:00:00,257,LONG,115.641464,81.05583,-29.9076,0.634081,1,0,False,25.0,10151.41,-30.0076,-3046.2,10.1514,37559.44,45348.19,-17.18,36559.44,257,52.92,3655.94
BTC/USDT,2026-03-31 09:00:00,258,LONG,81.05583,103.001105,27.0743,0.641341,1,1,True,25.0,9389.86,26.9743,2532.85,9.3899,40092.29,45348.19,-11.59,39092.29,258,53.1,3909.23
BTC/USDT,2026-03-31 10:00:00,259,LONG,103.001105,123.967262,20.3553,0.65103,1,1,True,25.0,10023.07,20.2553,2030.2,10.0231,42122.49,45348.19,-7.11,41122.49,259,53.28,4112.25
BTC/USDT,2026-03-31 11:00:00,260,LONG,123.967262,76.521315,-38.273,0.655634,1,0,False,25.0,10530.62,-38.373,-4040.91,10.5306,38081.58,45348.19,-16.02,37081.58,260,53.08,3708.16
BTC/USDT,2026-03-31 12:00:00,261,LONG,76.521315,31.223051,-59.1969,0.64986,1,0,False,25.0,9520.39,-59.2969,-5645.3,9.5204,32436.28,45348.19,-28.47,31436.28,261,52.87,3143.63
BTC/USDT,2026-03-31 13:00:00,262,LONG,31.223051,17.064093,-45.3478,0.643906,1,0,False,25.0,8109.07,-45.4478,-3685.39,8.1091,28750.89,45348.19,-36.6,27750.89,262,52.67,2775.09
BTC/USDT,2026-03-31 14:00:00,263,LONG,17.064093,12.704065,-25.5509,0.628488,1,0,False,25.0,7187.72,-25.6509,-1843.71,7.1877,26907.17,45348.19,-40.67,25907.17,263,52.47,2590.72
BTC/USDT,2026-03-31 15:00:00,264,LONG,12.704065,37.434803,194.6679,0.621244,1,1,True,25.0,6726.79,194.5679,13088.18,6.7268,39995.35,45348.19,-11.8,38995.35,264,52.65,3899.54
BTC/USDT,2026-03-31 16:00:00,265,LONG,37.434803,48.280951,28.9734,0.615508,1,1,True,25.0,9998.84,28.8734,2887.01,9.9988,42882.36,45348.19,-5.44,41882.36,265,52.83,4188.24
BTC/USDT,2026-03-31 17:00:00,266,LONG,48.280951,56.882924,17.8165,0.614497,1,1,True,25.0,10720.59,17.7165,1899.31,10.7206,44781.67,45348.19,-1.25,43781.67,266,53.01,4378.17
BTC/USDT,2026-03-31 18:00:00,267,LONG,56.882924,59.678117,4.9139,0.608233,1,1,True,25.0,11195.42,4.8139,538.94,11.1954,45320.61,45348.19,-0.06,44320.61,267,53.18,4432.06
BTC/USDT,2026-03-31 19:00:00,268,LONG,59.678117,79.638237,33.4463,0.600712,1,1,True,25.0,11330.15,33.3463,3778.19,11.3302,49098.8,49098.8,0.0,48098.8,268,53.36,4809.88
BTC/USDT,2026-03-31 20:00:00,269,LONG,79.638237,127.736943,60.3965,0.595729,1,1,True,25.0,12274.7,60.2965,7401.21,12.2747,56500.01,56500.01,0.0,55500.01,269,53.53,5550.0
BTC/USDT,2026-03-31 21:00:00,270,LONG,127.736943,76.012397,-40.493,0.592974,1,0,False,25.0,14125.0,-40.593,-5733.77,14.125,50766.25,56500.01,-10.15,49766.25,270,53.33,4976.62
BTC/USDT,2026-03-31 22:00:00,271,LONG,76.012397,74.074091,-2.55,0.589642,1,0,False,25.0,12691.56,-2.65,-336.32,12.6916,50429.92,56500.01,-10.74,49429.92,271,53.14,4942.99
BTC/USDT,2026-03-31 23:00:00,272,LONG,74.074091,121.215384,63.6407,0.58666,1,1,True,25.0,12607.48,63.5407,8010.89,12.6075,58440.81,58440.81,0.0,57440.81,272,53.31,5744.08
BTC/USDT,2026-04-01 00:00:00,273,LONG,121.215384,117.171852,-3.3358,0.581264,1,0,False,25.0,14610.2,-3.4358,-501.98,14.6102,57938.83,58440.81,-0.86,56938.83,273,53.11,5693.88
BTC/USDT,2026-04-01 01:00:00,274,LONG,117.171852,210.005346,79.2285,0.578233,1,1,True,25.0,14484.71,79.1285,11461.53,14.4847,69400.36,69400.36,0.0,68400.36,274,53.28,6840.04
BTC/USDT,2026-04-01 02:00:00,275,LONG,210.005346,224.256208,6.786,0.561779,1,1,True,25.0,17350.09,6.686,1160.02,17.3501,70560.38,70560.38,0.0,69560.38,275,53.45,6956.04
BTC/USDT,2026-04-01 03:00:00,276,LONG,224.256208,220.23715,-1.7922,0.553668,1,0,False,25.0,17640.09,-1.8922,-333.78,17.6401,70226.6,70560.38,-0.47,69226.6,276,53.26,6922.66
BTC/USDT,2026-04-01 04:00:00,277,LONG,220.23715,220.540998,0.138,0.543096,1,1,True,25.0,17556.65,0.038,6.67,17.5566,70233.26,70560.38,-0.46,69233.26,277,53.43,6923.33
BTC/USDT,2026-04-01 05:00:00,278,LONG,220.540998,180.327181,-18.2342,0.533334,1,0,False,25.0,17558.32,-18.3342,-3219.17,17.5583,67014.09,70560.38,-5.03,66014.09,278,53.24,6601.41
BTC/USDT,2026-04-01 06:00:00,0,HOLD,180.327181,110.349267,-38.8061,0.527344,1,0,False,0.0,0.0,0.0,0.0,0.0,67014.09,70560.38,-5.03,66014.09,278,53.24,6601.41
BTC/USDT,2026-04-01 07:00:00,0,HOLD,110.349267,185.935005,68.4968,0.527098,1,1,True,0.0,0.0,0.0,0.0,0.0,67014.09,70560.38,-5.03,66014.09,278,53.24,6601.41
BTC/USDT,2026-04-01 08:00:00,0,HOLD,185.935005,235.476592,26.6446,0.51796,1,1,True,0.0,0.0,0.0,0.0,0.0,67014.09,70560.38,-5.03,66014.09,278,53.24,6601.41
BTC/USDT,2026-04-01 09:00:00,0,HOLD,235.476592,290.343265,23.3003,0.514339,1,1,True,0.0,0.0,0.0,0.0,0.0,67014.09,70560.38,-5.03,66014.09,278,53.24,6601.41
BTC/USDT,2026-04-01 10:00:00,0,HOLD,290.343265,244.885264,-15.6566,0.508678,1,0,False,0.0,0.0,0.0,0.0,0.0,67014.09,70560.38,-5.03,66014.09,278,53.24,6601.41
BTC/USDT,2026-04-01 11:00:00,0,HOLD,244.885264,206.893396,-15.5142,0.498321,0,0,True,0.0,0.0,0.0,0.0,0.0,67014.09,70560.38,-5.03,66014.09,278,53.24,6601.41
BTC/USDT,2026-04-01 12:00:00,0,HOLD,206.893396,289.947119,40.1432,0.487002,0,1,False,0.0,0.0,0.0,0.0,0.0,67014.09,70560.38,-5.03,66014.09,278,53.24,6601.41
BTC/USDT,2026-04-01 13:00:00,0,HOLD,289.947119,259.545303,-10.4853,0.473569,0,0,True,0.0,0.0,0.0,0.0,0.0,67014.09,70560.38,-5.03,66014.09,278,53.24,6601.41
BTC/USDT,2026-04-01 14:00:00,0,HOLD,259.545303,154.03756,-40.651,0.463931,0,0,True,0.0,0.0,0.0,0.0,0.0,67014.09,70560.38,-5.03,66014.09,278,53.24,6601.41
BTC/USDT,2026-04-01 15:00:00,279,SHORT,154.03756,267.514302,73.6682,0.446545,0,1,False,25.0,16753.52,-73.7682,-12358.78,16.7535,54655.31,70560.38,-22.54,53655.31,279,53.05,5365.53
