timestamp,entry_price,exit_price,prob,action,pred_direction,actual_direction,correct,pnl_pct,capital
2026-02-22 11:00:00,0.0035771324423149774,0.0024158324696966515,0.46955755,HOLD,0,0,True,0.0,1000.0
2026-02-22 12:00:00,0.0024158324696966515,0.0025405678427381827,0.47282627,HOLD,0,1,False,0.0,1000.0
2026-02-22 13:00:00,0.0025405678427381827,0.0020762304939856905,0.48948,HOLD,0,0,True,0.0,1000.0
2026-02-22 14:00:00,0.0020762304939856905,0.0014722722908669847,0.48430106,HOLD,0,0,True,0.0,1000.0
2026-02-22 15:00:00,0.0014722722908669847,0.0029921811410919055,0.50997734,HOLD,1,1,True,0.0,1000.0
2026-02-22 16:00:00,0.0029921811410919055,0.0029062494552008896,0.49049684,HOLD,0,0,True,0.0,1000.0
2026-02-22 17:00:00,0.0029062494552008896,0.002160563967538231,0.46838698,HOLD,0,0,True,0.0,1000.0
2026-02-22 18:00:00,0.002160563967538231,0.00202780038329162,0.4632616,HOLD,0,0,True,0.0,1000.0
2026-02-22 19:00:00,0.00202780038329162,0.0033582857457722186,0.4872213,HOLD,0,1,False,0.0,1000.0
2026-02-22 20:00:00,0.0033582857457722186,0.002609021500927165,0.49678716,HOLD,0,0,True,0.0,1000.0
2026-02-22 21:00:00,0.002609021500927165,0.002532323244709776,0.4793322,HOLD,0,0,True,0.0,1000.0
2026-02-22 22:00:00,0.002532323244709776,0.007377058511820665,0.4563512,HOLD,0,1,False,0.0,1000.0
2026-02-22 23:00:00,0.007377058511820665,0.008012820903504091,0.421925,HOLD,0,1,False,0.0,1000.0
2026-02-23 00:00:00,0.008012820903504091,0.008008502645156618,0.44376054,HOLD,0,0,True,0.0,1000.0
2026-02-23 01:00:00,0.008008502645156618,0.005611448455518776,0.4681149,HOLD,0,0,True,0.0,1000.0
2026-02-23 02:00:00,0.005611448455518776,0.006629488188735421,0.45969322,HOLD,0,1,False,0.0,1000.0
2026-02-23 03:00:00,0.006629488188735421,0.007941359601650268,0.46194363,HOLD,0,1,False,0.0,1000.0
2026-02-23 04:00:00,0.007941359601650268,0.010813330193359139,0.44184062,HOLD,0,1,False,0.0,1000.0
2026-02-23 05:00:00,0.010813330193359139,0.007477781906523101,0.43373877,HOLD,0,0,True,0.0,1000.0
2026-02-23 06:00:00,0.007477781906523101,0.006983505100983983,0.44544163,HOLD,0,0,True,0.0,1000.0
2026-02-23 07:00:00,0.006983505100983983,0.0060462319848851205,0.451198,HOLD,0,0,True,0.0,1000.0
2026-02-23 08:00:00,0.0060462319848851205,0.004206395445917125,0.44788867,HOLD,0,0,True,0.0,1000.0
2026-02-23 09:00:00,0.004206395445917125,0.0038985783991109034,0.45734486,HOLD,0,0,True,0.0,1000.0
2026-02-23 10:00:00,0.0038985783991109034,0.002782377668114081,0.4585752,HOLD,0,0,True,0.0,1000.0
2026-02-23 11:00:00,0.002782377668114081,0.0017938859066933476,0.476012,HOLD,0,0,True,0.0,1000.0
2026-02-23 12:00:00,0.0017938859066933476,0.0022736267906175553,0.48616663,HOLD,0,1,False,0.0,1000.0
2026-02-23 13:00:00,0.0022736267906175553,0.0019808110201402582,0.48655125,HOLD,0,0,True,0.0,1000.0
2026-02-23 14:00:00,0.0019808110201402582,0.0015865344881112176,0.49122828,HOLD,0,0,True,0.0,1000.0
2026-02-23 15:00:00,0.0015865344881112176,0.0023028845382247554,0.4875666,HOLD,0,1,False,0.0,1000.0
2026-02-23 16:00:00,0.0023028845382247554,0.0027815760190508607,0.49171677,HOLD,0,1,False,0.0,1000.0
2026-02-23 17:00:00,0.0027815760190508607,0.0014858399067513314,0.504126,HOLD,1,0,False,0.0,1000.0
2026-02-23 18:00:00,0.0014858399067513314,0.0016902750858005192,0.5103082,HOLD,1,1,True,0.0,1000.0
2026-02-23 19:00:00,0.0016902750858005192,0.0019228509510459625,0.5129935,HOLD,1,1,True,0.0,1000.0
2026-02-23 20:00:00,0.0019228509510459625,0.0017618664877905488,0.52992857,HOLD,1,0,False,0.0,1000.0
2026-02-23 21:00:00,0.0017618664877905488,0.0015998358951266945,0.53366864,HOLD,1,0,False,0.0,1000.0
2026-02-23 22:00:00,0.0015998358951266945,0.0009755626865084443,0.5190386,HOLD,1,0,False,0.0,1000.0
2026-02-23 23:00:00,0.0009755626865084443,0.0018293276627795872,0.54128087,HOLD,1,1,True,0.0,1000.0
2026-02-24 00:00:00,0.0018293276627795872,0.0017009237049045527,0.5606942,HOLD,1,0,False,0.0,1000.0
2026-02-24 01:00:00,0.0017009237049045527,0.0018861982691158565,0.56930137,HOLD,1,1,True,0.0,1000.0
2026-02-24 02:00:00,0.0018861982691158565,0.001781582748370674,0.5835171,HOLD,1,0,False,0.0,1000.0
2026-02-24 03:00:00,0.001781582748370674,0.0014350971421592663,0.60173744,LONG,1,0,False,-0.19548190465937212,951.129523835157
2026-02-24 04:00:00,0.0014350971421592663,0.0018521196826886892,0.61975014,LONG,1,1,True,0.28958837083458,1019.9885361501803
2026-02-24 05:00:00,0.0018521196826886892,0.0019363252475752026,0.6336669,LONG,1,1,True,0.044464429579558096,1031.3268382595818
2026-02-24 06:00:00,0.0019363252475752026,0.002847327570601267,0.64081925,LONG,1,1,True,0.46948001061127675,1152.3736720020324
2026-02-24 07:00:00,0.002847327570601267,0.0020877946282178207,0.65731347,LONG,1,0,False,-0.26775291955363484,1075.2358182282107
2026-02-24 08:00:00,0.0020877946282178207,0.0033854080144737563,0.66084075,LONG,1,1,True,0.620523481628843,1242.0380866029625
2026-02-24 09:00:00,0.0033854080144737563,0.0057347879646502,0.66126513,LONG,1,1,True,0.6929724665777522,1457.2126357171542
2026-02-24 10:00:00,0.0057347879646502,0.0036732001689618403,0.6508093,LONG,1,0,False,-0.360488059261509,1325.885696971898
2026-02-24 11:00:00,0.0036732001689618403,0.0023870660592000908,0.6442565,LONG,1,0,False,-0.3511399462597898,1209.4928388765638
2026-02-24 12:00:00,0.0023870660592000908,0.0026017394201434227,0.624073,LONG,1,1,True,0.08893188944895362,1236.3834597356317
2026-02-24 13:00:00,0.0026017394201434227,0.0035785675323071853,0.6157886,LONG,1,1,True,0.37445193980645236,1352.1250059462868
2026-02-24 14:00:00,0.0035785675323071853,0.004300259895707935,0.59782255,HOLD,1,1,True,0.0,1352.1250059462868
2026-02-24 15:00:00,0.004300259895707935,0.004145919408549034,0.5833472,HOLD,1,0,False,0.0,1352.1250059462868
2026-02-24 16:00:00,0.004145919408549034,0.002009600826590129,0.57329464,HOLD,1,0,False,0.0,1352.1250059462868
2026-02-24 17:00:00,0.002009600826590129,0.0015339721925193834,0.5666002,HOLD,1,0,False,0.0,1352.1250059462868
2026-02-24 18:00:00,0.0015339721925193834,0.002282520793710048,0.55694294,HOLD,1,1,True,0.0,1352.1250059462868
2026-02-24 19:00:00,0.002282520793710048,0.0028120747035317623,0.54895556,HOLD,1,1,True,0.0,1352.1250059462868
2026-02-24 20:00:00,0.0028120747035317623,0.0014755940932954863,0.53873885,HOLD,1,0,False,0.0,1352.1250059462868
2026-02-24 21:00:00,0.0014755940932954863,0.001260426854471295,0.5220096,HOLD,1,0,False,0.0,1352.1250059462868
2026-02-24 22:00:00,0.001260426854471295,0.0024057259280720073,0.49776456,HOLD,0,1,False,0.0,1352.1250059462868
2026-02-24 23:00:00,0.0024057259280720073,0.0027421153956998746,0.48695022,HOLD,0,1,False,0.0,1352.1250059462868
2026-02-25 00:00:00,0.0027421153956998746,0.003751248736756361,0.50256145,HOLD,1,1,True,0.0,1352.1250059462868
2026-02-25 01:00:00,0.003751248736756361,0.0042582164588024045,0.5133079,HOLD,1,1,True,0.0,1352.1250059462868
2026-02-25 02:00:00,0.0042582164588024045,0.00329069024598003,0.52087593,HOLD,1,0,False,0.0,1352.1250059462868
2026-02-25 03:00:00,0.00329069024598003,0.005995927408915721,0.5270513,HOLD,1,1,True,0.0,1352.1250059462868
2026-02-25 04:00:00,0.005995927408915721,0.00445162318527476,0.51299036,HOLD,1,0,False,0.0,1352.1250059462868
2026-02-25 05:00:00,0.00445162318527476,0.009738157601327086,0.5237346,HOLD,1,1,True,0.0,1352.1250059462868
2026-02-25 06:00:00,0.009738157601327086,0.015294104596447986,0.4950002,HOLD,0,1,False,0.0,1352.1250059462868
2026-02-25 07:00:00,0.015294104596447986,0.015097084681571747,0.48273456,HOLD,0,0,True,0.0,1352.1250059462868
2026-02-25 08:00:00,0.015097084681571747,0.017048649463681922,0.46261,HOLD,0,1,False,0.0,1352.1250059462868
2026-02-25 09:00:00,0.017048649463681922,0.013304422276814654,0.45851928,HOLD,0,0,True,0.0,1352.1250059462868
2026-02-25 10:00:00,0.013304422276814654,0.01927720494992965,0.47958872,HOLD,0,1,False,0.0,1352.1250059462868
2026-02-25 11:00:00,0.01927720494992965,0.034727416542180034,0.47487697,HOLD,0,1,False,0.0,1352.1250059462868
2026-02-25 12:00:00,0.034727416542180034,0.031504361200249666,0.4578607,HOLD,0,0,True,0.0,1352.1250059462868
2026-02-25 13:00:00,0.031504361200249666,0.039716583713732705,0.4498877,HOLD,0,1,False,0.0,1352.1250059462868
2026-02-25 14:00:00,0.039716583713732705,0.028278506690087087,0.45542613,HOLD,0,0,True,0.0,1352.1250059462868
2026-02-25 15:00:00,0.028278506690087087,0.026707958743052467,0.4688326,HOLD,0,0,True,0.0,1352.1250059462868
2026-02-25 16:00:00,0.026707958743052467,0.03713328675434879,0.46279076,HOLD,0,1,False,0.0,1352.1250059462868
2026-02-25 17:00:00,0.03713328675434879,0.0558921099926438,0.45846984,HOLD,0,1,False,0.0,1352.1250059462868
2026-02-25 18:00:00,0.0558921099926438,0.06078535955236485,0.45598912,HOLD,0,1,False,0.0,1352.1250059462868
2026-02-25 19:00:00,0.06078535955236485,0.03679403706097524,0.4566535,HOLD,0,0,True,0.0,1352.1250059462868
2026-02-25 20:00:00,0.03679403706097524,0.027978296164957648,0.44116217,HOLD,0,0,True,0.0,1352.1250059462868
2026-02-25 21:00:00,0.027978296164957648,0.04637783126815046,0.45565078,HOLD,0,1,False,0.0,1352.1250059462868
2026-02-25 22:00:00,0.04637783126815046,0.03528359724979097,0.46692827,HOLD,0,0,True,0.0,1352.1250059462868
2026-02-25 23:00:00,0.03528359724979097,0.04242760527662036,0.47404245,HOLD,0,1,False,0.0,1352.1250059462868
2026-02-26 00:00:00,0.04242760527662036,0.048236854994943255,0.48311576,HOLD,0,1,False,0.0,1352.1250059462868
2026-02-26 01:00:00,0.048236854994943255,0.08166500279897033,0.47078392,HOLD,0,1,False,0.0,1352.1250059462868
2026-02-26 02:00:00,0.08166500279897033,0.058243929462750824,0.46453068,HOLD,0,0,True,0.0,1352.1250059462868
2026-02-26 03:00:00,0.058243929462750824,0.07744015993709305,0.44934133,HOLD,0,1,False,0.0,1352.1250059462868
2026-02-26 04:00:00,0.07744015993709305,0.10996899958075017,0.4434603,HOLD,0,1,False,0.0,1352.1250059462868
2026-02-26 05:00:00,0.10996899958075017,0.11675514340587485,0.42202663,HOLD,0,1,False,0.0,1352.1250059462868
2026-02-26 06:00:00,0.11675514340587485,0.0654885282564608,0.41938514,HOLD,0,0,True,0.0,1352.1250059462868
2026-02-26 07:00:00,0.0654885282564608,0.054525745980971145,0.4281476,HOLD,0,0,True,0.0,1352.1250059462868
2026-02-26 08:00:00,0.054525745980971145,0.08200798990082667,0.43585053,HOLD,0,1,False,0.0,1352.1250059462868
2026-02-26 09:00:00,0.08200798990082667,0.08132540531779663,0.4447897,HOLD,0,0,True,0.0,1352.1250059462868
2026-02-26 10:00:00,0.08132540531779663,0.08831979823578383,0.44142875,HOLD,0,1,False,0.0,1352.1250059462868
2026-02-26 11:00:00,0.08831979823578383,0.06978746563056172,0.45378256,HOLD,0,0,True,0.0,1352.1250059462868
2026-02-26 12:00:00,0.06978746563056172,0.08830348048664485,0.47227922,HOLD,0,1,False,0.0,1352.1250059462868
2026-02-26 13:00:00,0.08830348048664485,0.08681004451565935,0.47513476,HOLD,0,0,True,0.0,1352.1250059462868
2026-02-26 14:00:00,0.08681004451565935,0.08349828682510478,0.48578826,HOLD,0,0,True,0.0,1352.1250059462868
2026-02-26 15:00:00,0.08349828682510478,0.0868602581495055,0.4846676,HOLD,0,1,False,0.0,1352.1250059462868
2026-02-26 16:00:00,0.0868602581495055,0.07853224704743282,0.48339206,HOLD,0,0,True,0.0,1352.1250059462868
2026-02-26 17:00:00,0.07853224704743282,0.14341326520273234,0.48848355,HOLD,0,1,False,0.0,1352.1250059462868
2026-02-26 18:00:00,0.14341326520273234,0.2463824872741967,0.4933725,HOLD,0,1,False,0.0,1352.1250059462868
2026-02-26 19:00:00,0.2463824872741967,0.40854400470925256,0.5036478,HOLD,1,1,True,0.0,1352.1250059462868
2026-02-26 20:00:00,0.40854400470925256,0.4459240137275143,0.49542028,HOLD,0,1,False,0.0,1352.1250059462868
2026-02-26 21:00:00,0.4459240137275143,0.37620519085466847,0.47866642,HOLD,0,0,True,0.0,1352.1250059462868
2026-02-26 22:00:00,0.37620519085466847,0.4753990361527938,0.48253295,HOLD,0,1,False,0.0,1352.1250059462868
2026-02-26 23:00:00,0.4753990361527938,0.4394522783835879,0.4788441,HOLD,0,0,True,0.0,1352.1250059462868
2026-02-27 00:00:00,0.4394522783835879,0.5584234965556322,0.4710332,HOLD,0,1,False,0.0,1352.1250059462868
2026-02-27 01:00:00,0.5584234965556322,0.47131921594460086,0.45807076,HOLD,0,0,True,0.0,1352.1250059462868
2026-02-27 02:00:00,0.47131921594460086,0.5192565661702816,0.4565225,HOLD,0,1,False,0.0,1352.1250059462868
2026-02-27 03:00:00,0.5192565661702816,0.710385324782084,0.44673467,HOLD,0,1,False,0.0,1352.1250059462868
2026-02-27 04:00:00,0.710385324782084,0.658856135674824,0.43451855,HOLD,0,0,True,0.0,1352.1250059462868
2026-02-27 05:00:00,0.658856135674824,0.6096907286284389,0.42892984,HOLD,0,0,True,0.0,1352.1250059462868
2026-02-27 06:00:00,0.6096907286284389,0.3934107206096775,0.43115413,HOLD,0,0,True,0.0,1352.1250059462868
2026-02-27 07:00:00,0.3934107206096775,0.30045722964256516,0.42469913,HOLD,0,0,True,0.0,1352.1250059462868
2026-02-27 08:00:00,0.30045722964256516,0.3654042206959437,0.41765103,HOLD,0,1,False,0.0,1352.1250059462868
2026-02-27 09:00:00,0.3654042206959437,0.525241459760694,0.42492816,HOLD,0,1,False,0.0,1352.1250059462868
2026-02-27 10:00:00,0.525241459760694,0.7763919613474619,0.42474702,HOLD,0,1,False,0.0,1352.1250059462868
2026-02-27 11:00:00,0.7763919613474619,0.9804948249929747,0.4260473,HOLD,0,1,False,0.0,1352.1250059462868
2026-02-27 12:00:00,0.9804948249929747,0.9821193978858493,0.42308968,HOLD,0,1,False,0.0,1352.1250059462868
2026-02-27 13:00:00,0.9821193978858493,1.419333093018291,0.4216241,HOLD,0,1,False,0.0,1352.1250059462868
2026-02-27 14:00:00,1.419333093018291,1.434049087414246,0.42537597,HOLD,0,1,False,0.0,1352.1250059462868
2026-02-27 15:00:00,1.434049087414246,1.7031115130522574,0.42250797,HOLD,0,1,False,0.0,1352.1250059462868
2026-02-27 16:00:00,1.7031115130522574,2.635087010365815,0.42046633,HOLD,0,1,False,0.0,1352.1250059462868
2026-02-27 17:00:00,2.635087010365815,3.5891050875981385,0.41395828,HOLD,0,1,False,0.0,1352.1250059462868
2026-02-27 18:00:00,3.5891050875981385,2.038799777591837,0.41008952,HOLD,0,0,True,0.0,1352.1250059462868
2026-02-27 19:00:00,2.038799777591837,2.8232895007244054,0.421125,HOLD,0,1,False,0.0,1352.1250059462868
2026-02-27 20:00:00,2.8232895007244054,1.897505735529007,0.4259208,HOLD,0,0,True,0.0,1352.1250059462868
2026-02-27 21:00:00,1.897505735529007,1.2756524190835032,0.4324822,HOLD,0,0,True,0.0,1352.1250059462868
2026-02-27 22:00:00,1.2756524190835032,1.259480705530196,0.42902428,HOLD,0,0,True,0.0,1352.1250059462868
2026-02-27 23:00:00,1.259480705530196,1.0324317425285472,0.4408245,HOLD,0,0,True,0.0,1352.1250059462868
2026-02-28 00:00:00,1.0324317425285472,1.0651794292987378,0.4454786,HOLD,0,1,False,0.0,1352.1250059462868
2026-02-28 01:00:00,1.0651794292987378,2.215974999461005,0.45636678,HOLD,0,1,False,0.0,1352.1250059462868
2026-02-28 02:00:00,2.215974999461005,2.462756978687232,0.45474818,HOLD,0,1,False,0.0,1352.1250059462868
2026-02-28 03:00:00,2.462756978687232,3.482910816663845,0.45744503,HOLD,0,1,False,0.0,1352.1250059462868
2026-02-28 04:00:00,3.482910816663845,2.76471002717687,0.47648874,HOLD,0,0,True,0.0,1352.1250059462868
2026-02-28 05:00:00,2.76471002717687,2.6945906078072435,0.49241155,HOLD,0,0,True,0.0,1352.1250059462868
2026-02-28 06:00:00,2.6945906078072435,3.1570147917628604,0.50828564,HOLD,1,1,True,0.0,1352.1250059462868
2026-02-28 07:00:00,3.1570147917628604,2.0861785680540788,0.5165535,HOLD,1,0,False,0.0,1352.1250059462868
2026-02-28 08:00:00,2.0861785680540788,2.0521502902641706,0.5282928,HOLD,1,0,False,0.0,1352.1250059462868
2026-02-28 09:00:00,2.0521502902641706,1.6374412800087765,0.5436522,HOLD,1,0,False,0.0,1352.1250059462868
2026-02-28 10:00:00,1.6374412800087765,1.6188872728263988,0.5508039,HOLD,1,0,False,0.0,1352.1250059462868
2026-02-28 11:00:00,1.6188872728263988,1.711365244735718,0.56525236,HOLD,1,1,True,0.0,1352.1250059462868
2026-02-28 12:00:00,1.711365244735718,1.2817080730221038,0.5765604,HOLD,1,0,False,0.0,1352.1250059462868
2026-02-28 13:00:00,1.2817080730221038,0.8928705727857082,0.58194005,HOLD,1,0,False,0.0,1352.1250059462868
2026-02-28 14:00:00,0.8928705727857082,1.0891027480746012,0.59933794,HOLD,1,1,True,0.0,1352.1250059462868
2026-02-28 15:00:00,1.0891027480746012,1.742225240256161,0.6128327,LONG,1,1,True,0.5986885907561978,1554.5004595303362
2026-02-28 16:00:00,1.742225240256161,2.4148462830440955,0.61901534,LONG,1,1,True,0.3850700828149168,1704.1483647021294
2026-02-28 17:00:00,2.4148462830440955,2.2801103656835795,0.62350607,LONG,1,0,False,-0.05679482151993181,1679.951664147944
2026-02-28 18:00:00,2.2801103656835795,2.167938187137294,0.62712866,LONG,1,0,False,-0.05019594254493735,1658.8699748449835
2026-02-28 19:00:00,2.167938187137294,2.585375472959436,0.6183176,LONG,1,1,True,0.19155036342773088,1738.3092614852103
2026-02-28 20:00:00,2.585375472959436,4.4036476035435275,0.61437523,LONG,1,1,True,0.7022913205843737,2043.5091381933344
2026-02-28 21:00:00,4.4036476035435275,6.088687123781865,0.6140428,LONG,1,1,True,0.3816463132250682,2238.48357035164
2026-02-28 22:00:00,6.088687123781865,5.176897586551326,0.59240496,HOLD,1,0,False,0.0,2238.48357035164
2026-02-28 23:00:00,5.176897586551326,4.55334290888266,0.572376,HOLD,1,0,False,0.0,2238.48357035164
2026-03-01 00:00:00,4.55334290888266,3.23781844370165,0.5325395,HOLD,1,0,False,0.0,2238.48357035164
2026-03-01 01:00:00,3.23781844370165,3.976248731179998,0.49462152,HOLD,0,1,False,0.0,2238.48357035164
2026-03-01 02:00:00,3.976248731179998,2.885703048025481,0.47503936,HOLD,0,0,True,0.0,2238.48357035164
2026-03-01 03:00:00,2.885703048025481,2.4298237325341225,0.44610456,HOLD,0,0,True,0.0,2238.48357035164
2026-03-01 04:00:00,2.4298237325341225,3.756172190331044,0.44129676,HOLD,0,1,False,0.0,2238.48357035164
2026-03-01 05:00:00,3.756172190331044,4.801875785978622,0.43808746,HOLD,0,1,False,0.0,2238.48357035164
2026-03-01 06:00:00,4.801875785978622,3.80202684353429,0.43768156,HOLD,0,0,True,0.0,2238.48357035164
2026-03-01 07:00:00,3.80202684353429,2.9845837710289245,0.45148888,HOLD,0,0,True,0.0,2238.48357035164
2026-03-01 08:00:00,2.9845837710289245,1.3918739866703627,0.46563652,HOLD,0,0,True,0.0,2238.48357035164
2026-03-01 09:00:00,1.3918739866703627,1.174197647488248,0.46838054,HOLD,0,0,True,0.0,2238.48357035164
2026-03-01 10:00:00,1.174197647488248,1.3110626317576115,0.47819135,HOLD,0,1,False,0.0,2238.48357035164
2026-03-01 11:00:00,1.3110626317576115,1.5737925284462673,0.49949682,HOLD,0,1,False,0.0,2238.48357035164
2026-03-01 12:00:00,1.5737925284462673,1.241183857185013,0.5147027,HOLD,1,0,False,0.0,2238.48357035164
2026-03-01 13:00:00,1.241183857185013,0.6313476717342151,0.5038814,HOLD,1,0,False,0.0,2238.48357035164
2026-03-01 14:00:00,0.6313476717342151,0.5012603560727,0.49331623,HOLD,0,0,True,0.0,2238.48357035164
2026-03-01 15:00:00,0.5012603560727,0.37850971809207595,0.49738172,HOLD,0,0,True,0.0,2238.48357035164
2026-03-01 16:00:00,0.37850971809207595,0.26435883140631294,0.49710083,HOLD,0,0,True,0.0,2238.48357035164
2026-03-01 17:00:00,0.26435883140631294,0.2981002852693257,0.4970876,HOLD,0,1,False,0.0,2238.48357035164
2026-03-01 18:00:00,0.2981002852693257,0.29912673049106,0.48447517,HOLD,0,1,False,0.0,2238.48357035164
2026-03-01 19:00:00,0.29912673049106,0.24931271132878646,0.46715155,HOLD,0,0,True,0.0,2238.48357035164
2026-03-01 20:00:00,0.24931271132878646,0.222003858203374,0.45522088,HOLD,0,0,True,0.0,2238.48357035164
2026-03-01 21:00:00,0.222003858203374,0.3286725295021434,0.4428224,HOLD,0,1,False,0.0,2238.48357035164
2026-03-01 22:00:00,0.3286725295021434,0.24974638636398844,0.41871017,HOLD,0,0,True,0.0,2238.48357035164
2026-03-01 23:00:00,0.24974638636398844,0.2984429777734435,0.39967614,SHORT,0,1,False,-0.19598416821328118,2128.8067352030243
2026-03-02 00:00:00,0.2984429777734435,0.37877634506429514,0.40501478,HOLD,0,1,False,0.0,2128.8067352030243
2026-03-02 01:00:00,0.37877634506429514,0.2587295180300788,0.40551353,HOLD,0,0,True,0.0,2128.8067352030243
2026-03-02 02:00:00,0.2587295180300788,0.27412612538227293,0.42836002,HOLD,0,1,False,0.0,2128.8067352030243
2026-03-02 03:00:00,0.27412612538227293,0.27149571966159164,0.42609745,HOLD,0,0,True,0.0,2128.8067352030243
2026-03-02 04:00:00,0.27149571966159164,0.3181469276930975,0.42041802,HOLD,0,1,False,0.0,2128.8067352030243
2026-03-02 05:00:00,0.3181469276930975,0.3315686434667409,0.43695948,HOLD,0,1,False,0.0,2128.8067352030243
2026-03-02 06:00:00,0.3315686434667409,0.25037984255413576,0.45337033,HOLD,0,0,True,0.0,2128.8067352030243
2026-03-02 07:00:00,0.25037984255413576,0.14429457843092156,0.45293406,HOLD,0,0,True,0.0,2128.8067352030243
2026-03-02 08:00:00,0.14429457843092156,0.1067511788673595,0.47232914,HOLD,0,0,True,0.0,2128.8067352030243
2026-03-02 09:00:00,0.1067511788673595,0.11666132267732338,0.47450033,HOLD,0,1,False,0.0,2128.8067352030243
2026-03-02 10:00:00,0.11666132267732338,0.08741480700396852,0.49923944,HOLD,0,0,True,0.0,2128.8067352030243
2026-03-02 11:00:00,0.08741480700396852,0.12824131148380985,0.5189295,HOLD,1,1,True,0.0,2128.8067352030243
2026-03-02 12:00:00,0.12824131148380985,0.16457807927354398,0.52532166,HOLD,1,1,True,0.0,2128.8067352030243
2026-03-02 13:00:00,0.16457807927354398,0.12837703974421882,0.5284997,HOLD,1,0,False,0.0,2128.8067352030243
2026-03-02 14:00:00,0.12837703974421882,0.12341489240927447,0.5405033,HOLD,1,0,False,0.0,2128.8067352030243
2026-03-02 15:00:00,0.12341489240927447,0.10544327618556819,0.5529766,HOLD,1,0,False,0.0,2128.8067352030243
2026-03-02 16:00:00,0.10544327618556819,0.10968486485672,0.5736314,HOLD,1,1,True,0.0,2128.8067352030243
2026-03-02 17:00:00,0.10968486485672,0.12308742798576337,0.5937023,HOLD,1,1,True,0.0,2128.8067352030243
2026-03-02 18:00:00,0.12308742798576337,0.0899178661697559,0.60439193,LONG,1,0,False,-0.27047968902107494,1984.8569892721034
2026-03-02 19:00:00,0.0899178661697559,0.16962961369773583,0.6110064,LONG,1,1,True,0.8854950973980205,2424.252272531264
2026-03-02 20:00:00,0.16962961369773583,0.12157761850945856,0.5985211,HOLD,1,0,False,0.0,2424.252272531264
2026-03-02 21:00:00,0.12157761850945856,0.13842478113317583,0.5918791,HOLD,1,1,True,0.0,2424.252272531264
2026-03-02 22:00:00,0.13842478113317583,0.0998497801085499,0.57157844,HOLD,1,0,False,0.0,2424.252272531264
2026-03-02 23:00:00,0.0998497801085499,0.10504472494111024,0.5522683,HOLD,1,1,True,0.0,2424.252272531264
2026-03-03 00:00:00,0.10504472494111024,0.09595340472069586,0.55054724,HOLD,1,0,False,0.0,2424.252272531264
2026-03-03 01:00:00,0.09595340472069586,0.1143277302761178,0.539744,HOLD,1,1,True,0.0,2424.252272531264
2026-03-03 02:00:00,0.1143277302761178,0.11161671200347095,0.5434946,HOLD,1,0,False,0.0,2424.252272531264
2026-03-03 03:00:00,0.11161671200347095,0.09751129390171254,0.55142957,HOLD,1,0,False,0.0,2424.252272531264
2026-03-03 04:00:00,0.09751129390171254,0.1310324806973013,0.5465145,HOLD,1,1,True,0.0,2424.252272531264
2026-03-03 05:00:00,0.1310324806973013,0.15043887449743118,0.51812387,HOLD,1,1,True,0.0,2424.252272531264
2026-03-03 06:00:00,0.15043887449743118,0.1098664787478522,0.5053305,HOLD,1,0,False,0.0,2424.252272531264
2026-03-03 07:00:00,0.1098664787478522,0.11509973625354744,0.49474135,HOLD,0,1,False,0.0,2424.252272531264
2026-03-03 08:00:00,0.11509973625354744,0.14461596670712396,0.49557242,HOLD,0,1,False,0.0,2424.252272531264
2026-03-03 09:00:00,0.14461596670712396,0.10941561061422077,0.49404132,HOLD,0,0,True,0.0,2424.252272531264
2026-03-03 10:00:00,0.10941561061422077,0.11454242549512648,0.49185243,HOLD,0,1,False,0.0,2424.252272531264
2026-03-03 11:00:00,0.11454242549512648,0.12759109436067537,0.4907344,HOLD,0,1,False,0.0,2424.252272531264
2026-03-03 12:00:00,0.12759109436067537,0.13913109597110349,0.4891339,HOLD,0,1,False,0.0,2424.252272531264
2026-03-03 13:00:00,0.13913109597110349,0.11541776881553167,0.48494926,HOLD,0,0,True,0.0,2424.252272531264
2026-03-03 14:00:00,0.11541776881553167,0.1060538144181302,0.49677014,HOLD,0,0,True,0.0,2424.252272531264
2026-03-03 15:00:00,0.1060538144181302,0.1535155594168923,0.507723,HOLD,1,1,True,0.0,2424.252272531264
2026-03-03 16:00:00,0.1535155594168923,0.17034655240443172,0.51933706,HOLD,1,1,True,0.0,2424.252272531264
2026-03-03 17:00:00,0.17034655240443172,0.12222583703331,0.5197276,HOLD,1,0,False,0.0,2424.252272531264
2026-03-03 18:00:00,0.12222583703331,0.1254274881834199,0.51715535,HOLD,1,1,True,0.0,2424.252272531264
2026-03-03 19:00:00,0.1254274881834199,0.14085755045562437,0.50850713,HOLD,1,1,True,0.0,2424.252272531264
2026-03-03 20:00:00,0.14085755045562437,0.11818936109130168,0.51497114,HOLD,1,0,False,0.0,2424.252272531264
2026-03-03 21:00:00,0.11818936109130168,0.17108347869144874,0.51102805,HOLD,1,1,True,0.0,2424.252272531264
2026-03-03 22:00:00,0.17108347869144874,0.15467984576649615,0.51636124,HOLD,1,0,False,0.0,2424.252272531264
2026-03-03 23:00:00,0.15467984576649615,0.15079814306948916,0.528672,HOLD,1,0,False,0.0,2424.252272531264
2026-03-04 00:00:00,0.15079814306948916,0.16862020690162802,0.5429622,HOLD,1,1,True,0.0,2424.252272531264
2026-03-04 01:00:00,0.16862020690162802,0.17767566316391842,0.54877996,HOLD,1,1,True,0.0,2424.252272531264
2026-03-04 02:00:00,0.17767566316391842,0.11165944911657942,0.5433519,HOLD,1,0,False,0.0,2424.252272531264
2026-03-04 03:00:00,0.11165944911657942,0.1559329075937669,0.5460857,HOLD,1,1,True,0.0,2424.252272531264
2026-03-04 04:00:00,0.1559329075937669,0.04838526953227087,0.5355196,HOLD,1,0,False,0.0,2424.252272531264
2026-03-04 05:00:00,0.04838526953227087,0.08077767445324888,0.54022956,HOLD,1,1,True,0.0,2424.252272531264
2026-03-04 06:00:00,0.08077767445324888,0.12629551621377394,0.5421944,HOLD,1,1,True,0.0,2424.252272531264
2026-03-04 07:00:00,0.12629551621377394,0.1729710541927173,0.54038566,HOLD,1,1,True,0.0,2424.252272531264
2026-03-04 08:00:00,0.1729710541927173,0.08172208088645522,0.53638464,HOLD,1,0,False,0.0,2424.252272531264
2026-03-04 09:00:00,0.08172208088645522,0.11708715766350944,0.535725,HOLD,1,1,True,0.0,2424.252272531264
2026-03-04 10:00:00,0.11708715766350944,0.13991274955185695,0.5298101,HOLD,1,1,True,0.0,2424.252272531264
2026-03-04 11:00:00,0.13991274955185695,0.08035979012695925,0.52967125,HOLD,1,0,False,0.0,2424.252272531264
2026-03-04 12:00:00,0.08035979012695925,0.1351857855265216,0.5287329,HOLD,1,1,True,0.0,2424.252272531264
2026-03-04 13:00:00,0.1351857855265216,0.07367123150919966,0.52128035,HOLD,1,0,False,0.0,2424.252272531264
2026-03-04 14:00:00,0.07367123150919966,0.056161886829484704,0.51442957,HOLD,1,0,False,0.0,2424.252272531264
2026-03-04 15:00:00,0.056161886829484704,0.05700571905743332,0.50330067,HOLD,1,1,True,0.0,2424.252272531264
2026-03-04 16:00:00,0.05700571905743332,0.03563798863955795,0.51496065,HOLD,1,0,False,0.0,2424.252272531264
2026-03-04 17:00:00,0.03563798863955795,0.043404944764141216,0.50895107,HOLD,1,1,True,0.0,2424.252272531264
2026-03-04 18:00:00,0.043404944764141216,0.041053693825965305,0.508314,HOLD,1,0,False,0.0,2424.252272531264
2026-03-04 19:00:00,0.041053693825965305,0.03659378464674379,0.5138879,HOLD,1,0,False,0.0,2424.252272531264
2026-03-04 20:00:00,0.03659378464674379,0.03868635562683337,0.5134301,HOLD,1,1,True,0.0,2424.252272531264
2026-03-04 21:00:00,0.03868635562683337,0.04184156634235575,0.5008832,HOLD,1,1,True,0.0,2424.252272531264
2026-03-04 22:00:00,0.04184156634235575,0.045731739292576415,0.4889292,HOLD,0,1,False,0.0,2424.252272531264
2026-03-04 23:00:00,0.045731739292576415,0.044375389710862786,0.46708927,HOLD,0,0,True,0.0,2424.252272531264
2026-03-05 00:00:00,0.044375389710862786,0.04191533672839923,0.48009983,HOLD,0,0,True,0.0,2424.252272531264
2026-03-05 01:00:00,0.04191533672839923,0.04914976737387528,0.4892157,HOLD,0,1,False,0.0,2424.252272531264
2026-03-05 02:00:00,0.04914976737387528,0.05520345771019604,0.48547742,HOLD,0,1,False,0.0,2424.252272531264
2026-03-05 03:00:00,0.05520345771019604,0.050598122808815434,0.47509363,HOLD,0,0,True,0.0,2424.252272531264
2026-03-05 04:00:00,0.050598122808815434,0.04390434014880733,0.47147843,HOLD,0,0,True,0.0,2424.252272531264
2026-03-05 05:00:00,0.04390434014880733,0.049224300484611606,0.46508965,HOLD,0,1,False,0.0,2424.252272531264
2026-03-05 06:00:00,0.049224300484611606,0.06291306680695147,0.46623293,HOLD,0,1,False,0.0,2424.252272531264
2026-03-05 07:00:00,0.06291306680695147,0.1080522182889573,0.47272065,HOLD,0,1,False,0.0,2424.252272531264
2026-03-05 08:00:00,0.1080522182889573,0.08464063851442702,0.44646057,HOLD,0,0,True,0.0,2424.252272531264
2026-03-05 09:00:00,0.08464063851442702,0.0516032125824003,0.43389097,HOLD,0,0,True,0.0,2424.252272531264
2026-03-05 10:00:00,0.0516032125824003,0.07809362396727458,0.44230026,HOLD,0,1,False,0.0,2424.252272531264
2026-03-05 11:00:00,0.07809362396727458,0.05971393089183853,0.44185433,HOLD,0,0,True,0.0,2424.252272531264
2026-03-05 12:00:00,0.05971393089183853,0.053337326592941846,0.43254507,HOLD,0,0,True,0.0,2424.252272531264
2026-03-05 13:00:00,0.053337326592941846,0.08338258485233638,0.43793982,HOLD,0,1,False,0.0,2424.252272531264
2026-03-05 14:00:00,0.08338258485233638,0.16457475710913716,0.43660784,HOLD,0,1,False,0.0,2424.252272531264
2026-03-05 15:00:00,0.16457475710913716,0.14616601259057058,0.43573827,HOLD,0,0,True,0.0,2424.252272531264
2026-03-05 16:00:00,0.14616601259057058,0.08452909727278032,0.44691598,HOLD,0,0,True,0.0,2424.252272531264
2026-03-05 17:00:00,0.08452909727278032,0.11749243051356938,0.45800236,HOLD,0,1,False,0.0,2424.252272531264
2026-03-05 18:00:00,0.11749243051356938,0.11817836380321793,0.46797755,HOLD,0,1,False,0.0,2424.252272531264
2026-03-05 19:00:00,0.11817836380321793,0.12626562272256409,0.46809384,HOLD,0,1,False,0.0,2424.252272531264
2026-03-05 20:00:00,0.12626562272256409,0.1435455825387072,0.47110358,HOLD,0,1,False,0.0,2424.252272531264
2026-03-05 21:00:00,0.1435455825387072,0.11423640346156272,0.4706425,HOLD,0,0,True,0.0,2424.252272531264
2026-03-05 22:00:00,0.11423640346156272,0.04606324036910126,0.46763757,HOLD,0,0,True,0.0,2424.252272531264
2026-03-05 23:00:00,0.04606324036910126,0.095476988220865,0.46497265,HOLD,0,1,False,0.0,2424.252272531264
2026-03-06 00:00:00,0.095476988220865,0.08881057841809561,0.46613395,HOLD,0,0,True,0.0,2424.252272531264
2026-03-06 01:00:00,0.08881057841809561,0.07782417423240874,0.4677008,HOLD,0,0,True,0.0,2424.252272531264
2026-03-06 02:00:00,0.07782417423240874,0.0893535004260433,0.47205123,HOLD,0,1,False,0.0,2424.252272531264
2026-03-06 03:00:00,0.0893535004260433,0.11181077810178956,0.4685203,HOLD,0,1,False,0.0,2424.252272531264
2026-03-06 04:00:00,0.11181077810178956,0.2620704512581099,0.47052377,HOLD,0,1,False,0.0,2424.252272531264
2026-03-06 05:00:00,0.2620704512581099,0.27561280617776374,0.46822175,HOLD,0,1,False,0.0,2424.252272531264
2026-03-06 06:00:00,0.27561280617776374,0.23676295920617188,0.4627797,HOLD,0,0,True,0.0,2424.252272531264
2026-03-06 07:00:00,0.23676295920617188,0.16095988436434755,0.45866105,HOLD,0,0,True,0.0,2424.252272531264
2026-03-06 08:00:00,0.16095988436434755,0.16262618675831672,0.46365836,HOLD,0,1,False,0.0,2424.252272531264
2026-03-06 09:00:00,0.16262618675831672,0.16491989216557346,0.46209696,HOLD,0,1,False,0.0,2424.252272531264
2026-03-06 10:00:00,0.16491989216557346,0.09088678041644527,0.45681205,HOLD,0,0,True,0.0,2424.252272531264
2026-03-06 11:00:00,0.09088678041644527,0.1118654077023294,0.47137758,HOLD,0,1,False,0.0,2424.252272531264
2026-03-06 12:00:00,0.1118654077023294,0.16347579917253893,0.48128888,HOLD,0,1,False,0.0,2424.252272531264
2026-03-06 13:00:00,0.16347579917253893,0.23844891875935795,0.49298215,HOLD,0,1,False,0.0,2424.252272531264
2026-03-06 14:00:00,0.23844891875935795,0.2956221708272315,0.5105654,HOLD,1,1,True,0.0,2424.252272531264
2026-03-06 15:00:00,0.2956221708272315,0.3914039676606488,0.5127716,HOLD,1,1,True,0.0,2424.252272531264
2026-03-06 16:00:00,0.3914039676606488,0.23363475148851276,0.50243366,HOLD,1,0,False,0.0,2424.252272531264
2026-03-06 17:00:00,0.23363475148851276,0.22350207921855259,0.4862606,HOLD,0,0,True,0.0,2424.252272531264
2026-03-06 18:00:00,0.22350207921855259,0.24900787888633324,0.49017164,HOLD,0,1,False,0.0,2424.252272531264
2026-03-06 19:00:00,0.24900787888633324,0.3674905623160195,0.49247545,HOLD,0,1,False,0.0,2424.252272531264
2026-03-06 20:00:00,0.3674905623160195,0.3985289479559634,0.48476318,HOLD,0,1,False,0.0,2424.252272531264
2026-03-06 21:00:00,0.3985289479559634,0.37381798997843174,0.46741024,HOLD,0,0,True,0.0,2424.252272531264
2026-03-06 22:00:00,0.37381798997843174,0.1213898253079673,0.45464802,HOLD,0,0,True,0.0,2424.252272531264
2026-03-06 23:00:00,0.1213898253079673,0.14902633771474744,0.42900136,HOLD,0,1,False,0.0,2424.252272531264
2026-03-07 00:00:00,0.14902633771474744,0.29615425635348874,0.425829,HOLD,0,1,False,0.0,2424.252272531264
2026-03-07 01:00:00,0.29615425635348874,0.31004924214260404,0.41773278,HOLD,0,1,False,0.0,2424.252272531264
2026-03-07 02:00:00,0.31004924214260404,0.542542701927097,0.4136702,HOLD,0,1,False,0.0,2424.252272531264
2026-03-07 03:00:00,0.542542701927097,0.5694995603105191,0.41677114,HOLD,0,1,False,0.0,2424.252272531264
2026-03-07 04:00:00,0.5694995603105191,0.6918355433908218,0.41031832,HOLD,0,1,False,0.0,2424.252272531264
2026-03-07 05:00:00,0.6918355433908218,0.9841562438563943,0.4061427,HOLD,0,1,False,0.0,2424.252272531264
2026-03-07 06:00:00,0.9841562438563943,1.100752521161752,0.4184784,HOLD,0,1,False,0.0,2424.252272531264
2026-03-07 07:00:00,1.100752521161752,1.1660813520490592,0.42922622,HOLD,0,1,False,0.0,2424.252272531264
2026-03-07 08:00:00,1.1660813520490592,0.9469079516915879,0.43471906,HOLD,0,0,True,0.0,2424.252272531264
2026-03-07 09:00:00,0.9469079516915879,0.564814914179299,0.44778994,HOLD,0,0,True,0.0,2424.252272531264
2026-03-07 10:00:00,0.564814914179299,0.4728240505292166,0.45771226,HOLD,0,0,True,0.0,2424.252272531264
2026-03-07 11:00:00,0.4728240505292166,0.8442937789327666,0.4485822,HOLD,0,1,False,0.0,2424.252272531264
2026-03-07 12:00:00,0.8442937789327666,0.6291820325658504,0.44578284,HOLD,0,0,True,0.0,2424.252272531264
2026-03-07 13:00:00,0.6291820325658504,0.9786067806386858,0.442082,HOLD,0,1,False,0.0,2424.252272531264
2026-03-07 14:00:00,0.9786067806386858,0.9877083338798763,0.44184288,HOLD,0,1,False,0.0,2424.252272531264
2026-03-07 15:00:00,0.9877083338798763,1.4172994436975561,0.4455405,HOLD,0,1,False,0.0,2424.252272531264
2026-03-07 16:00:00,1.4172994436975561,1.6100532525640572,0.45960593,HOLD,0,1,False,0.0,2424.252272531264
2026-03-07 17:00:00,1.6100532525640572,1.7317784578658562,0.45859507,HOLD,0,1,False,0.0,2424.252272531264
2026-03-07 18:00:00,1.7317784578658562,2.0017471302135035,0.4557633,HOLD,0,1,False,0.0,2424.252272531264
2026-03-07 19:00:00,2.0017471302135035,1.237247366673073,0.4533755,HOLD,0,0,True,0.0,2424.252272531264
2026-03-07 20:00:00,1.237247366673073,1.8140055118538323,0.46662316,HOLD,0,1,False,0.0,2424.252272531264
2026-03-07 21:00:00,1.8140055118538323,1.600620640260802,0.4752198,HOLD,0,0,True,0.0,2424.252272531264
2026-03-07 22:00:00,1.600620640260802,1.5222768574656527,0.47297192,HOLD,0,0,True,0.0,2424.252272531264
2026-03-07 23:00:00,1.5222768574656527,1.0907271972796666,0.45921928,HOLD,0,0,True,0.0,2424.252272531264
2026-03-08 00:00:00,1.0907271972796666,1.2851008258116818,0.44708076,HOLD,0,1,False,0.0,2424.252272531264
2026-03-08 01:00:00,1.2851008258116818,1.7442303517503541,0.44553873,HOLD,0,1,False,0.0,2424.252272531264
2026-03-08 02:00:00,1.7442303517503541,1.5130043706987735,0.42832968,HOLD,0,0,True,0.0,2424.252272531264
2026-03-08 03:00:00,1.5130043706987735,1.3834023577845147,0.40936914,HOLD,0,0,True,0.0,2424.252272531264
2026-03-08 04:00:00,1.3834023577845147,1.5461591428849206,0.3890643,SHORT,0,1,False,-0.1186496369147852,2352.343109549845
2026-03-08 05:00:00,1.5461591428849206,1.0141819757272352,0.37510285,SHORT,0,0,True,0.34306365580524206,2554.093966267455
2026-03-08 06:00:00,1.0141819757272352,0.9530005274281433,0.37471592,SHORT,0,0,True,0.05932590773980258,2591.9749520178475
2026-03-08 07:00:00,0.9530005274281433,1.1255028673273555,0.3782889,SHORT,0,1,False,-0.18200970034585726,2474.0338059376636
2026-03-08 08:00:00,1.1255028673273555,2.5990319556557564,0.39462823,SHORT,0,1,False,-1.3102184223639308,1663.6526384149943
2026-03-08 09:00:00,2.5990319556557564,2.184375820472228,0.39665863,SHORT,0,0,True,0.15854253054918951,1729.5925632272815
2026-03-08 10:00:00,2.184375820472228,2.3396945552588386,0.3898505,SHORT,0,1,False,-0.07210440123487222,1698.4147541893337
2026-03-08 11:00:00,2.3396945552588386,1.808978583995993,0.38076672,SHORT,0,0,True,0.22583130585143102,1794.3035596433124
2026-03-08 12:00:00,1.808978583995993,0.9890288711069001,0.3869668,SHORT,0,0,True,0.45226667775018237,1997.1794870921142
2026-03-08 13:00:00,0.9890288711069001,0.7795628687061338,0.37869382,SHORT,0,0,True,0.21078957310552157,2102.425639966927
2026-03-08 14:00:00,0.7795628687061338,0.5121492233275127,0.37418666,SHORT,0,0,True,0.3420302495326084,2282.1989315323376
2026-03-08 15:00:00,0.5121492233275127,0.4720333386786602,0.3665254,SHORT,0,0,True,0.07732850821917361,2326.3186912410347
2026-03-08 16:00:00,0.4720333386786602,0.5393470788604227,0.37544733,SHORT,0,1,False,-0.14360378381364017,2242.8016496363825
2026-03-08 17:00:00,0.5393470788604227,0.6685823962574965,0.4167756,HOLD,0,1,False,0.0,2242.8016496363825
2026-03-08 18:00:00,0.6685823962574965,1.0289447524804842,0.44317457,HOLD,0,1,False,0.0,2242.8016496363825
2026-03-08 19:00:00,1.0289447524804842,1.017882937527733,0.484982,HOLD,0,0,True,0.0,2242.8016496363825
2026-03-08 20:00:00,1.017882937527733,1.4057161734260157,0.4659524,HOLD,0,1,False,0.0,2242.8016496363825
2026-03-08 21:00:00,1.4057161734260157,0.9097273867332123,0.46207514,HOLD,0,0,True,0.0,2242.8016496363825
2026-03-08 22:00:00,0.9097273867332123,0.8374096987599406,0.43707338,HOLD,0,0,True,0.0,2242.8016496363825
2026-03-08 23:00:00,0.8374096987599406,0.8320388699836431,0.41483873,HOLD,0,0,True,0.0,2242.8016496363825
2026-03-09 00:00:00,0.8320388699836431,1.2515273237342814,0.41508123,HOLD,0,1,False,0.0,2242.8016496363825
2026-03-09 01:00:00,1.2515273237342814,1.8390418366356203,0.42895105,HOLD,0,1,False,0.0,2242.8016496363825
2026-03-09 02:00:00,1.8390418366356203,2.1508035571628112,0.44204473,HOLD,0,1,False,0.0,2242.8016496363825
2026-03-09 03:00:00,2.1508035571628112,1.2673441419064226,0.44688055,HOLD,0,0,True,0.0,2242.8016496363825
2026-03-09 04:00:00,1.2673441419064226,1.913155114869203,0.45652717,HOLD,0,1,False,0.0,2242.8016496363825
2026-03-09 05:00:00,1.913155114869203,3.539805539661057,0.45825246,HOLD,0,1,False,0.0,2242.8016496363825
2026-03-09 06:00:00,3.539805539661057,7.263370749270623,0.4365553,HOLD,0,1,False,0.0,2242.8016496363825
2026-03-09 07:00:00,7.263370749270623,7.309856896837305,0.41361395,HOLD,0,1,False,0.0,2242.8016496363825
2026-03-09 08:00:00,7.309856896837305,10.140877483956542,0.39787313,SHORT,0,1,False,-0.38828809976350037,2025.0883519654437
2026-03-09 09:00:00,10.140877483956542,8.403602453066899,0.41349468,HOLD,0,0,True,0.0,2025.0883519654437
2026-03-09 10:00:00,8.403602453066899,11.922253205321269,0.42676437,HOLD,0,1,False,0.0,2025.0883519654437
2026-03-09 11:00:00,11.922253205321269,10.656667235867458,0.44168234,HOLD,0,0,True,0.0,2025.0883519654437
2026-03-09 12:00:00,10.656667235867458,10.46984957457901,0.45278388,HOLD,0,0,True,0.0,2025.0883519654437
2026-03-09 13:00:00,10.46984957457901,16.610752722350686,0.4603721,HOLD,0,1,False,0.0,2025.0883519654437
2026-03-09 14:00:00,16.610752722350686,29.45206084670729,0.47134495,HOLD,0,1,False,0.0,2025.0883519654437
2026-03-09 15:00:00,29.45206084670729,27.489175696506308,0.46133307,HOLD,0,0,True,0.0,2025.0883519654437
2026-03-09 16:00:00,27.489175696506308,45.55708450921877,0.43630534,HOLD,0,1,False,0.0,2025.0883519654437
2026-03-09 17:00:00,45.55708450921877,66.7383002543959,0.41579506,HOLD,0,1,False,0.0,2025.0883519654437
2026-03-09 18:00:00,66.7383002543959,62.45095739923286,0.40931222,HOLD,0,0,True,0.0,2025.0883519654437
2026-03-09 19:00:00,62.45095739923286,103.72925682335273,0.42148286,HOLD,0,1,False,0.0,2025.0883519654437
2026-03-09 20:00:00,103.72925682335273,118.72497514315715,0.41123515,HOLD,0,1,False,0.0,2025.0883519654437
2026-03-09 21:00:00,118.72497514315715,108.18475793794352,0.41142136,HOLD,0,0,True,0.0,2025.0883519654437
2026-03-09 22:00:00,108.18475793794352,112.26251284523752,0.3992073,SHORT,0,1,False,-0.03869250849212116,2005.499414901514
2026-03-09 23:00:00,112.26251284523752,104.62091512872254,0.3883785,SHORT,0,0,True,0.06706900649952052,2039.1261282247176
2026-03-10 00:00:00,104.62091512872254,82.0449551553551,0.38910124,SHORT,0,0,True,0.2147882097053982,2148.6211908359396
2026-03-10 01:00:00,82.0449551553551,120.5596471864528,0.3949592,SHORT,0,1,False,-0.4704340067365354,1895.9250718949454
2026-03-10 02:00:00,120.5596471864528,128.15717216913328,0.40117648,HOLD,0,1,False,0.0,1895.9250718949454
2026-03-10 03:00:00,128.15717216913328,122.44114485223959,0.39912152,SHORT,0,0,True,0.04360169665221745,1916.5914593599696
2026-03-10 04:00:00,122.44114485223959,134.25748397514926,0.39684308,SHORT,0,1,False,-0.0975062776664615,1869.8715346075892
2026-03-10 05:00:00,134.25748397514926,139.54508010160174,0.39830434,SHORT,0,1,False,-0.040383995363947135,1850.9933137613968
2026-03-10 06:00:00,139.54508010160174,128.6777694392245,0.41048765,HOLD,0,0,True,0.0,1850.9933137613968
2026-03-10 07:00:00,128.6777694392245,203.0536870834998,0.4243118,HOLD,0,1,False,0.0,1850.9933137613968
2026-03-10 08:00:00,203.0536870834998,140.0567820773513,0.43666232,HOLD,0,0,True,0.0,1850.9933137613968
2026-03-10 09:00:00,140.0567820773513,103.24826561585738,0.45275483,HOLD,0,0,True,0.0,1850.9933137613968
2026-03-10 10:00:00,103.24826561585738,135.70394526579034,0.46261212,HOLD,0,1,False,0.0,1850.9933137613968
2026-03-10 11:00:00,135.70394526579034,142.94559723426673,0.4706463,HOLD,0,1,False,0.0,1850.9933137613968
2026-03-10 12:00:00,142.94559723426673,116.31113153904931,0.4709093,HOLD,0,0,True,0.0,1850.9933137613968
2026-03-10 13:00:00,116.31113153904931,115.64146432572657,0.44857207,HOLD,0,0,True,0.0,1850.9933137613968
2026-03-10 14:00:00,115.64146432572657,81.05582991248396,0.44981351,HOLD,0,0,True,0.0,1850.9933137613968
2026-03-10 15:00:00,81.05582991248396,103.00110471853992,0.46075925,HOLD,0,1,False,0.0,1850.9933137613968
2026-03-10 16:00:00,103.00110471853992,123.96726167450308,0.44724265,HOLD,0,1,False,0.0,1850.9933137613968
2026-03-10 17:00:00,123.96726167450308,76.52131467234958,0.44030362,HOLD,0,0,True,0.0,1850.9933137613968
2026-03-10 18:00:00,76.52131467234958,31.223051107041847,0.4343441,HOLD,0,0,True,0.0,1850.9933137613968
2026-03-10 19:00:00,31.223051107041847,17.064093264157783,0.42669314,HOLD,0,0,True,0.0,1850.9933137613968
2026-03-10 20:00:00,17.064093264157783,12.704065489884062,0.43376014,HOLD,0,0,True,0.0,1850.9933137613968
2026-03-10 21:00:00,12.704065489884062,37.43480281074267,0.44799387,HOLD,0,1,False,0.0,1850.9933137613968
2026-03-10 22:00:00,37.43480281074267,48.28095080585245,0.4189482,HOLD,0,1,False,0.0,1850.9933137613968
2026-03-10 23:00:00,48.28095080585245,56.882924331851456,0.3764611,SHORT,0,1,False,-0.17916495703635368,1768.085029377737
2026-03-11 00:00:00,56.882924331851456,59.67811719845286,0.35729983,SHORT,0,1,False,-0.05013940166462649,1745.9223480114413
2026-03-11 01:00:00,59.67811719845286,79.63823702372622,0.34819138,SHORT,0,1,False,-0.3354629616731746,1599.499277582616
2026-03-11 02:00:00,79.63823702372622,127.73694345979189,0.35045195,SHORT,0,1,False,-0.6049649825715738,1357.589014436113
2026-03-11 03:00:00,127.73694345979189,76.01239737953078,0.35558426,SHORT,0,0,True,0.4039302001385573,1494.6818150128845
2026-03-11 04:00:00,76.01239737953078,74.07409069721518,0.3463447,SHORT,0,0,True,0.02449987566682854,1503.8366946702058
2026-03-11 05:00:00,74.07409069721518,121.21538371441542,0.34680703,SHORT,0,1,False,-0.6374073129145076,1264.1975680172131
2026-03-11 06:00:00,121.21538371441542,117.17185214670215,0.34861863,SHORT,0,0,True,0.032358237575189894,1274.4243693291828
2026-03-11 07:00:00,117.17185214670215,210.00534550454105,0.35153624,SHORT,0,1,False,-0.7932849358189628,1021.6789558218271
2026-03-11 08:00:00,210.00534550454105,224.25620830221783,0.37449455,SHORT,0,1,False,-0.06885952406801293,1004.0908741597783
2026-03-11 09:00:00,224.25620830221783,220.2371502375969,0.37709588,SHORT,0,0,True,0.016921724865715516,1008.3386115379552
2026-03-11 10:00:00,220.2371502375969,220.54099811890225,0.3704839,SHORT,0,1,False,-0.002379639542999719,1007.7387409297679
2026-03-11 11:00:00,220.54099811890225,180.32718078747118,0.37478134,SHORT,0,0,True,0.18134168555703298,1053.4250014000995
2026-03-11 12:00:00,180.32718078747118,110.34926667451795,0.37472078,SHORT,0,0,True,0.38706082259682933,1155.3598882965966
2026-03-11 13:00:00,110.34926667451795,185.9350045684777,0.37717295,SHORT,0,1,False,-0.6859681939156388,957.224854322249
2026-03-11 14:00:00,185.9350045684777,235.47659152996684,0.37531725,SHORT,0,1,False,-0.2674457242812692,893.2234307061874
2026-03-11 15:00:00,235.47659152996684,290.34326476825123,0.37444508,SHORT,0,1,False,-0.23400266443385323,840.9692650261886
2026-03-11 16:00:00,290.34326476825123,244.8852636277502,0.37192383,SHORT,0,0,True,0.15556640486144946,873.6759063159635
2026-03-11 17:00:00,244.8852636277502,206.89339615576137,0.36837524,SHORT,0,0,True,0.15414150140835023,907.3433353019244
2026-03-11 18:00:00,206.89339615576137,289.9471194671768,0.37077454,SHORT,0,1,False,-0.40243245195166955,816.0572345050346
2026-03-11 19:00:00,289.9471194671768,259.5453025155848,0.36959314,SHORT,0,0,True,0.10385297114680796,837.2447266123334
2026-03-11 20:00:00,259.5453025155848,154.03755997835634,0.36446667,SHORT,0,0,True,0.4055099291515518,922.1224890551027
2026-03-11 21:00:00,154.03755997835634,267.5143016185351,0.35634586,SHORT,0,1,False,-0.737682284866907,752.0641328917708
