symbol,timestamp,action,prob,price,pred_direction,actual_direction,correct,position_id,event_type,direction,entry_price,close_price,position_open_time,position_close_time,position_duration_hours,allocated_capital,pnl_pct,pnl_amount,fee_paid,open_positions_count,available_capital,total_equity,peak_equity,drawdown_pct,cumulative_pnl,cumulative_closed_trades,portfolio_return_pct,regime,regime_conf
BTC/USDT,2026-01-24 01:00:00,HOLD,0.562512993812561,89550.24,1.0,1.0,True,0,HOLD,,89550.24,,,,,0.0,0.0,0.0,0.0,0,1000.0,1000.0,1000.0,0.0,0.0,0,0.0,HIGH_VOL,
BTC/USDT,2026-01-24 02:00:00,HOLD,0.5252820253372192,89702.85,1.0,1.0,True,0,HOLD,,89702.85,,,,,0.0,0.0,0.0,0.0,0,1000.0,1000.0,1000.0,0.0,0.0,0,0.0,HIGH_VOL,
BTC/USDT,2026-01-24 03:00:00,HOLD,0.516523003578186,89770.02,1.0,1.0,True,0,HOLD,,89770.02,,,,,0.0,0.0,0.0,0.0,0,1000.0,1000.0,1000.0,0.0,0.0,0,0.0,HIGH_VOL,
BTC/USDT,2026-01-24 04:00:00,HOLD,0.5269020199775696,89829.35,1.0,0.0,False,0,HOLD,,89829.35,,,,,0.0,0.0,0.0,0.0,0,1000.0,1000.0,1000.0,0.0,0.0,0,0.0,HIGH_VOL,
BTC/USDT,2026-01-24 05:00:00,HOLD,0.5678690075874329,89775.2,1.0,0.0,False,0,HOLD,,89775.2,,,,,0.0,0.0,0.0,0.0,0,1000.0,1000.0,1000.0,0.0,0.0,0,0.0,HIGH_VOL,
BTC/USDT,2026-01-24 06:00:00,HOLD,0.4799259901046753,89649.32,0.0,0.0,True,0,HOLD,,89649.32,,,,,0.0,0.0,0.0,0.0,0,1000.0,1000.0,1000.0,0.0,0.0,0,0.0,HIGH_VOL,
BTC/USDT,2026-01-24 07:00:00,HOLD,0.5705829858779907,89620.1,1.0,1.0,True,0,HOLD,,89620.1,,,,,0.0,0.0,0.0,0.0,0,1000.0,1000.0,1000.0,0.0,0.0,0,0.0,HIGH_VOL,
BTC/USDT,2026-01-24 08:00:00,HOLD,0.5575109720230103,89660.88,1.0,0.0,False,0,HOLD,,89660.88,,,,,0.0,0.0,0.0,0.0,0,1000.0,1000.0,1000.0,0.0,0.0,0,0.0,HIGH_VOL,
BTC/USDT,2026-01-24 09:00:00,HOLD,0.5623189806938171,89600.0,1.0,1.0,True,0,HOLD,,89600.0,,,,,0.0,0.0,0.0,0.0,0,1000.0,1000.0,1000.0,0.0,0.0,0,0.0,HIGH_VOL,
BTC/USDT,2026-01-24 10:00:00,LONG,0.634781002998352,89626.8,1.0,0.0,False,1,OPEN,LONG,89626.8,,2026-01-24 10:00:00,,,134.78,0.0,0.0,0.0,1,865.22,999.87,1000.0,-0.01,0.0,0,-0.01,HIGH_VOL,
BTC/USDT,2026-01-24 11:00:00,HOLD,0.5896360278129578,89595.4,1.0,0.0,False,0,HOLD,,89595.4,,,,,0.0,0.0,0.0,0.0,1,865.22,999.82,1000.0,-0.02,0.0,0,-0.02,HIGH_VOL,
BTC/USDT,2026-01-24 12:00:00,LONG,0.6678310036659241,89537.82,1.0,0.0,False,2,OPEN,LONG,89537.82,,2026-01-24 12:00:00,,,145.21,0.0,0.0,0.0,2,720.01,999.59,1000.0,-0.04,0.0,0,-0.04,HIGH_VOL,
BTC/USDT,2026-01-24 13:00:00,LONG,0.6065139770507812,89368.22,1.0,1.0,True,3,OPEN,LONG,89368.22,,2026-01-24 13:00:00,,,76.69,0.0,0.0,0.0,3,643.32,998.98,1000.0,-0.1,0.0,0,-0.1,HIGH_VOL,
BTC/USDT,2026-01-24 14:00:00,LONG,0.6861770153045654,89450.03,1.0,0.0,False,4,OPEN,LONG,89450.03,,2026-01-24 14:00:00,,,119.77,0.0,0.0,0.0,4,523.55,999.19,1000.0,-0.08,0.0,0,-0.08,HIGH_VOL,
BTC/USDT,2026-01-24 15:00:00,HOLD,0.5975189805030823,89275.77,1.0,1.0,True,0,HOLD,,89275.77,,,,,0.0,0.0,0.0,0.0,4,523.55,998.26,1000.0,-0.17,0.0,0,-0.17,HIGH_VOL,
BTC/USDT,2026-01-24 16:00:00,LONG,0.662962019443512,89290.01,1.0,1.0,True,5,OPEN,LONG,89290.01,,2026-01-24 16:00:00,,,85.32,0.0,0.0,0.0,5,438.23,998.25,1000.0,-0.18,0.0,0,-0.18,LOW_VOL,
BTC/USDT,2026-01-24 17:00:00,HOLD,0.586467981338501,89406.5,1.0,0.0,False,0,HOLD,,89406.5,,,,,0.0,0.0,0.0,0.0,5,438.23,998.98,1000.0,-0.1,0.0,0,-0.1,LOW_VOL,
BTC/USDT,2026-01-24 18:00:00,LONG,0.6274840235710144,89395.23,1.0,0.0,False,6,OPEN,LONG,89395.23,,2026-01-24 18:00:00,,,55.87,0.0,0.0,0.0,6,382.36,998.85,1000.0,-0.11,0.0,0,-0.11,LOW_VOL,
BTC/USDT,2026-01-24 19:00:00,HOLD,0.5661450028419495,89331.36,1.0,1.0,True,0,HOLD,,89331.36,,,,,0.0,0.0,0.0,0.0,6,382.36,998.41,1000.0,-0.16,0.0,0,-0.16,LOW_VOL,
BTC/USDT,2026-01-24 20:00:00,HOLD,0.5675470232963562,89380.01,1.0,1.0,True,0,HOLD,,89380.01,,,,,0.0,0.0,0.0,0.0,6,382.36,998.75,1000.0,-0.13,0.0,0,-0.13,LOW_VOL,
BTC/USDT,2026-01-24 21:00:00,HOLD,0.47205400466918945,89386.61,0.0,1.0,False,0,HOLD,,89386.61,,,,,0.0,0.0,0.0,0.0,6,382.36,998.79,1000.0,-0.12,0.0,0,-0.12,LOW_VOL,
BTC/USDT,2026-01-24 22:00:00,HOLD,0.4900189936161041,89430.0,0.0,0.0,True,0,HOLD,,89430.0,,,,,0.0,0.0,0.0,0.0,6,382.36,999.09,1000.0,-0.09,0.0,0,-0.09,LOW_VOL,
BTC/USDT,2026-01-24 23:00:00,HOLD,0.45802000164985657,89225.34,0.0,1.0,False,1,STOP_LOSS,LONG,89626.8,89225.34,2026-01-24 10:00:00,2026-01-24 23:00:00,13.0,134.78,-0.4479,-0.87,0.134,4,660.68,997.4,1000.0,-0.26,-0.87,1,-0.26,LOW_VOL,
BTC/USDT,2026-01-24 23:00:00,HOLD,0.45802000164985657,89225.34,0.0,1.0,False,2,STOP_LOSS,LONG,89537.82,89225.34,2026-01-24 12:00:00,2026-01-24 23:00:00,11.0,145.21,-0.349,-0.8,0.1446,4,660.68,997.4,1000.0,-0.26,-1.67,2,-0.26,LOW_VOL,
BTC/USDT,2026-01-25 00:00:00,HOLD,0.4541580080986023,89315.18,0.0,0.0,True,0,HOLD,,89315.18,,,,,0.0,0.0,0.0,0.0,4,660.68,997.74,1000.0,-0.23,-1.67,2,-0.23,LOW_VOL,
BTC/USDT,2026-01-25 01:00:00,HOLD,0.47969499230384827,89176.31,0.0,0.0,True,0,HOLD,,89176.31,,,,,0.0,0.0,0.0,0.0,4,660.68,997.22,1000.0,-0.28,-1.67,2,-0.28,LOW_VOL,
BTC/USDT,2026-01-25 02:00:00,LONG,0.6277289986610413,89139.04,1.0,0.0,False,3,STOP_LOSS,LONG,89368.22,89139.04,2026-01-24 13:00:00,2026-01-25 02:00:00,13.0,76.69,-0.2564,-0.35,0.0764,2,795.28,996.71,1000.0,-0.33,-2.02,3,-0.33,LOW_VOL,
BTC/USDT,2026-01-25 02:00:00,LONG,0.6277289986610413,89139.04,1.0,0.0,False,4,STOP_LOSS,LONG,89450.03,89139.04,2026-01-24 14:00:00,2026-01-25 02:00:00,12.0,119.77,-0.3477,-0.65,0.1192,2,795.28,996.71,1000.0,-0.33,-2.67,4,-0.33,LOW_VOL,
BTC/USDT,2026-01-25 02:00:00,LONG,0.6277289986610413,89139.04,1.0,0.0,False,6,STOP_LOSS,LONG,89395.23,89139.04,2026-01-24 18:00:00,2026-01-25 02:00:00,8.0,55.87,-0.2866,-0.27,0.0557,2,795.28,996.71,1000.0,-0.33,-2.94,5,-0.33,LOW_VOL,
BTC/USDT,2026-01-25 02:00:00,LONG,0.6277289986610413,89139.04,1.0,0.0,False,7,OPEN,LONG,89139.04,,2026-01-25 02:00:00,,,116.46,0.0,0.0,0.0,2,795.28,996.71,1000.0,-0.33,-2.94,5,-0.33,LOW_VOL,
BTC/USDT,2026-01-25 03:00:00,HOLD,0.5564029812812805,88960.35,1.0,1.0,True,5,STOP_LOSS,LONG,89290.01,88960.35,2026-01-24 16:00:00,2026-01-25 03:00:00,11.0,85.32,-0.3692,-0.48,0.0849,1,880.12,996.22,1000.0,-0.38,-3.43,6,-0.38,LOW_VOL,
BTC/USDT,2026-01-25 04:00:00,HOLD,0.5892279744148254,89006.96,1.0,0.0,False,0,HOLD,,89006.96,,,,,0.0,0.0,0.0,0.0,1,880.12,996.28,1000.0,-0.37,-3.43,6,-0.37,LOW_VOL,
BTC/USDT,2026-01-25 05:00:00,HOLD,0.5250880122184753,88990.9,1.0,0.0,False,0,HOLD,,88990.9,,,,,0.0,0.0,0.0,0.0,1,880.12,996.26,1000.0,-0.37,-3.43,6,-0.37,LOW_VOL,
BTC/USDT,2026-01-25 06:00:00,HOLD,0.571353018283844,88831.36,1.0,0.0,False,0,HOLD,,88831.36,,,,,0.0,0.0,0.0,0.0,1,880.12,996.05,1000.0,-0.39,-3.43,6,-0.39,LOW_VOL,
BTC/USDT,2026-01-25 07:00:00,HOLD,0.5812739729881287,88659.99,1.0,0.0,False,7,STOP_LOSS,LONG,89139.04,88659.99,2026-01-25 02:00:00,2026-01-25 07:00:00,5.0,116.46,-0.5374,-0.86,0.1157,0,995.71,995.71,1000.0,-0.43,-4.29,7,-0.43,LOW_VOL,
BTC/USDT,2026-01-25 08:00:00,LONG,0.6641349792480469,88300.01,1.0,1.0,True,8,OPEN,LONG,88300.01,,2026-01-25 08:00:00,,,163.43,0.0,0.0,0.0,1,832.28,995.55,1000.0,-0.44,-4.29,7,-0.44,LOW_VOL,
BTC/USDT,2026-01-25 09:00:00,HOLD,0.5776020288467407,88398.38,1.0,1.0,True,0,HOLD,,88398.38,,,,,0.0,0.0,0.0,0.0,1,832.28,995.73,1000.0,-0.43,-4.29,7,-0.43,LOW_VOL,
BTC/USDT,2026-01-25 10:00:00,SHORT,0.42040300369262695,88659.51,0.0,0.0,True,8,CLOSE,LONG,88300.01,88659.51,2026-01-25 08:00:00,2026-01-25 10:00:00,2.0,163.43,0.4071,0.34,0.1639,1,916.77,995.97,1000.0,-0.4,-3.95,8,-0.4,LOW_VOL,
BTC/USDT,2026-01-25 10:00:00,SHORT,0.42040300369262695,88659.51,0.0,0.0,True,9,OPEN,SHORT,88659.51,,2026-01-25 10:00:00,,,79.28,0.0,0.0,0.0,1,916.77,995.97,1000.0,-0.4,-3.95,8,-0.4,LOW_VOL,
BTC/USDT,2026-01-25 11:00:00,SHORT,0.40683698654174805,88570.17,0.0,1.0,False,10,OPEN,SHORT,88570.17,,2026-01-25 11:00:00,,,85.41,0.0,0.0,0.0,2,831.36,995.97,1000.0,-0.4,-3.95,8,-0.4,LOW_VOL,
BTC/USDT,2026-01-25 12:00:00,HOLD,0.4853670001029968,88791.99,0.0,1.0,False,0,HOLD,,88791.99,,,,,0.0,0.0,0.0,0.0,2,831.36,995.55,1000.0,-0.44,-3.95,8,-0.44,LOW_VOL,
BTC/USDT,2026-01-25 13:00:00,HOLD,0.5737389922142029,88921.0,1.0,0.0,False,0,HOLD,,88921.0,,,,,0.0,0.0,0.0,0.0,2,831.36,995.31,1000.0,-0.47,-3.95,8,-0.47,LOW_VOL,
BTC/USDT,2026-01-25 14:00:00,HOLD,0.5114539861679077,88710.1,1.0,0.0,False,9,REGIME_EXIT,SHORT,88659.51,88710.1,2026-01-25 10:00:00,2026-01-25 14:00:00,4.0,79.28,-0.0571,-0.2,0.0792,0,995.54,995.54,1000.0,-0.45,-4.15,9,-0.45,HIGH_VOL,
BTC/USDT,2026-01-25 14:00:00,HOLD,0.5114539861679077,88710.1,1.0,0.0,False,10,REGIME_EXIT,SHORT,88570.17,88710.1,2026-01-25 11:00:00,2026-01-25 14:00:00,3.0,85.41,-0.158,-0.31,0.0852,0,995.54,995.54,1000.0,-0.45,-4.46,10,-0.45,HIGH_VOL,
BTC/USDT,2026-01-25 15:00:00,HOLD,0.5092149972915649,88446.5,1.0,0.0,False,0,HOLD,,88446.5,,,,,0.0,0.0,0.0,0.0,0,995.54,995.54,1000.0,-0.45,-4.46,10,-0.45,HIGH_VOL,
BTC/USDT,2026-01-25 16:00:00,LONG,0.6236500144004822,88077.26,1.0,0.0,False,11,OPEN,LONG,88077.26,,2026-01-25 16:00:00,,,123.1,0.0,0.0,0.0,1,872.44,995.42,1000.0,-0.46,-4.46,10,-0.46,HIGH_VOL,
BTC/USDT,2026-01-25 17:00:00,HOLD,0.4922029972076416,87892.17,0.0,0.0,True,0,HOLD,,87892.17,,,,,0.0,0.0,0.0,0.0,1,872.44,995.16,1000.0,-0.48,-4.46,10,-0.48,HIGH_VOL,
BTC/USDT,2026-01-25 18:00:00,SHORT,0.31478598713874817,87420.01,0.0,0.0,True,11,CLOSE,LONG,88077.26,87420.01,2026-01-25 16:00:00,2026-01-25 18:00:00,2.0,123.1,-0.7462,-1.16,0.1221,1,810.21,994.19,1000.0,-0.58,-5.62,11,-0.58,HIGH_VOL,
BTC/USDT,2026-01-25 18:00:00,SHORT,0.31478598713874817,87420.01,0.0,0.0,True,12,OPEN,SHORT,87420.01,,2026-01-25 18:00:00,,,184.17,0.0,0.0,0.0,1,810.21,994.19,1000.0,-0.58,-5.62,11,-0.58,HIGH_VOL,
BTC/USDT,2026-01-25 19:00:00,LONG,0.6425979733467102,86495.16,1.0,1.0,True,12,CLOSE,SHORT,87420.01,86495.16,2026-01-25 18:00:00,2026-01-25 19:00:00,1.0,184.17,1.0579,1.58,0.1859,1,853.93,995.81,1000.0,-0.42,-4.04,12,-0.42,HIGH_VOL,
BTC/USDT,2026-01-25 19:00:00,LONG,0.6425979733467102,86495.16,1.0,1.0,True,13,OPEN,LONG,86495.16,,2026-01-25 19:00:00,,,142.02,0.0,0.0,0.0,1,853.93,995.81,1000.0,-0.42,-4.04,12,-0.42,HIGH_VOL,
BTC/USDT,2026-01-25 20:00:00,LONG,0.6105319857597351,86654.61,1.0,0.0,False,14,OPEN,LONG,86654.61,,2026-01-25 20:00:00,,,94.39,0.0,0.0,0.0,2,759.55,995.98,1000.0,-0.4,-4.04,12,-0.4,HIGH_VOL,
BTC/USDT,2026-01-25 21:00:00,SHORT,0.4262250065803528,86568.5,0.0,0.0,True,13,CLOSE,LONG,86495.16,86568.5,2026-01-25 19:00:00,2026-01-25 21:00:00,2.0,142.02,0.0848,-0.16,0.142,1,922.07,995.44,1000.0,-0.46,-4.21,13,-0.46,HIGH_VOL,
BTC/USDT,2026-01-25 21:00:00,SHORT,0.4262250065803528,86568.5,0.0,0.0,True,14,CLOSE,LONG,86654.61,86568.5,2026-01-25 20:00:00,2026-01-25 21:00:00,1.0,94.39,-0.0994,-0.28,0.0942,1,922.07,995.44,1000.0,-0.46,-4.49,14,-0.46,HIGH_VOL,
BTC/USDT,2026-01-25 21:00:00,SHORT,0.4262250065803528,86568.5,0.0,0.0,True,15,OPEN,SHORT,86568.5,,2026-01-25 21:00:00,,,73.44,0.0,0.0,0.0,1,922.07,995.44,1000.0,-0.46,-4.49,14,-0.46,HIGH_VOL,
BTC/USDT,2026-01-25 22:00:00,LONG,0.6279129981994629,86521.39,1.0,1.0,True,15,CLOSE,SHORT,86568.5,86521.39,2026-01-25 21:00:00,2026-01-25 22:00:00,1.0,73.44,0.0544,-0.11,0.0734,1,868.08,995.28,1000.0,-0.47,-4.6,15,-0.47,HIGH_VOL,
BTC/USDT,2026-01-25 22:00:00,LONG,0.6279129981994629,86521.39,1.0,1.0,True,16,OPEN,LONG,86521.39,,2026-01-25 22:00:00,,,127.33,0.0,0.0,0.0,1,868.08,995.28,1000.0,-0.47,-4.6,15,-0.47,HIGH_VOL,
BTC/USDT,2026-01-25 23:00:00,LONG,0.7080399990081787,86670.36,1.0,1.0,True,17,OPEN,LONG,86670.36,,2026-01-25 23:00:00,,,180.6,0.0,0.0,0.0,2,687.48,995.31,1000.0,-0.47,-4.6,15,-0.47,HIGH_VOL,
BTC/USDT,2026-01-26 00:00:00,LONG,0.6711320281028748,86854.86,1.0,1.0,True,18,OPEN,LONG,86854.86,,2026-01-26 00:00:00,,,117.65,0.0,0.0,0.0,3,569.83,995.85,1000.0,-0.41,-4.6,15,-0.41,HIGH_VOL,
BTC/USDT,2026-01-26 01:00:00,HOLD,0.46407800912857056,87698.73,0.0,0.0,True,0,HOLD,,87698.73,,,,,0.0,0.0,0.0,0.0,3,569.83,999.99,1000.0,-0.0,-4.6,15,-0.0,HIGH_VOL,
BTC/USDT,2026-01-26 02:00:00,SHORT,0.40119901299476624,87563.38,0.0,0.0,True,16,CLOSE,LONG,86521.39,87563.38,2026-01-25 22:00:00,2026-01-26 02:00:00,4.0,127.33,1.2043,1.28,0.1287,1,900.21,998.8,1000.0,-0.12,-3.32,16,-0.12,HIGH_VOL,
BTC/USDT,2026-01-26 02:00:00,SHORT,0.40119901299476624,87563.38,0.0,0.0,True,17,CLOSE,LONG,86670.36,87563.38,2026-01-25 23:00:00,2026-01-26 02:00:00,3.0,180.6,1.0304,1.5,0.1823,1,900.21,998.8,1000.0,-0.12,-1.83,17,-0.12,HIGH_VOL,
BTC/USDT,2026-01-26 02:00:00,SHORT,0.40119901299476624,87563.38,0.0,0.0,True,18,CLOSE,LONG,86854.86,87563.38,2026-01-26 00:00:00,2026-01-26 02:00:00,2.0,117.65,0.8158,0.72,0.1185,1,900.21,998.8,1000.0,-0.12,-1.1,18,-0.12,HIGH_VOL,
BTC/USDT,2026-01-26 02:00:00,SHORT,0.40119901299476624,87563.38,0.0,0.0,True,19,OPEN,SHORT,87563.38,,2026-01-26 02:00:00,,,98.69,0.0,0.0,0.0,1,900.21,998.8,1000.0,-0.12,-1.1,18,-0.12,HIGH_VOL,
BTC/USDT,2026-01-26 03:00:00,HOLD,0.5902510285377502,87282.05,1.0,1.0,True,0,HOLD,,87282.05,,,,,0.0,0.0,0.0,0.0,1,900.21,999.12,1000.0,-0.09,-1.1,18,-0.09,HIGH_VOL,
BTC/USDT,2026-01-26 04:00:00,HOLD,0.4613400101661682,87737.06,0.0,1.0,False,0,HOLD,,87737.06,,,,,0.0,0.0,0.0,0.0,1,900.21,998.6,1000.0,-0.14,-1.1,18,-0.14,HIGH_VOL,
BTC/USDT,2026-01-26 05:00:00,HOLD,0.5172880291938782,87826.01,1.0,1.0,True,0,HOLD,,87826.01,,,,,0.0,0.0,0.0,0.0,1,900.21,998.5,1000.0,-0.15,-1.1,18,-0.15,HIGH_VOL,
BTC/USDT,2026-01-26 06:00:00,SHORT,0.3240489959716797,87937.44,0.0,1.0,False,20,OPEN,SHORT,87937.44,,2026-01-26 06:00:00,,,158.39,0.0,0.0,0.0,2,741.81,998.22,1000.0,-0.18,-1.1,18,-0.18,HIGH_VOL,
BTC/USDT,2026-01-26 07:00:00,HOLD,0.5599110126495361,88000.64,1.0,0.0,False,0,HOLD,,88000.64,,,,,0.0,0.0,0.0,0.0,2,741.81,998.03,1000.0,-0.2,-1.1,18,-0.2,HIGH_VOL,
BTC/USDT,2026-01-26 08:00:00,HOLD,0.5674809813499451,87975.39,1.0,0.0,False,0,HOLD,,87975.39,,,,,0.0,0.0,0.0,0.0,2,741.81,998.11,1000.0,-0.19,-1.1,18,-0.19,HIGH_VOL,
BTC/USDT,2026-01-26 09:00:00,HOLD,0.4906559884548187,87663.12,0.0,1.0,False,0,HOLD,,87663.12,,,,,0.0,0.0,0.0,0.0,2,741.81,999.02,1000.0,-0.1,-1.1,18,-0.1,HIGH_VOL,
BTC/USDT,2026-01-26 10:00:00,HOLD,0.48391300439834595,87897.55,0.0,0.0,True,0,HOLD,,87897.55,,,,,0.0,0.0,0.0,0.0,2,741.81,998.34,1000.0,-0.17,-1.1,18,-0.17,HIGH_VOL,
BTC/USDT,2026-01-26 11:00:00,HOLD,0.47540000081062317,87855.0,0.0,0.0,True,0,HOLD,,87855.0,,,,,0.0,0.0,0.0,0.0,2,741.81,998.46,1000.0,-0.15,-1.1,18,-0.15,HIGH_VOL,
BTC/USDT,2026-01-26 12:00:00,HOLD,0.5081170201301575,87799.45,1.0,1.0,True,0,HOLD,,87799.45,,,,,0.0,0.0,0.0,0.0,2,741.81,998.62,1000.0,-0.14,-1.1,18,-0.14,HIGH_VOL,
BTC/USDT,2026-01-26 13:00:00,HOLD,0.5163840055465698,87960.01,1.0,1.0,True,0,HOLD,,87960.01,,,,,0.0,0.0,0.0,0.0,2,741.81,998.15,1000.0,-0.18,-1.1,18,-0.18,HIGH_VOL,
BTC/USDT,2026-01-26 14:00:00,HOLD,0.4721289873123169,88178.1,0.0,0.0,True,0,HOLD,,88178.1,,,,,0.0,0.0,0.0,0.0,2,741.81,997.51,1000.0,-0.25,-1.1,18,-0.25,HIGH_VOL,
BTC/USDT,2026-01-26 15:00:00,HOLD,0.4619179964065552,87641.41,0.0,0.0,True,0,HOLD,,87641.41,,,,,0.0,0.0,0.0,0.0,2,741.81,999.08,1000.0,-0.09,-1.1,18,-0.09,HIGH_VOL,
BTC/USDT,2026-01-26 16:00:00,HOLD,0.5328310132026672,87606.99,1.0,1.0,True,0,HOLD,,87606.99,,,,,0.0,0.0,0.0,0.0,2,741.81,999.19,1000.0,-0.08,-1.1,18,-0.08,HIGH_VOL,
BTC/USDT,2026-01-26 17:00:00,SHORT,0.3678889870643616,87700.62,0.0,1.0,False,21,OPEN,SHORT,87700.62,,2026-01-26 17:00:00,,,98.0,0.0,0.0,0.0,3,643.81,998.81,1000.0,-0.12,-1.1,18,-0.12,HIGH_VOL,
BTC/USDT,2026-01-26 18:00:00,SHORT,0.4044469892978668,88403.72,0.0,0.0,True,22,OPEN,SHORT,88403.72,,2026-01-26 18:00:00,,,61.52,0.0,0.0,0.0,4,582.29,995.91,1000.0,-0.41,-1.1,18,-0.41,HIGH_VOL,
BTC/USDT,2026-01-26 19:00:00,SHORT,0.4220690131187439,88013.19,0.0,0.0,True,23,OPEN,SHORT,88013.19,,2026-01-26 19:00:00,,,45.38,0.0,0.0,0.0,5,536.91,997.71,1000.0,-0.23,-1.1,18,-0.23,HIGH_VOL,
BTC/USDT,2026-01-26 20:00:00,LONG,0.6171020269393921,87629.22,1.0,1.0,True,19,CLOSE,SHORT,87563.38,87629.22,2026-01-26 02:00:00,2026-01-26 20:00:00,18.0,98.69,-0.0752,-0.27,0.0985,1,882.25,999.15,1000.0,-0.08,-1.37,19,-0.08,HIGH_VOL,
BTC/USDT,2026-01-26 20:00:00,LONG,0.6171020269393921,87629.22,1.0,1.0,True,20,CLOSE,SHORT,87937.44,87629.22,2026-01-26 06:00:00,2026-01-26 20:00:00,14.0,158.39,0.3505,0.24,0.1588,1,882.25,999.15,1000.0,-0.08,-1.14,20,-0.08,HIGH_VOL,
BTC/USDT,2026-01-26 20:00:00,LONG,0.6171020269393921,87629.22,1.0,1.0,True,21,CLOSE,SHORT,87700.62,87629.22,2026-01-26 17:00:00,2026-01-26 20:00:00,3.0,98.0,0.0814,-0.12,0.098,1,882.25,999.15,1000.0,-0.08,-1.25,21,-0.08,HIGH_VOL,
BTC/USDT,2026-01-26 20:00:00,LONG,0.6171020269393921,87629.22,1.0,1.0,True,22,CLOSE,SHORT,88403.72,87629.22,2026-01-26 18:00:00,2026-01-26 20:00:00,2.0,61.52,0.8761,0.41,0.062,1,882.25,999.15,1000.0,-0.08,-0.84,22,-0.08,HIGH_VOL,
BTC/USDT,2026-01-26 20:00:00,LONG,0.6171020269393921,87629.22,1.0,1.0,True,23,CLOSE,SHORT,88013.19,87629.22,2026-01-26 19:00:00,2026-01-26 20:00:00,1.0,45.38,0.4363,0.11,0.0455,1,882.25,999.15,1000.0,-0.08,-0.73,23,-0.08,HIGH_VOL,
BTC/USDT,2026-01-26 20:00:00,LONG,0.6171020269393921,87629.22,1.0,1.0,True,24,OPEN,LONG,87629.22,,2026-01-26 20:00:00,,,117.02,0.0,0.0,0.0,1,882.25,999.15,1000.0,-0.08,-0.73,23,-0.08,HIGH_VOL,
BTC/USDT,2026-01-26 21:00:00,HOLD,0.4977259933948517,88064.69,0.0,1.0,False,0,HOLD,,88064.69,,,,,0.0,0.0,0.0,0.0,1,882.25,999.73,1000.0,-0.03,-0.73,23,-0.03,HIGH_VOL,
BTC/USDT,2026-01-26 22:00:00,HOLD,0.44778698682785034,88140.01,0.0,1.0,False,0,HOLD,,88140.01,,,,,0.0,0.0,0.0,0.0,1,882.25,999.83,1000.0,-0.02,-0.73,23,-0.02,HIGH_VOL,
BTC/USDT,2026-01-26 23:00:00,HOLD,0.4952459931373596,88347.08,0.0,1.0,False,0,HOLD,,88347.08,,,,,0.0,0.0,0.0,0.0,1,882.25,1000.11,1000.11,0.0,-0.73,23,0.01,HIGH_VOL,
BTC/USDT,2026-01-27 00:00:00,HOLD,0.4960309863090515,88353.97,0.0,1.0,False,0,HOLD,,88353.97,,,,,0.0,0.0,0.0,0.0,1,882.25,1000.12,1000.12,0.0,-0.73,23,0.01,HIGH_VOL,
BTC/USDT,2026-01-27 01:00:00,HOLD,0.576429009437561,88550.61,1.0,1.0,True,0,HOLD,,88550.61,,,,,0.0,0.0,0.0,0.0,1,882.25,1000.38,1000.38,0.0,-0.73,23,0.04,HIGH_VOL,
BTC/USDT,2026-01-27 02:00:00,SHORT,0.3353799879550934,88831.6,0.0,0.0,True,24,CLOSE,LONG,87629.22,88831.6,2026-01-26 20:00:00,2026-01-27 02:00:00,6.0,117.02,1.3721,1.37,0.1185,1,835.91,1000.47,1000.47,0.0,0.64,24,0.05,HIGH_VOL,
BTC/USDT,2026-01-27 02:00:00,SHORT,0.3353799879550934,88831.6,0.0,0.0,True,25,OPEN,SHORT,88831.6,,2026-01-27 02:00:00,,,164.73,0.0,0.0,0.0,1,835.91,1000.47,1000.47,0.0,0.64,24,0.05,HIGH_VOL,
BTC/USDT,2026-01-27 03:00:00,HOLD,0.48965901136398315,88788.0,0.0,0.0,True,0,HOLD,,88788.0,,,,,0.0,0.0,0.0,0.0,1,835.91,1000.55,1000.55,0.0,0.64,24,0.06,HIGH_VOL,
BTC/USDT,2026-01-27 04:00:00,HOLD,0.501833975315094,88579.58,1.0,0.0,False,0,HOLD,,88579.58,,,,,0.0,0.0,0.0,0.0,1,835.91,1000.94,1000.94,0.0,0.64,24,0.09,HIGH_VOL,
BTC/USDT,2026-01-27 05:00:00,HOLD,0.5350189805030823,88456.3,1.0,0.0,False,0,HOLD,,88456.3,,,,,0.0,0.0,0.0,0.0,1,835.91,1001.17,1001.17,0.0,0.64,24,0.12,HIGH_VOL,
BTC/USDT,2026-01-27 06:00:00,HOLD,0.504492998123169,88332.67,1.0,0.0,False,0,HOLD,,88332.67,,,,,0.0,0.0,0.0,0.0,1,835.91,1001.4,1001.4,0.0,0.64,24,0.14,HIGH_VOL,
BTC/USDT,2026-01-27 07:00:00,HOLD,0.5079360008239746,88320.41,1.0,0.0,False,0,HOLD,,88320.41,,,,,0.0,0.0,0.0,0.0,1,835.91,1001.42,1001.42,0.0,0.64,24,0.14,HIGH_VOL,
BTC/USDT,2026-01-27 08:00:00,LONG,0.6108109951019287,88170.82,1.0,0.0,False,25,CLOSE,SHORT,88831.6,88170.82,2026-01-27 02:00:00,2026-01-27 08:00:00,6.0,164.73,0.7439,0.89,0.1658,1,890.55,1001.42,1001.42,0.0,1.53,25,0.14,HIGH_VOL,
BTC/USDT,2026-01-27 08:00:00,LONG,0.6108109951019287,88170.82,1.0,0.0,False,26,OPEN,LONG,88170.82,,2026-01-27 08:00:00,,,110.98,0.0,0.0,0.0,1,890.55,1001.42,1001.42,0.0,1.53,25,0.14,HIGH_VOL,
BTC/USDT,2026-01-27 09:00:00,HOLD,0.5991610288619995,87886.82,1.0,0.0,False,0,HOLD,,87886.82,,,,,0.0,0.0,0.0,0.0,1,890.55,1001.06,1001.42,-0.04,1.53,25,0.11,HIGH_VOL,
BTC/USDT,2026-01-27 10:00:00,LONG,0.677856981754303,87786.53,1.0,1.0,True,27,OPEN,LONG,87786.53,,2026-01-27 10:00:00,,,158.39,0.0,0.0,0.0,2,732.16,1000.78,1001.42,-0.06,1.53,25,0.08,HIGH_VOL,
BTC/USDT,2026-01-27 11:00:00,HOLD,0.5982750058174133,87992.74,1.0,0.0,False,0,HOLD,,87992.74,,,,,0.0,0.0,0.0,0.0,2,732.16,1001.41,1001.42,-0.0,1.53,25,0.14,HIGH_VOL,
BTC/USDT,2026-01-27 12:00:00,LONG,0.6184870004653931,87986.96,1.0,0.0,False,28,OPEN,LONG,87986.96,,2026-01-27 12:00:00,,,86.75,0.0,0.0,0.0,3,645.41,1001.3,1001.42,-0.01,1.53,25,0.13,HIGH_VOL,
BTC/USDT,2026-01-27 13:00:00,LONG,0.6061850190162659,87982.15,1.0,0.0,False,29,OPEN,LONG,87982.15,,2026-01-27 13:00:00,,,68.53,0.0,0.0,0.0,4,576.88,1001.22,1001.42,-0.02,1.53,25,0.12,HIGH_VOL,
BTC/USDT,2026-01-27 14:00:00,LONG,0.7236930131912231,87745.02,1.0,1.0,True,30,OPEN,LONG,87745.02,,2026-01-27 14:00:00,,,129.04,0.0,0.0,0.0,5,447.83,999.94,1001.42,-0.15,1.53,25,-0.01,HIGH_VOL,
BTC/USDT,2026-01-27 15:00:00,LONG,0.6569309830665588,88047.46,1.0,1.0,True,31,OPEN,LONG,88047.46,,2026-01-27 15:00:00,,,70.28,0.0,0.0,0.0,6,377.55,1001.78,1001.78,0.0,1.53,25,0.18,HIGH_VOL,
BTC/USDT,2026-01-27 16:00:00,LONG,0.6046940088272095,88641.44,1.0,0.0,False,32,OPEN,LONG,88641.44,,2026-01-27 16:00:00,,,39.53,0.0,0.0,0.0,7,338.03,1005.95,1005.95,0.0,1.53,25,0.59,HIGH_VOL,
BTC/USDT,2026-01-27 17:00:00,HOLD,0.5913640260696411,87546.58,1.0,1.0,True,26,STOP_LOSS,LONG,88170.82,87546.58,2026-01-27 08:00:00,2026-01-27 17:00:00,9.0,110.98,-0.708,-1.01,0.1101,0,997.04,997.04,1005.95,-0.89,0.52,26,-0.3,HIGH_VOL,
BTC/USDT,2026-01-27 17:00:00,HOLD,0.5913640260696411,87546.58,1.0,1.0,True,27,STOP_LOSS,LONG,87786.53,87546.58,2026-01-27 10:00:00,2026-01-27 17:00:00,7.0,158.39,-0.2733,-0.75,0.1578,0,997.04,997.04,1005.95,-0.89,-0.22,27,-0.3,HIGH_VOL,
BTC/USDT,2026-01-27 17:00:00,HOLD,0.5913640260696411,87546.58,1.0,1.0,True,28,STOP_LOSS,LONG,87986.96,87546.58,2026-01-27 12:00:00,2026-01-27 17:00:00,5.0,86.75,-0.5005,-0.61,0.0862,0,997.04,997.04,1005.95,-0.89,-0.83,28,-0.3,HIGH_VOL,
BTC/USDT,2026-01-27 17:00:00,HOLD,0.5913640260696411,87546.58,1.0,1.0,True,29,STOP_LOSS,LONG,87982.15,87546.58,2026-01-27 13:00:00,2026-01-27 17:00:00,4.0,68.53,-0.4951,-0.48,0.0681,0,997.04,997.04,1005.95,-0.89,-1.31,29,-0.3,HIGH_VOL,
BTC/USDT,2026-01-27 17:00:00,HOLD,0.5913640260696411,87546.58,1.0,1.0,True,30,STOP_LOSS,LONG,87745.02,87546.58,2026-01-27 14:00:00,2026-01-27 17:00:00,3.0,129.04,-0.2262,-0.55,0.1286,0,997.04,997.04,1005.95,-0.89,-1.86,30,-0.3,HIGH_VOL,
BTC/USDT,2026-01-27 17:00:00,HOLD,0.5913640260696411,87546.58,1.0,1.0,True,31,STOP_LOSS,LONG,88047.46,87546.58,2026-01-27 15:00:00,2026-01-27 17:00:00,2.0,70.28,-0.5689,-0.54,0.0698,0,997.04,997.04,1005.95,-0.89,-2.39,31,-0.3,HIGH_VOL,
BTC/USDT,2026-01-27 17:00:00,HOLD,0.5913640260696411,87546.58,1.0,1.0,True,32,STOP_LOSS,LONG,88641.44,87546.58,2026-01-27 16:00:00,2026-01-27 17:00:00,1.0,39.53,-1.2352,-0.57,0.039,0,997.04,997.04,1005.95,-0.89,-2.96,32,-0.3,HIGH_VOL,
BTC/USDT,2026-01-27 18:00:00,HOLD,0.5775089859962463,88285.05,1.0,1.0,True,0,HOLD,,88285.05,,,,,0.0,0.0,0.0,0.0,0,997.04,997.04,1005.95,-0.89,-2.96,32,-0.3,HIGH_VOL,
BTC/USDT,2026-01-27 19:00:00,SHORT,0.42265400290489197,88408.77,0.0,1.0,False,33,OPEN,SHORT,88408.77,,2026-01-27 19:00:00,,,77.12,0.0,0.0,0.0,1,919.92,996.96,1005.95,-0.89,-2.96,32,-0.3,HIGH_VOL,
BTC/USDT,2026-01-27 20:00:00,SHORT,0.35805100202560425,89396.16,0.0,0.0,True,34,OPEN,SHORT,89396.16,,2026-01-27 20:00:00,,,130.58,0.0,0.0,0.0,2,789.34,995.97,1005.95,-0.99,-2.96,32,-0.4,HIGH_VOL,
BTC/USDT,2026-01-27 21:00:00,SHORT,0.35878801345825195,89081.46,0.0,1.0,False,35,OPEN,SHORT,89081.46,,2026-01-27 21:00:00,,,111.46,0.0,0.0,0.0,3,677.88,996.59,1005.95,-0.93,-2.96,32,-0.34,HIGH_VOL,
BTC/USDT,2026-01-27 22:00:00,LONG,0.607450008392334,89243.63,1.0,1.0,True,33,CLOSE,SHORT,88408.77,89243.63,2026-01-27 19:00:00,2026-01-27 22:00:00,3.0,77.12,-0.9443,-0.88,0.0763,1,888.71,995.59,1005.95,-1.03,-3.84,33,-0.44,HIGH_VOL,
BTC/USDT,2026-01-27 22:00:00,LONG,0.607450008392334,89243.63,1.0,1.0,True,34,CLOSE,SHORT,89396.16,89243.63,2026-01-27 20:00:00,2026-01-27 22:00:00,2.0,130.58,0.1706,-0.04,0.1307,1,888.71,995.59,1005.95,-1.03,-3.88,34,-0.44,HIGH_VOL,
BTC/USDT,2026-01-27 22:00:00,LONG,0.607450008392334,89243.63,1.0,1.0,True,35,CLOSE,SHORT,89081.46,89243.63,2026-01-27 21:00:00,2026-01-27 22:00:00,1.0,111.46,-0.182,-0.43,0.1112,1,888.71,995.59,1005.95,-1.03,-4.31,35,-0.44,HIGH_VOL,
BTC/USDT,2026-01-27 22:00:00,LONG,0.607450008392334,89243.63,1.0,1.0,True,36,OPEN,LONG,89243.63,,2026-01-27 22:00:00,,,106.99,0.0,0.0,0.0,1,888.71,995.59,1005.95,-1.03,-4.31,35,-0.44,HIGH_VOL,
BTC/USDT,2026-01-27 23:00:00,SHORT,0.3610070049762726,89250.0,0.0,1.0,False,36,CLOSE,LONG,89243.63,89250.0,2026-01-27 22:00:00,2026-01-27 23:00:00,1.0,106.99,0.0071,-0.21,0.1069,1,857.12,995.35,1005.95,-1.05,-4.51,36,-0.47,HIGH_VOL,
BTC/USDT,2026-01-27 23:00:00,SHORT,0.3610070049762726,89250.0,0.0,1.0,False,37,OPEN,SHORT,89250.0,,2026-01-27 23:00:00,,,138.37,0.0,0.0,0.0,1,857.12,995.35,1005.95,-1.05,-4.51,36,-0.47,HIGH_VOL,
BTC/USDT,2026-01-28 00:00:00,HOLD,0.538856029510498,89467.72,1.0,0.0,False,0,HOLD,,89467.72,,,,,0.0,0.0,0.0,0.0,1,857.12,995.01,1005.95,-1.09,-4.51,36,-0.5,HIGH_VOL,
BTC/USDT,2026-01-28 01:00:00,HOLD,0.4882259964942932,89404.57,0.0,0.0,True,0,HOLD,,89404.57,,,,,0.0,0.0,0.0,0.0,1,857.12,995.11,1005.95,-1.08,-4.51,36,-0.49,HIGH_VOL,
BTC/USDT,2026-01-28 02:00:00,HOLD,0.5234529972076416,89285.77,1.0,0.0,False,0,HOLD,,89285.77,,,,,0.0,0.0,0.0,0.0,1,857.12,995.29,1005.95,-1.06,-4.51,36,-0.47,HIGH_VOL,
BTC/USDT,2026-01-28 03:00:00,LONG,0.6104069948196411,89126.67,1.0,0.0,False,37,CLOSE,SHORT,89250.0,89126.67,2026-01-27 23:00:00,2026-01-28 03:00:00,4.0,138.37,0.1382,-0.09,0.1384,1,885.5,995.29,1005.95,-1.06,-4.6,37,-0.47,HIGH_VOL,
BTC/USDT,2026-01-28 03:00:00,LONG,0.6104069948196411,89126.67,1.0,0.0,False,38,OPEN,LONG,89126.67,,2026-01-28 03:00:00,,,109.9,0.0,0.0,0.0,1,885.5,995.29,1005.95,-1.06,-4.6,37,-0.47,HIGH_VOL,
BTC/USDT,2026-01-28 04:00:00,HOLD,0.5586519837379456,88975.04,1.0,1.0,True,0,HOLD,,88975.04,,,,,0.0,0.0,0.0,0.0,1,885.5,995.11,1005.95,-1.08,-4.6,37,-0.49,HIGH_VOL,
BTC/USDT,2026-01-28 05:00:00,LONG,0.6428059935569763,89084.1,1.0,1.0,True,39,OPEN,LONG,89084.1,,2026-01-28 05:00:00,,,126.46,0.0,0.0,0.0,2,759.05,995.11,1005.95,-1.08,-4.6,37,-0.49,HIGH_VOL,
BTC/USDT,2026-01-28 06:00:00,HOLD,0.5619630217552185,89317.47,1.0,0.0,False,0,HOLD,,89317.47,,,,,0.0,0.0,0.0,0.0,2,759.05,995.73,1005.95,-1.02,-4.6,37,-0.43,HIGH_VOL,
BTC/USDT,2026-01-28 07:00:00,HOLD,0.5762159824371338,89134.35,1.0,0.0,False,0,HOLD,,89134.35,,,,,0.0,0.0,0.0,0.0,2,759.05,995.25,1005.95,-1.06,-4.6,37,-0.48,HIGH_VOL,
BTC/USDT,2026-01-28 08:00:00,HOLD,0.5604979991912842,88925.47,1.0,1.0,True,0,HOLD,,88925.47,,,,,0.0,0.0,0.0,0.0,2,759.05,994.69,1005.95,-1.12,-4.6,37,-0.53,HIGH_VOL,
BTC/USDT,2026-01-28 09:00:00,HOLD,0.5203160047531128,89567.25,1.0,0.0,False,0,HOLD,,89567.25,,,,,0.0,0.0,0.0,0.0,2,759.05,996.39,1005.95,-0.95,-4.6,37,-0.36,HIGH_VOL,
BTC/USDT,2026-01-28 10:00:00,HOLD,0.4348439872264862,89403.77,0.0,1.0,False,0,HOLD,,89403.77,,,,,0.0,0.0,0.0,0.0,2,759.05,995.96,1005.95,-0.99,-4.6,37,-0.4,HIGH_VOL,
BTC/USDT,2026-01-28 11:00:00,HOLD,0.4681200087070465,90080.0,0.0,0.0,True,0,HOLD,,90080.0,,,,,0.0,0.0,0.0,0.0,2,759.05,997.75,1005.95,-0.81,-4.6,37,-0.22,HIGH_VOL,
BTC/USDT,2026-01-28 12:00:00,HOLD,0.45594900846481323,89998.69,0.0,1.0,False,0,HOLD,,89998.69,,,,,0.0,0.0,0.0,0.0,2,759.05,997.54,1005.95,-0.84,-4.6,37,-0.25,HIGH_VOL,
BTC/USDT,2026-01-28 13:00:00,SHORT,0.43233001232147217,90257.91,0.0,0.0,True,38,CLOSE,LONG,89126.67,90257.91,2026-01-28 03:00:00,2026-01-28 13:00:00,10.0,109.9,1.2692,1.17,0.1112,1,930.45,997.92,1005.95,-0.8,-3.43,38,-0.21,HIGH_VOL,
BTC/USDT,2026-01-28 13:00:00,SHORT,0.43233001232147217,90257.91,0.0,0.0,True,39,CLOSE,LONG,89084.1,90257.91,2026-01-28 05:00:00,2026-01-28 13:00:00,8.0,126.46,1.3176,1.41,0.128,1,930.45,997.92,1005.95,-0.8,-2.02,39,-0.21,HIGH_VOL,
BTC/USDT,2026-01-28 13:00:00,SHORT,0.43233001232147217,90257.91,0.0,0.0,True,40,OPEN,SHORT,90257.91,,2026-01-28 13:00:00,,,67.53,0.0,0.0,0.0,1,930.45,997.92,1005.95,-0.8,-2.02,39,-0.21,HIGH_VOL,
BTC/USDT,2026-01-28 14:00:00,SHORT,0.37053099274635315,89617.27,0.0,0.0,True,41,OPEN,SHORT,89617.27,,2026-01-28 14:00:00,,,120.46,0.0,0.0,0.0,2,809.99,998.28,1005.95,-0.76,-2.02,39,-0.17,HIGH_VOL,
BTC/USDT,2026-01-28 15:00:00,HOLD,0.5356900095939636,89479.66,1.0,1.0,True,0,HOLD,,89479.66,,,,,0.0,0.0,0.0,0.0,2,809.99,998.56,1005.95,-0.73,-2.02,39,-0.14,HIGH_VOL,
BTC/USDT,2026-01-28 16:00:00,SHORT,0.3623720109462738,89629.66,0.0,1.0,False,42,OPEN,SHORT,89629.66,,2026-01-28 16:00:00,,,111.48,0.0,0.0,0.0,3,698.51,998.14,1005.95,-0.78,-2.02,39,-0.19,HIGH_VOL,
BTC/USDT,2026-01-28 17:00:00,SHORT,0.4157719910144806,90169.88,0.0,0.0,True,43,OPEN,SHORT,90169.88,,2026-01-28 17:00:00,,,58.83,0.0,0.0,0.0,4,639.68,996.28,1005.95,-0.96,-2.02,39,-0.37,HIGH_VOL,
BTC/USDT,2026-01-28 18:00:00,SHORT,0.3590579926967621,89546.24,0.0,0.0,True,44,OPEN,SHORT,89546.24,,2026-01-28 18:00:00,,,90.16,0.0,0.0,0.0,5,549.52,998.67,1005.95,-0.72,-2.02,39,-0.13,HIGH_VOL,
BTC/USDT,2026-01-28 19:00:00,HOLD,0.6036980152130127,89402.58,1.0,0.0,False,0,HOLD,,89402.58,,,,,0.0,0.0,0.0,0.0,5,549.52,999.39,1005.95,-0.65,-2.02,39,-0.06,HIGH_VOL,
BTC/USDT,2026-01-28 20:00:00,SHORT,0.3541100025177002,89130.63,0.0,1.0,False,45,OPEN,SHORT,89130.63,,2026-01-28 20:00:00,,,80.17,0.0,0.0,0.0,6,469.35,1000.67,1005.95,-0.52,-2.02,39,0.07,HIGH_VOL,
BTC/USDT,2026-01-28 21:00:00,SHORT,0.3710870146751404,89412.17,0.0,0.0,True,46,OPEN,SHORT,89412.17,,2026-01-28 21:00:00,,,60.51,0.0,0.0,0.0,7,408.84,998.95,1005.95,-0.7,-2.02,39,-0.11,HIGH_VOL,
BTC/USDT,2026-01-28 22:00:00,SHORT,0.39406999945640564,89396.15,0.0,0.0,True,47,OPEN,SHORT,89396.15,,2026-01-28 22:00:00,,,43.31,0.0,0.0,0.0,8,365.54,999.01,1005.95,-0.69,-2.02,39,-0.1,HIGH_VOL,
BTC/USDT,2026-01-28 23:00:00,HOLD,0.4564509987831116,89299.99,0.0,0.0,True,0,HOLD,,89299.99,,,,,0.0,0.0,0.0,0.0,8,365.54,999.69,1005.95,-0.62,-2.02,39,-0.03,HIGH_VOL,
BTC/USDT,2026-01-29 00:00:00,HOLD,0.5851190090179443,89143.91,1.0,0.0,False,0,HOLD,,89143.91,,,,,0.0,0.0,0.0,0.0,8,365.54,1000.79,1005.95,-0.51,-2.02,39,0.08,HIGH_VOL,
BTC/USDT,2026-01-29 01:00:00,HOLD,0.5263389945030212,88603.56,1.0,0.0,False,40,TAKE_PROFIT,SHORT,90257.91,88603.56,2026-01-28 13:00:00,2026-01-29 01:00:00,12.0,67.53,1.8329,1.1,0.0687,7,434.17,1004.53,1005.95,-0.14,-0.92,40,0.45,HIGH_VOL,
BTC/USDT,2026-01-29 02:00:00,HOLD,0.5195419788360596,87907.06,1.0,1.0,True,41,TAKE_PROFIT,SHORT,89617.27,87907.06,2026-01-28 14:00:00,2026-01-29 02:00:00,12.0,120.46,1.9083,2.05,0.1226,4,730.27,1008.62,1008.62,0.0,1.14,41,0.86,HIGH_VOL,
BTC/USDT,2026-01-29 02:00:00,HOLD,0.5195419788360596,87907.06,1.0,1.0,True,42,TAKE_PROFIT,SHORT,89629.66,87907.06,2026-01-28 16:00:00,2026-01-29 02:00:00,10.0,111.48,1.9219,1.92,0.1135,4,730.27,1008.62,1008.62,0.0,3.05,42,0.86,HIGH_VOL,
BTC/USDT,2026-01-29 02:00:00,HOLD,0.5195419788360596,87907.06,1.0,1.0,True,43,TAKE_PROFIT,SHORT,90169.88,87907.06,2026-01-28 17:00:00,2026-01-29 02:00:00,9.0,58.83,2.5095,1.36,0.0603,4,730.27,1008.62,1008.62,0.0,4.41,43,0.86,HIGH_VOL,
BTC/USDT,2026-01-29 03:00:00,HOLD,0.5291889905929565,88053.71,1.0,1.0,True,0,HOLD,,88053.71,,,,,0.0,0.0,0.0,0.0,4,730.27,1008.17,1008.62,-0.04,4.41,43,0.82,HIGH_VOL,
BTC/USDT,2026-01-29 04:00:00,HOLD,0.4465300142765045,88315.2,0.0,0.0,True,0,HOLD,,88315.2,,,,,0.0,0.0,0.0,0.0,4,730.27,1007.37,1008.62,-0.12,4.41,43,0.74,HIGH_VOL,
BTC/USDT,2026-01-29 05:00:00,SHORT,0.4131850004196167,88186.54,0.0,1.0,False,48,OPEN,SHORT,88186.54,,2026-01-29 05:00:00,,,63.4,0.0,0.0,0.0,5,666.87,1007.7,1008.62,-0.09,4.41,43,0.77,HIGH_VOL,
BTC/USDT,2026-01-29 06:00:00,HOLD,0.5520409941673279,88319.35,1.0,1.0,True,0,HOLD,,88319.35,,,,,0.0,0.0,0.0,0.0,5,666.87,1007.2,1008.62,-0.14,4.41,43,0.72,HIGH_VOL,
BTC/USDT,2026-01-29 07:00:00,HOLD,0.5692780017852783,88352.97,1.0,0.0,False,0,HOLD,,88352.97,,,,,0.0,0.0,0.0,0.0,5,666.87,1007.07,1008.62,-0.15,4.41,43,0.71,HIGH_VOL,
BTC/USDT,2026-01-29 08:00:00,LONG,0.6162539720535278,88064.16,1.0,0.0,False,44,CLOSE,SHORT,89546.24,88064.16,2026-01-28 18:00:00,2026-01-29 08:00:00,14.0,90.16,1.6551,1.31,0.0916,1,890.66,1007.71,1008.62,-0.09,5.72,44,0.77,HIGH_VOL,
BTC/USDT,2026-01-29 08:00:00,LONG,0.6162539720535278,88064.16,1.0,0.0,False,45,CLOSE,SHORT,89130.63,88064.16,2026-01-28 20:00:00,2026-01-29 08:00:00,12.0,80.17,1.1965,0.8,0.081,1,890.66,1007.71,1008.62,-0.09,6.52,45,0.77,HIGH_VOL,
BTC/USDT,2026-01-29 08:00:00,LONG,0.6162539720535278,88064.16,1.0,0.0,False,46,CLOSE,SHORT,89412.17,88064.16,2026-01-28 21:00:00,2026-01-29 08:00:00,11.0,60.51,1.5076,0.79,0.0614,1,890.66,1007.71,1008.62,-0.09,7.3,46,0.77,HIGH_VOL,
BTC/USDT,2026-01-29 08:00:00,LONG,0.6162539720535278,88064.16,1.0,0.0,False,47,CLOSE,SHORT,89396.15,88064.16,2026-01-28 22:00:00,2026-01-29 08:00:00,10.0,43.31,1.49,0.56,0.0439,1,890.66,1007.71,1008.62,-0.09,7.86,47,0.77,HIGH_VOL,
BTC/USDT,2026-01-29 08:00:00,LONG,0.6162539720535278,88064.16,1.0,0.0,False,48,CLOSE,SHORT,88186.54,88064.16,2026-01-29 05:00:00,2026-01-29 08:00:00,3.0,63.4,0.1388,-0.04,0.0634,1,890.66,1007.71,1008.62,-0.09,7.82,48,0.77,HIGH_VOL,
BTC/USDT,2026-01-29 08:00:00,LONG,0.6162539720535278,88064.16,1.0,0.0,False,49,OPEN,LONG,88064.16,,2026-01-29 08:00:00,,,117.16,0.0,0.0,0.0,1,890.66,1007.71,1008.62,-0.09,7.82,48,0.77,HIGH_VOL,
BTC/USDT,2026-01-29 09:00:00,LONG,0.772970974445343,87892.01,1.0,1.0,True,50,OPEN,LONG,87892.01,,2026-01-29 09:00:00,,,243.12,0.0,0.0,0.0,2,647.54,1007.23,1008.62,-0.14,7.82,48,0.72,HIGH_VOL,
BTC/USDT,2026-01-29 10:00:00,LONG,0.6914479732513428,87946.46,1.0,0.0,False,51,OPEN,LONG,87946.46,,2026-01-29 10:00:00,,,123.97,0.0,0.0,0.0,3,523.57,1007.33,1008.62,-0.13,7.82,48,0.73,HIGH_VOL,
BTC/USDT,2026-01-29 11:00:00,LONG,0.6522709727287292,87846.5,1.0,1.0,True,52,OPEN,LONG,87846.5,,2026-01-29 11:00:00,,,79.72,0.0,0.0,0.0,4,443.84,1006.7,1008.62,-0.19,7.82,48,0.67,HIGH_VOL,
BTC/USDT,2026-01-29 12:00:00,HOLD,0.5599330067634583,88121.21,1.0,0.0,False,0,HOLD,,88121.21,,,,,0.0,0.0,0.0,0.0,4,443.84,1008.46,1008.62,-0.02,7.82,48,0.85,HIGH_VOL,
BTC/USDT,2026-01-29 13:00:00,LONG,0.7305700182914734,88052.88,1.0,0.0,False,53,OPEN,LONG,88052.88,,2026-01-29 13:00:00,,,102.34,0.0,0.0,0.0,5,341.51,1007.92,1008.62,-0.07,7.82,48,0.79,HIGH_VOL,
BTC/USDT,2026-01-29 14:00:00,LONG,0.6726840138435364,87014.4,1.0,0.0,False,49,STOP_LOSS,LONG,88064.16,87014.4,2026-01-29 08:00:00,2026-01-29 14:00:00,6.0,117.16,-1.192,-1.63,0.1157,1,826.82,999.23,1008.62,-0.93,6.2,49,-0.08,HIGH_VOL,
BTC/USDT,2026-01-29 14:00:00,LONG,0.6726840138435364,87014.4,1.0,0.0,False,50,STOP_LOSS,LONG,87892.01,87014.4,2026-01-29 09:00:00,2026-01-29 14:00:00,5.0,243.12,-0.9985,-2.91,0.2405,1,826.82,999.23,1008.62,-0.93,3.29,50,-0.08,HIGH_VOL,
BTC/USDT,2026-01-29 14:00:00,LONG,0.6726840138435364,87014.4,1.0,0.0,False,51,STOP_LOSS,LONG,87946.46,87014.4,2026-01-29 10:00:00,2026-01-29 14:00:00,4.0,123.97,-1.0598,-1.56,0.1225,1,826.82,999.23,1008.62,-0.93,1.73,51,-0.08,HIGH_VOL,
BTC/USDT,2026-01-29 14:00:00,LONG,0.6726840138435364,87014.4,1.0,0.0,False,52,STOP_LOSS,LONG,87846.5,87014.4,2026-01-29 11:00:00,2026-01-29 14:00:00,3.0,79.72,-0.9472,-0.91,0.0789,1,826.82,999.23,1008.62,-0.93,0.81,52,-0.08,HIGH_VOL,
BTC/USDT,2026-01-29 14:00:00,LONG,0.6726840138435364,87014.4,1.0,0.0,False,53,STOP_LOSS,LONG,88052.88,87014.4,2026-01-29 13:00:00,2026-01-29 14:00:00,1.0,102.34,-1.1794,-1.41,0.101,1,826.82,999.23,1008.62,-0.93,-0.59,53,-0.08,HIGH_VOL,
BTC/USDT,2026-01-29 14:00:00,LONG,0.6726840138435364,87014.4,1.0,0.0,False,54,OPEN,LONG,87014.4,,2026-01-29 14:00:00,,,172.58,0.0,0.0,0.0,1,826.82,999.23,1008.62,-0.93,-0.59,53,-0.08,HIGH_VOL,
BTC/USDT,2026-01-29 15:00:00,HOLD,0.5970839858055115,84934.02,1.0,1.0,True,54,STOP_LOSS,LONG,87014.4,84934.02,2026-01-29 14:00:00,2026-01-29 15:00:00,1.0,172.58,-2.3908,-4.46,0.1683,0,994.94,994.94,1008.62,-1.36,-5.06,54,-0.51,HIGH_VOL,
BTC/USDT,2026-01-29 16:00:00,LONG,0.710536003112793,85270.0,1.0,0.0,False,55,OPEN,LONG,85270.0,,2026-01-29 16:00:00,,,209.47,0.0,0.0,0.0,1,785.47,994.73,1008.62,-1.38,-5.06,54,-0.53,HIGH_VOL,
BTC/USDT,2026-01-29 17:00:00,HOLD,0.573818027973175,84261.66,1.0,0.0,False,0,HOLD,,84261.66,,,,,0.0,0.0,0.0,0.0,1,785.47,992.26,1008.62,-1.62,-5.06,54,-0.77,HIGH_VOL,
BTC/USDT,2026-01-29 18:00:00,SHORT,0.3631319999694824,83477.02,0.0,1.0,False,55,STOP_LOSS,LONG,85270.0,83477.02,2026-01-29 16:00:00,2026-01-29 18:00:00,2.0,209.47,-2.1027,-4.81,0.2049,1,854.61,989.99,1008.62,-1.85,-9.87,55,-1.0,HIGH_VOL,
BTC/USDT,2026-01-29 18:00:00,SHORT,0.3631319999694824,83477.02,0.0,1.0,False,56,OPEN,SHORT,83477.02,,2026-01-29 18:00:00,,,135.52,0.0,0.0,0.0,1,854.61,989.99,1008.62,-1.85,-9.87,55,-1.0,HIGH_VOL,
BTC/USDT,2026-01-29 19:00:00,HOLD,0.5881990194320679,84012.11,1.0,1.0,True,0,HOLD,,84012.11,,,,,0.0,0.0,0.0,0.0,1,854.61,989.12,1008.62,-1.93,-9.87,55,-1.09,HIGH_VOL,
BTC/USDT,2026-01-29 20:00:00,HOLD,0.5616649985313416,84216.91,1.0,1.0,True,0,HOLD,,84216.91,,,,,0.0,0.0,0.0,0.0,1,854.61,988.79,1008.62,-1.97,-9.87,55,-1.12,HIGH_VOL,
BTC/USDT,2026-01-29 21:00:00,SHORT,0.3818320035934448,84526.57,0.0,1.0,False,57,OPEN,SHORT,84526.57,,2026-01-29 21:00:00,,,100.99,0.0,0.0,0.0,2,753.62,988.19,1008.62,-2.03,-9.87,55,-1.18,HIGH_VOL,
BTC/USDT,2026-01-29 22:00:00,HOLD,0.4974139928817749,84570.05,0.0,1.0,False,0,HOLD,,84570.05,,,,,0.0,0.0,0.0,0.0,2,753.62,988.07,1008.62,-2.04,-9.87,55,-1.19,HIGH_VOL,
BTC/USDT,2026-01-29 23:00:00,HOLD,0.5584830045700073,84650.16,1.0,0.0,False,0,HOLD,,84650.16,,,,,0.0,0.0,0.0,0.0,2,753.62,987.84,1008.62,-2.06,-9.87,55,-1.22,HIGH_VOL,
BTC/USDT,2026-01-30 00:00:00,HOLD,0.4779540002346039,84192.0,0.0,0.0,True,0,HOLD,,84192.0,,,,,0.0,0.0,0.0,0.0,2,753.62,989.13,1008.62,-1.93,-9.87,55,-1.09,HIGH_VOL,
BTC/USDT,2026-01-30 01:00:00,LONG,0.6094120144844055,82468.02,1.0,0.0,False,56,CLOSE,SHORT,83477.02,82468.02,2026-01-29 18:00:00,2026-01-30 01:00:00,7.0,135.52,1.2087,1.36,0.137,1,885.02,993.64,1008.62,-1.49,-8.51,56,-0.64,HIGH_VOL,
BTC/USDT,2026-01-30 01:00:00,LONG,0.6094120144844055,82468.02,1.0,0.0,False,57,CLOSE,SHORT,84526.57,82468.02,2026-01-29 21:00:00,2026-01-30 01:00:00,4.0,100.99,2.4354,2.25,0.1033,1,885.02,993.64,1008.62,-1.49,-6.26,57,-0.64,HIGH_VOL,
BTC/USDT,2026-01-30 01:00:00,LONG,0.6094120144844055,82468.02,1.0,0.0,False,58,OPEN,LONG,82468.02,,2026-01-30 01:00:00,,,108.73,0.0,0.0,0.0,1,885.02,993.64,1008.62,-1.49,-6.26,57,-0.64,HIGH_VOL,
BTC/USDT,2026-01-30 02:00:00,HOLD,0.5625429749488831,82164.88,1.0,1.0,True,0,HOLD,,82164.88,,,,,0.0,0.0,0.0,0.0,1,885.02,993.24,1008.62,-1.53,-6.26,57,-0.68,HIGH_VOL,
BTC/USDT,2026-01-30 03:00:00,HOLD,0.48758000135421753,82676.43,0.0,1.0,False,0,HOLD,,82676.43,,,,,0.0,0.0,0.0,0.0,1,885.02,993.91,1008.62,-1.46,-6.26,57,-0.61,HIGH_VOL,
BTC/USDT,2026-01-30 04:00:00,SHORT,0.3494049906730652,82938.92,0.0,0.0,True,58,CLOSE,LONG,82468.02,82938.92,2026-01-30 01:00:00,2026-01-30 04:00:00,3.0,108.73,0.571,0.4,0.1092,1,844.43,994.0,1008.62,-1.45,-5.85,58,-0.6,HIGH_VOL,
BTC/USDT,2026-01-30 04:00:00,SHORT,0.3494049906730652,82938.92,0.0,0.0,True,59,OPEN,SHORT,82938.92,,2026-01-30 04:00:00,,,149.71,0.0,0.0,0.0,1,844.43,994.0,1008.62,-1.45,-5.85,58,-0.6,HIGH_VOL,
BTC/USDT,2026-01-30 05:00:00,HOLD,0.4693320095539093,82914.19,0.0,0.0,True,0,HOLD,,82914.19,,,,,0.0,0.0,0.0,0.0,1,844.43,994.04,1008.62,-1.45,-5.85,58,-0.6,HIGH_VOL,
BTC/USDT,2026-01-30 06:00:00,HOLD,0.5337619781494141,82602.81,1.0,1.0,True,0,HOLD,,82602.81,,,,,0.0,0.0,0.0,0.0,1,844.43,994.6,1008.62,-1.39,-5.85,58,-0.54,HIGH_VOL,
BTC/USDT,2026-01-30 07:00:00,HOLD,0.5573310256004333,82816.98,1.0,0.0,False,0,HOLD,,82816.98,,,,,0.0,0.0,0.0,0.0,1,844.43,994.22,1008.62,-1.43,-5.85,58,-0.58,HIGH_VOL,
BTC/USDT,2026-01-30 08:00:00,HOLD,0.49608099460601807,82671.7,0.0,0.0,True,0,HOLD,,82671.7,,,,,0.0,0.0,0.0,0.0,1,844.43,994.48,1008.62,-1.4,-5.85,58,-0.55,HIGH_VOL,
BTC/USDT,2026-01-30 09:00:00,LONG,0.6130290031433105,82363.72,1.0,1.0,True,59,CLOSE,SHORT,82938.92,82363.72,2026-01-30 04:00:00,2026-01-30 09:00:00,5.0,149.71,0.6935,0.74,0.1506,1,882.43,994.77,1008.62,-1.37,-5.12,59,-0.52,HIGH_VOL,
BTC/USDT,2026-01-30 09:00:00,LONG,0.6130290031433105,82363.72,1.0,1.0,True,60,OPEN,LONG,82363.72,,2026-01-30 09:00:00,,,112.45,0.0,0.0,0.0,1,882.43,994.77,1008.62,-1.37,-5.12,59,-0.52,HIGH_VOL,
BTC/USDT,2026-01-30 10:00:00,LONG,0.621819019317627,82833.92,1.0,1.0,True,61,OPEN,LONG,82833.92,,2026-01-30 10:00:00,,,107.5,0.0,0.0,0.0,2,774.94,995.31,1008.62,-1.32,-5.12,59,-0.47,HIGH_VOL,
BTC/USDT,2026-01-30 11:00:00,HOLD,0.5077940225601196,83151.36,1.0,0.0,False,0,HOLD,,83151.36,,,,,0.0,0.0,0.0,0.0,2,774.94,996.15,1008.62,-1.24,-5.12,59,-0.39,HIGH_VOL,
BTC/USDT,2026-01-30 12:00:00,HOLD,0.5330960154533386,82800.5,1.0,0.0,False,0,HOLD,,82800.5,,,,,0.0,0.0,0.0,0.0,2,774.94,995.22,1008.62,-1.33,-5.12,59,-0.48,HIGH_VOL,
BTC/USDT,2026-01-30 13:00:00,LONG,0.7391369938850403,82740.92,1.0,1.0,True,62,OPEN,LONG,82740.92,,2026-01-30 13:00:00,,,185.32,0.0,0.0,0.0,3,589.62,994.87,1008.62,-1.36,-5.12,59,-0.51,HIGH_VOL,
BTC/USDT,2026-01-30 14:00:00,LONG,0.6371740102767944,83098.0,1.0,0.0,False,63,OPEN,LONG,83098.0,,2026-01-30 14:00:00,,,80.88,0.0,0.0,0.0,4,508.74,996.54,1008.62,-1.2,-5.12,59,-0.35,HIGH_VOL,
BTC/USDT,2026-01-30 15:00:00,LONG,0.657226026058197,82883.94,1.0,1.0,True,64,OPEN,LONG,82883.94,,2026-01-30 15:00:00,,,79.99,0.0,0.0,0.0,5,428.75,995.2,1008.62,-1.33,-5.12,59,-0.48,HIGH_VOL,
BTC/USDT,2026-01-30 16:00:00,LONG,0.6431120038032532,83149.0,1.0,0.0,False,65,OPEN,LONG,83149.0,,2026-01-30 16:00:00,,,61.36,0.0,0.0,0.0,6,367.39,996.95,1008.62,-1.16,-5.12,59,-0.3,HIGH_VOL,
BTC/USDT,2026-01-30 17:00:00,LONG,0.6662520170211792,82943.23,1.0,1.0,True,66,OPEN,LONG,82943.23,,2026-01-30 17:00:00,,,61.08,0.0,0.0,0.0,7,306.31,995.33,1008.62,-1.32,-5.12,59,-0.47,HIGH_VOL,
BTC/USDT,2026-01-30 18:00:00,LONG,0.6244930028915405,83931.13,1.0,1.0,True,67,OPEN,LONG,83931.13,,2026-01-30 18:00:00,,,38.13,0.0,0.0,0.0,8,268.18,1003.5,1008.62,-0.51,-5.12,59,0.35,HIGH_VOL,
BTC/USDT,2026-01-30 19:00:00,HOLD,0.5051890015602112,84242.99,1.0,0.0,False,0,HOLD,,84242.99,,,,,0.0,0.0,0.0,0.0,8,268.18,1006.24,1008.62,-0.24,-5.12,59,0.62,HIGH_VOL,
BTC/USDT,2026-01-30 20:00:00,HOLD,0.604282021522522,83906.34,1.0,1.0,True,0,HOLD,,83906.34,,,,,0.0,0.0,0.0,0.0,8,268.18,1003.29,1008.62,-0.53,-5.12,59,0.33,HIGH_VOL,
BTC/USDT,2026-01-30 21:00:00,HOLD,0.5068429708480835,84273.7,1.0,0.0,False,0,HOLD,,84273.7,,,,,0.0,0.0,0.0,0.0,8,268.18,1006.5,1008.62,-0.21,-5.12,59,0.65,HIGH_VOL,
BTC/USDT,2026-01-30 22:00:00,HOLD,0.49484699964523315,84219.99,0.0,1.0,False,0,HOLD,,84219.99,,,,,0.0,0.0,0.0,0.0,8,268.18,1006.03,1008.62,-0.26,-5.12,59,0.6,HIGH_VOL,
BTC/USDT,2026-01-30 23:00:00,HOLD,0.6016010046005249,84260.49,1.0,0.0,False,0,HOLD,,84260.49,,,,,0.0,0.0,0.0,0.0,8,268.18,1006.39,1008.62,-0.22,-5.12,59,0.64,HIGH_VOL,
BTC/USDT,2026-01-31 00:00:00,LONG,0.644989013671875,84067.83,1.0,0.0,False,68,OPEN,LONG,84067.83,,2026-01-31 00:00:00,,,38.88,0.0,0.0,0.0,9,229.3,1004.66,1008.62,-0.39,-5.12,59,0.47,HIGH_VOL,
BTC/USDT,2026-01-31 01:00:00,LONG,0.6489660143852234,83999.99,1.0,1.0,True,69,OPEN,LONG,83999.99,,2026-01-31 01:00:00,,,34.16,0.0,0.0,0.0,10,195.14,1004.0,1008.62,-0.46,-5.12,59,0.4,HIGH_VOL,
BTC/USDT,2026-01-31 02:00:00,HOLD,0.5253720283508301,84130.01,1.0,0.0,False,0,HOLD,,84130.01,,,,,0.0,0.0,0.0,0.0,10,195.14,1005.25,1008.62,-0.33,-5.12,59,0.53,HIGH_VOL,
BTC/USDT,2026-01-31 03:00:00,HOLD,0.5271829962730408,84022.69,1.0,0.0,False,0,HOLD,,84022.69,,,,,0.0,0.0,0.0,0.0,10,195.14,1004.22,1008.62,-0.44,-5.12,59,0.42,HIGH_VOL,
BTC/USDT,2026-01-31 04:00:00,LONG,0.6058019995689392,83992.45,1.0,1.0,True,70,OPEN,LONG,83992.45,,2026-01-31 04:00:00,,,20.65,0.0,0.0,0.0,11,174.49,1003.91,1008.62,-0.47,-5.12,59,0.39,HIGH_VOL,
BTC/USDT,2026-01-31 05:00:00,HOLD,0.5566310286521912,84000.01,1.0,0.0,False,0,HOLD,,84000.01,,,,,0.0,0.0,0.0,0.0,11,174.49,1003.98,1008.62,-0.46,-5.12,59,0.4,HIGH_VOL,
BTC/USDT,2026-01-31 06:00:00,HOLD,0.5960050225257874,83786.09,1.0,0.0,False,0,HOLD,,83786.09,,,,,0.0,0.0,0.0,0.0,11,174.49,1001.87,1008.62,-0.67,-5.12,59,0.19,HIGH_VOL,
BTC/USDT,2026-01-31 07:00:00,LONG,0.610713005065918,83546.81,1.0,0.0,False,71,OPEN,LONG,83546.81,,2026-01-31 07:00:00,,,19.32,0.0,0.0,0.0,12,155.17,999.49,1008.62,-0.91,-5.12,59,-0.05,HIGH_VOL,
BTC/USDT,2026-01-31 08:00:00,LONG,0.6074960231781006,83074.07,1.0,1.0,True,72,OPEN,LONG,83074.07,,2026-01-31 08:00:00,,,16.68,0.0,0.0,0.0,13,138.49,994.69,1008.62,-1.38,-5.12,59,-0.53,HIGH_VOL,
BTC/USDT,2026-01-31 09:00:00,LONG,0.6415330171585083,83109.1,1.0,1.0,True,73,OPEN,LONG,83109.1,,2026-01-31 09:00:00,,,19.6,0.0,0.0,0.0,14,118.89,995.04,1008.62,-1.35,-5.12,59,-0.5,HIGH_VOL,
BTC/USDT,2026-01-31 10:00:00,LONG,0.6768149733543396,83160.0,1.0,0.0,False,74,OPEN,LONG,83160.0,,2026-01-31 10:00:00,,,21.02,0.0,0.0,0.0,15,97.87,995.55,1008.62,-1.3,-5.12,59,-0.44,HIGH_VOL,
BTC/USDT,2026-01-31 11:00:00,LONG,0.6751800179481506,83020.0,1.0,0.0,False,75,OPEN,LONG,83020.0,,2026-01-31 11:00:00,,,17.14,0.0,0.0,0.0,16,80.73,994.02,1008.62,-1.45,-5.12,59,-0.6,HIGH_VOL,
BTC/USDT,2026-01-31 12:00:00,LONG,0.7520210146903992,82762.0,1.0,1.0,True,65,STOP_LOSS,LONG,83149.0,82762.0,2026-01-30 16:00:00,2026-01-31 12:00:00,20.0,61.36,-0.4654,-0.41,0.061,15,151.47,991.01,1008.62,-1.75,-5.52,60,-0.9,HIGH_VOL,
BTC/USDT,2026-01-31 12:00:00,LONG,0.7520210146903992,82762.0,1.0,1.0,True,66,STOP_LOSS,LONG,82943.23,82762.0,2026-01-30 17:00:00,2026-01-31 12:00:00,19.0,61.08,-0.2185,-0.26,0.0609,15,151.47,991.01,1008.62,-1.75,-5.78,61,-0.9,HIGH_VOL,
BTC/USDT,2026-01-31 12:00:00,LONG,0.7520210146903992,82762.0,1.0,1.0,True,76,OPEN,LONG,82762.0,,2026-01-31 12:00:00,,,51.03,0.0,0.0,0.0,15,151.47,991.01,1008.62,-1.75,-5.78,61,-0.9,HIGH_VOL,
BTC/USDT,2026-01-31 13:00:00,LONG,0.7401090264320374,82767.99,1.0,0.0,False,77,OPEN,LONG,82767.99,,2026-01-31 13:00:00,,,36.37,0.0,0.0,0.0,16,115.1,991.04,1008.62,-1.74,-5.78,61,-0.9,HIGH_VOL,
BTC/USDT,2026-01-31 14:00:00,LONG,0.677819013595581,81479.99,1.0,0.0,False,60,STOP_LOSS,LONG,82363.72,81479.99,2026-01-30 09:00:00,2026-01-31 14:00:00,29.0,112.45,-1.073,-1.43,0.1111,1,802.9,976.37,1008.62,-3.2,-7.21,62,-2.36,HIGH_VOL,
BTC/USDT,2026-01-31 14:00:00,LONG,0.677819013595581,81479.99,1.0,0.0,False,61,STOP_LOSS,LONG,82833.92,81479.99,2026-01-30 10:00:00,2026-01-31 14:00:00,28.0,107.5,-1.6345,-1.97,0.1056,1,802.9,976.37,1008.62,-3.2,-9.18,63,-2.36,HIGH_VOL,
BTC/USDT,2026-01-31 14:00:00,LONG,0.677819013595581,81479.99,1.0,0.0,False,62,STOP_LOSS,LONG,82740.92,81479.99,2026-01-30 13:00:00,2026-01-31 14:00:00,25.0,185.32,-1.5239,-3.19,0.1823,1,802.9,976.37,1008.62,-3.2,-12.37,64,-2.36,HIGH_VOL,
BTC/USDT,2026-01-31 14:00:00,LONG,0.677819013595581,81479.99,1.0,0.0,False,63,STOP_LOSS,LONG,83098.0,81479.99,2026-01-30 14:00:00,2026-01-31 14:00:00,24.0,80.88,-1.9471,-1.73,0.0792,1,802.9,976.37,1008.62,-3.2,-14.1,65,-2.36,HIGH_VOL,
BTC/USDT,2026-01-31 14:00:00,LONG,0.677819013595581,81479.99,1.0,0.0,False,64,STOP_LOSS,LONG,82883.94,81479.99,2026-01-30 15:00:00,2026-01-31 14:00:00,23.0,79.99,-1.6939,-1.51,0.0786,1,802.9,976.37,1008.62,-3.2,-15.61,66,-2.36,HIGH_VOL,
BTC/USDT,2026-01-31 14:00:00,LONG,0.677819013595581,81479.99,1.0,0.0,False,67,STOP_LOSS,LONG,83931.13,81479.99,2026-01-30 18:00:00,2026-01-31 14:00:00,20.0,38.13,-2.9204,-1.19,0.037,1,802.9,976.37,1008.62,-3.2,-16.8,67,-2.36,HIGH_VOL,
BTC/USDT,2026-01-31 14:00:00,LONG,0.677819013595581,81479.99,1.0,0.0,False,68,STOP_LOSS,LONG,84067.83,81479.99,2026-01-31 00:00:00,2026-01-31 14:00:00,14.0,38.88,-3.0783,-1.27,0.0376,1,802.9,976.37,1008.62,-3.2,-18.07,68,-2.36,HIGH_VOL,
BTC/USDT,2026-01-31 14:00:00,LONG,0.677819013595581,81479.99,1.0,0.0,False,69,STOP_LOSS,LONG,83999.99,81479.99,2026-01-31 01:00:00,2026-01-31 14:00:00,13.0,34.16,-3.0,-1.09,0.0331,1,802.9,976.37,1008.62,-3.2,-19.16,69,-2.36,HIGH_VOL,
BTC/USDT,2026-01-31 14:00:00,LONG,0.677819013595581,81479.99,1.0,0.0,False,70,STOP_LOSS,LONG,83992.45,81479.99,2026-01-31 04:00:00,2026-01-31 14:00:00,10.0,20.65,-2.9913,-0.66,0.02,1,802.9,976.37,1008.62,-3.2,-19.82,70,-2.36,HIGH_VOL,
BTC/USDT,2026-01-31 14:00:00,LONG,0.677819013595581,81479.99,1.0,0.0,False,71,STOP_LOSS,LONG,83546.81,81479.99,2026-01-31 07:00:00,2026-01-31 14:00:00,7.0,19.32,-2.4738,-0.52,0.0188,1,802.9,976.37,1008.62,-3.2,-20.34,71,-2.36,HIGH_VOL,
BTC/USDT,2026-01-31 14:00:00,LONG,0.677819013595581,81479.99,1.0,0.0,False,72,STOP_LOSS,LONG,83074.07,81479.99,2026-01-31 08:00:00,2026-01-31 14:00:00,6.0,16.68,-1.9189,-0.35,0.0163,1,802.9,976.37,1008.62,-3.2,-20.69,72,-2.36,HIGH_VOL,
BTC/USDT,2026-01-31 14:00:00,LONG,0.677819013595581,81479.99,1.0,0.0,False,73,STOP_LOSS,LONG,83109.1,81479.99,2026-01-31 09:00:00,2026-01-31 14:00:00,5.0,19.6,-1.9602,-0.42,0.0192,1,802.9,976.37,1008.62,-3.2,-21.11,73,-2.36,HIGH_VOL,
BTC/USDT,2026-01-31 14:00:00,LONG,0.677819013595581,81479.99,1.0,0.0,False,74,STOP_LOSS,LONG,83160.0,81479.99,2026-01-31 10:00:00,2026-01-31 14:00:00,4.0,21.02,-2.0202,-0.47,0.0206,1,802.9,976.37,1008.62,-3.2,-21.58,74,-2.36,HIGH_VOL,
BTC/USDT,2026-01-31 14:00:00,LONG,0.677819013595581,81479.99,1.0,0.0,False,75,STOP_LOSS,LONG,83020.0,81479.99,2026-01-31 11:00:00,2026-01-31 14:00:00,3.0,17.14,-1.855,-0.35,0.0168,1,802.9,976.37,1008.62,-3.2,-21.93,75,-2.36,HIGH_VOL,
BTC/USDT,2026-01-31 14:00:00,LONG,0.677819013595581,81479.99,1.0,0.0,False,76,STOP_LOSS,LONG,82762.0,81479.99,2026-01-31 12:00:00,2026-01-31 14:00:00,2.0,51.03,-1.549,-0.89,0.0502,1,802.9,976.37,1008.62,-3.2,-22.82,76,-2.36,HIGH_VOL,
BTC/USDT,2026-01-31 14:00:00,LONG,0.677819013595581,81479.99,1.0,0.0,False,77,STOP_LOSS,LONG,82767.99,81479.99,2026-01-31 13:00:00,2026-01-31 14:00:00,1.0,36.37,-1.5562,-0.64,0.0358,1,802.9,976.37,1008.62,-3.2,-23.46,77,-2.36,HIGH_VOL,
BTC/USDT,2026-01-31 14:00:00,LONG,0.677819013595581,81479.99,1.0,0.0,False,78,OPEN,LONG,81479.99,,2026-01-31 14:00:00,,,173.65,0.0,0.0,0.0,1,802.9,976.37,1008.62,-3.2,-23.46,77,-2.36,HIGH_VOL,
BTC/USDT,2026-01-31 15:00:00,LONG,0.6605389714241028,81302.15,1.0,0.0,False,79,OPEN,LONG,81302.15,,2026-01-31 15:00:00,,,128.9,0.0,0.0,0.0,2,674.0,975.86,1008.62,-3.25,-23.46,77,-2.41,HIGH_VOL,
BTC/USDT,2026-01-31 16:00:00,LONG,0.7224609851837158,80365.04,1.0,0.0,False,78,STOP_LOSS,LONG,81479.99,80365.04,2026-01-31 14:00:00,2026-01-31 16:00:00,2.0,173.65,-1.3684,-2.72,0.1711,2,656.97,972.02,1008.62,-3.63,-26.18,78,-2.8,HIGH_VOL,
BTC/USDT,2026-01-31 16:00:00,LONG,0.7224609851837158,80365.04,1.0,0.0,False,80,OPEN,LONG,80365.04,,2026-01-31 16:00:00,,,187.96,0.0,0.0,0.0,2,656.97,972.02,1008.62,-3.63,-26.18,78,-2.8,HIGH_VOL,
BTC/USDT,2026-01-31 17:00:00,HOLD,0.4729360044002533,78893.92,0.0,0.0,True,79,STOP_LOSS,LONG,81302.15,78893.92,2026-01-31 15:00:00,2026-01-31 17:00:00,2.0,128.9,-2.9621,-4.07,0.125,0,965.95,965.95,1008.62,-4.23,-30.24,79,-3.41,HIGH_VOL,
BTC/USDT,2026-01-31 17:00:00,HOLD,0.4729360044002533,78893.92,0.0,0.0,True,80,STOP_LOSS,LONG,80365.04,78893.92,2026-01-31 16:00:00,2026-01-31 17:00:00,1.0,187.96,-1.8305,-3.81,0.1843,0,965.95,965.95,1008.62,-4.23,-34.05,80,-3.41,HIGH_VOL,
BTC/USDT,2026-01-31 18:00:00,HOLD,0.522828996181488,78038.38,1.0,0.0,False,0,HOLD,,78038.38,,,,,0.0,0.0,0.0,0.0,0,965.95,965.95,1008.62,-4.23,-34.05,80,-3.41,HIGH_VOL,
BTC/USDT,2026-01-31 19:00:00,HOLD,0.49567899107933044,77750.01,0.0,1.0,False,0,HOLD,,77750.01,,,,,0.0,0.0,0.0,0.0,0,965.95,965.95,1008.62,-4.23,-34.05,80,-3.41,HIGH_VOL,
BTC/USDT,2026-01-31 20:00:00,HOLD,0.4673439860343933,77999.03,0.0,1.0,False,0,HOLD,,77999.03,,,,,0.0,0.0,0.0,0.0,0,965.95,965.95,1008.62,-4.23,-34.05,80,-3.41,HIGH_VOL,
BTC/USDT,2026-01-31 21:00:00,HOLD,0.49305999279022217,78292.0,0.0,0.0,True,0,HOLD,,78292.0,,,,,0.0,0.0,0.0,0.0,0,965.95,965.95,1008.62,-4.23,-34.05,80,-3.41,HIGH_VOL,
BTC/USDT,2026-01-31 22:00:00,HOLD,0.515267014503479,78155.17,1.0,1.0,True,0,HOLD,,78155.17,,,,,0.0,0.0,0.0,0.0,0,965.95,965.95,1008.62,-4.23,-34.05,80,-3.41,HIGH_VOL,
BTC/USDT,2026-01-31 23:00:00,HOLD,0.4818660020828247,78741.09,0.0,1.0,False,0,HOLD,,78741.09,,,,,0.0,0.0,0.0,0.0,0,965.95,965.95,1008.62,-4.23,-34.05,80,-3.41,HIGH_VOL,
BTC/USDT,2026-02-01 00:00:00,HOLD,0.4963650107383728,78902.31,0.0,0.0,True,0,HOLD,,78902.31,,,,,0.0,0.0,0.0,0.0,0,965.95,965.95,1008.62,-4.23,-34.05,80,-3.41,HIGH_VOL,
BTC/USDT,2026-02-01 01:00:00,HOLD,0.5845069885253906,78532.17,1.0,1.0,True,0,HOLD,,78532.17,,,,,0.0,0.0,0.0,0.0,0,965.95,965.95,1008.62,-4.23,-34.05,80,-3.41,HIGH_VOL,
BTC/USDT,2026-02-01 02:00:00,HOLD,0.5092309713363647,78900.01,1.0,0.0,False,0,HOLD,,78900.01,,,,,0.0,0.0,0.0,0.0,0,965.95,965.95,1008.62,-4.23,-34.05,80,-3.41,HIGH_VOL,
BTC/USDT,2026-02-01 03:00:00,HOLD,0.560014009475708,78868.28,1.0,1.0,True,0,HOLD,,78868.28,,,,,0.0,0.0,0.0,0.0,0,965.95,965.95,1008.62,-4.23,-34.05,80,-3.41,HIGH_VOL,
BTC/USDT,2026-02-01 04:00:00,LONG,0.6340619921684265,78971.75,1.0,0.0,False,81,OPEN,LONG,78971.75,,2026-02-01 04:00:00,,,129.5,0.0,0.0,0.0,1,836.45,965.82,1008.62,-4.24,-34.05,80,-3.42,HIGH_VOL,
BTC/USDT,2026-02-01 05:00:00,LONG,0.6648949980735779,78620.91,1.0,0.0,False,82,OPEN,LONG,78620.91,,2026-02-01 05:00:00,,,137.93,0.0,0.0,0.0,2,698.52,965.11,1008.62,-4.31,-34.05,80,-3.49,HIGH_VOL,
BTC/USDT,2026-02-01 06:00:00,LONG,0.711775004863739,78300.0,1.0,1.0,True,83,OPEN,LONG,78300.0,,2026-02-01 06:00:00,,,147.93,0.0,0.0,0.0,3,550.59,963.87,1008.62,-4.44,-34.05,80,-3.61,HIGH_VOL,
BTC/USDT,2026-02-01 07:00:00,LONG,0.6418399810791016,78343.0,1.0,1.0,True,84,OPEN,LONG,78343.0,,2026-02-01 07:00:00,,,78.1,0.0,0.0,0.0,4,472.5,964.02,1008.62,-4.42,-34.05,80,-3.6,HIGH_VOL,
BTC/USDT,2026-02-01 08:00:00,LONG,0.6607069969177246,78604.02,1.0,1.0,True,85,OPEN,LONG,78604.02,,2026-02-01 08:00:00,,,75.93,0.0,0.0,0.0,5,396.56,965.58,1008.62,-4.27,-34.05,80,-3.44,HIGH_VOL,
BTC/USDT,2026-02-01 09:00:00,HOLD,0.6026059985160828,79034.45,1.0,0.0,False,0,HOLD,,79034.45,,,,,0.0,0.0,0.0,0.0,5,396.56,968.7,1008.62,-3.96,-34.05,80,-3.13,HIGH_VOL,
BTC/USDT,2026-02-01 10:00:00,LONG,0.6620870232582092,78279.73,1.0,1.0,True,86,OPEN,LONG,78279.73,,2026-02-01 10:00:00,,,64.28,0.0,0.0,0.0,6,332.29,963.17,1008.62,-4.51,-34.05,80,-3.68,HIGH_VOL,
BTC/USDT,2026-02-01 11:00:00,LONG,0.639510989189148,78743.56,1.0,0.0,False,87,OPEN,LONG,78743.56,,2026-02-01 11:00:00,,,46.36,0.0,0.0,0.0,7,285.93,966.86,1008.62,-4.14,-34.05,80,-3.31,HIGH_VOL,
BTC/USDT,2026-02-01 12:00:00,HOLD,0.5453169941902161,78459.67,1.0,0.0,False,0,HOLD,,78459.67,,,,,0.0,0.0,0.0,0.0,7,285.93,964.4,1008.62,-4.38,-34.05,80,-3.56,HIGH_VOL,
BTC/USDT,2026-02-01 13:00:00,LONG,0.7289440035820007,78317.51,1.0,0.0,False,88,OPEN,LONG,78317.51,,2026-02-01 13:00:00,,,65.46,0.0,0.0,0.0,8,220.47,963.11,1008.62,-4.51,-34.05,80,-3.69,HIGH_VOL,
BTC/USDT,2026-02-01 14:00:00,LONG,0.7330620288848877,78211.12,1.0,0.0,False,89,OPEN,LONG,78211.12,,2026-02-01 14:00:00,,,51.38,0.0,0.0,0.0,9,169.08,962.05,1008.62,-4.62,-34.05,80,-3.8,HIGH_VOL,
BTC/USDT,2026-02-01 15:00:00,LONG,0.6358929872512817,77593.4,1.0,0.0,False,90,OPEN,LONG,77593.4,,2026-02-01 15:00:00,,,22.98,0.0,0.0,0.0,10,146.11,955.76,1008.62,-5.24,-34.05,80,-4.42,HIGH_VOL,
BTC/USDT,2026-02-01 16:00:00,LONG,0.6165429949760437,77494.77,1.0,1.0,True,85,STOP_LOSS,LONG,78604.02,77494.77,2026-02-01 08:00:00,2026-02-01 16:00:00,8.0,75.93,-1.4112,-1.22,0.0748,10,195.08,954.63,1008.62,-5.35,-35.27,81,-4.54,HIGH_VOL,
BTC/USDT,2026-02-01 16:00:00,LONG,0.6165429949760437,77494.77,1.0,1.0,True,91,OPEN,LONG,77494.77,,2026-02-01 16:00:00,,,25.74,0.0,0.0,0.0,10,195.08,954.63,1008.62,-5.35,-35.27,81,-4.54,HIGH_VOL,
BTC/USDT,2026-02-01 17:00:00,HOLD,0.5666450262069702,77745.32,1.0,1.0,True,0,HOLD,,77745.32,,,,,0.0,0.0,0.0,0.0,10,195.08,957.09,1008.62,-5.11,-35.27,81,-4.29,HIGH_VOL,
BTC/USDT,2026-02-01 18:00:00,HOLD,0.5468289852142334,78029.28,1.0,0.0,False,0,HOLD,,78029.28,,,,,0.0,0.0,0.0,0.0,10,195.08,959.87,1008.62,-4.83,-35.27,81,-4.01,HIGH_VOL,
BTC/USDT,2026-02-01 19:00:00,HOLD,0.580485999584198,77174.78,1.0,0.0,False,86,STOP_LOSS,LONG,78279.73,77174.78,2026-02-01 10:00:00,2026-02-01 19:00:00,9.0,64.28,-1.4115,-1.03,0.0633,8,303.67,951.39,1008.62,-5.67,-36.31,82,-4.86,HIGH_VOL,
BTC/USDT,2026-02-01 19:00:00,HOLD,0.580485999584198,77174.78,1.0,0.0,False,87,STOP_LOSS,LONG,78743.56,77174.78,2026-02-01 11:00:00,2026-02-01 19:00:00,8.0,46.36,-1.9923,-1.01,0.0454,8,303.67,951.39,1008.62,-5.67,-37.32,83,-4.86,HIGH_VOL,
BTC/USDT,2026-02-01 20:00:00,LONG,0.694229006767273,77103.04,1.0,0.0,False,84,STOP_LOSS,LONG,78343.0,77103.04,2026-02-01 07:00:00,2026-02-01 20:00:00,13.0,78.1,-1.5827,-1.39,0.0768,8,306.5,950.64,1008.62,-5.75,-38.71,84,-4.94,HIGH_VOL,
BTC/USDT,2026-02-01 20:00:00,LONG,0.694229006767273,77103.04,1.0,0.0,False,92,OPEN,LONG,77103.04,,2026-02-01 20:00:00,,,73.88,0.0,0.0,0.0,8,306.5,950.64,1008.62,-5.75,-38.71,84,-4.94,HIGH_VOL,
BTC/USDT,2026-02-01 21:00:00,HOLD,0.4798260033130646,76526.03,0.0,1.0,False,81,STOP_LOSS,LONG,78971.75,76526.03,2026-02-01 04:00:00,2026-02-01 21:00:00,17.0,129.5,-3.097,-4.26,0.1254,1,872.0,945.25,1008.62,-6.28,-42.97,85,-5.48,HIGH_VOL,
BTC/USDT,2026-02-01 21:00:00,HOLD,0.4798260033130646,76526.03,0.0,1.0,False,82,STOP_LOSS,LONG,78620.91,76526.03,2026-02-01 05:00:00,2026-02-01 21:00:00,16.0,137.93,-2.6645,-3.94,0.1341,1,872.0,945.25,1008.62,-6.28,-46.92,86,-5.48,HIGH_VOL,
BTC/USDT,2026-02-01 21:00:00,HOLD,0.4798260033130646,76526.03,0.0,1.0,False,83,STOP_LOSS,LONG,78300.0,76526.03,2026-02-01 06:00:00,2026-02-01 21:00:00,15.0,147.93,-2.2656,-3.64,0.1444,1,872.0,945.25,1008.62,-6.28,-50.56,87,-5.48,HIGH_VOL,
BTC/USDT,2026-02-01 21:00:00,HOLD,0.4798260033130646,76526.03,0.0,1.0,False,88,STOP_LOSS,LONG,78317.51,76526.03,2026-02-01 13:00:00,2026-02-01 21:00:00,8.0,65.46,-2.2875,-1.63,0.0639,1,872.0,945.25,1008.62,-6.28,-52.18,88,-5.48,HIGH_VOL,
BTC/USDT,2026-02-01 21:00:00,HOLD,0.4798260033130646,76526.03,0.0,1.0,False,89,STOP_LOSS,LONG,78211.12,76526.03,2026-02-01 14:00:00,2026-02-01 21:00:00,7.0,51.38,-2.1545,-1.21,0.0502,1,872.0,945.25,1008.62,-6.28,-53.39,89,-5.48,HIGH_VOL,
BTC/USDT,2026-02-01 21:00:00,HOLD,0.4798260033130646,76526.03,0.0,1.0,False,90,STOP_LOSS,LONG,77593.4,76526.03,2026-02-01 15:00:00,2026-02-01 21:00:00,6.0,22.98,-1.3756,-0.36,0.0226,1,872.0,945.25,1008.62,-6.28,-53.75,90,-5.48,HIGH_VOL,
BTC/USDT,2026-02-01 21:00:00,HOLD,0.4798260033130646,76526.03,0.0,1.0,False,91,STOP_LOSS,LONG,77494.77,76526.03,2026-02-01 16:00:00,2026-02-01 21:00:00,5.0,25.74,-1.2501,-0.37,0.0254,1,872.0,945.25,1008.62,-6.28,-54.12,91,-5.48,HIGH_VOL,
BTC/USDT,2026-02-01 22:00:00,LONG,0.6315640211105347,77249.31,1.0,0.0,False,93,OPEN,LONG,77249.31,,2026-02-01 22:00:00,,,114.72,0.0,0.0,0.0,2,757.27,945.83,1008.62,-6.23,-54.12,91,-5.42,HIGH_VOL,
BTC/USDT,2026-02-01 23:00:00,HOLD,0.4989610016345978,76968.21,0.0,1.0,False,0,HOLD,,76968.21,,,,,0.0,0.0,0.0,0.0,2,757.27,945.14,1008.62,-6.29,-54.12,91,-5.49,HIGH_VOL,
BTC/USDT,2026-02-02 00:00:00,HOLD,0.5953760147094727,77672.61,1.0,0.0,False,0,HOLD,,77672.61,,,,,0.0,0.0,0.0,0.0,2,757.27,946.86,1008.62,-6.12,-54.12,91,-5.31,HIGH_VOL,
BTC/USDT,2026-02-02 01:00:00,HOLD,0.45664098858833313,77518.87,0.0,0.0,True,0,HOLD,,77518.87,,,,,0.0,0.0,0.0,0.0,2,757.27,946.49,1008.62,-6.16,-54.12,91,-5.35,HIGH_VOL,
BTC/USDT,2026-02-02 02:00:00,HOLD,0.5758579969406128,76491.17,1.0,0.0,False,0,HOLD,,76491.17,,,,,0.0,0.0,0.0,0.0,2,757.27,943.98,1008.62,-6.41,-54.12,91,-5.6,HIGH_VOL,
BTC/USDT,2026-02-02 03:00:00,LONG,0.6740599870681763,76292.98,1.0,0.0,False,94,OPEN,LONG,76292.98,,2026-02-02 03:00:00,,,131.81,0.0,0.0,0.0,3,625.46,943.36,1008.62,-6.47,-54.12,91,-5.66,HIGH_VOL,
BTC/USDT,2026-02-02 04:00:00,LONG,0.7003329992294312,75894.15,1.0,0.0,False,92,STOP_LOSS,LONG,77103.04,75894.15,2026-02-01 20:00:00,2026-02-02 04:00:00,8.0,73.88,-1.5679,-1.3,0.0726,2,648.15,941.35,1008.62,-6.67,-55.43,92,-5.86,HIGH_VOL,
BTC/USDT,2026-02-02 04:00:00,LONG,0.7003329992294312,75894.15,1.0,0.0,False,93,STOP_LOSS,LONG,77249.31,75894.15,2026-02-01 22:00:00,2026-02-02 04:00:00,6.0,114.72,-1.7543,-2.24,0.1126,2,648.15,941.35,1008.62,-6.67,-57.67,93,-5.86,HIGH_VOL,
BTC/USDT,2026-02-02 04:00:00,LONG,0.7003329992294312,75894.15,1.0,0.0,False,95,OPEN,LONG,75894.15,,2026-02-02 04:00:00,,,162.37,0.0,0.0,0.0,2,648.15,941.35,1008.62,-6.67,-57.67,93,-5.86,HIGH_VOL,
BTC/USDT,2026-02-02 05:00:00,HOLD,0.5175089836120605,75502.1,1.0,1.0,True,0,HOLD,,75502.1,,,,,0.0,0.0,0.0,0.0,2,648.15,939.84,1008.62,-6.82,-57.67,93,-6.02,HIGH_VOL,
BTC/USDT,2026-02-02 06:00:00,HOLD,0.5622860193252563,76549.32,1.0,1.0,True,0,HOLD,,76549.32,,,,,0.0,0.0,0.0,0.0,2,648.15,943.88,1008.62,-6.42,-57.67,93,-5.61,HIGH_VOL,
BTC/USDT,2026-02-02 07:00:00,HOLD,0.47574400901794434,76660.79,0.0,1.0,False,0,HOLD,,76660.79,,,,,0.0,0.0,0.0,0.0,2,648.15,944.31,1008.62,-6.38,-57.67,93,-5.57,HIGH_VOL,
BTC/USDT,2026-02-02 08:00:00,HOLD,0.49434199929237366,76881.28,0.0,1.0,False,0,HOLD,,76881.28,,,,,0.0,0.0,0.0,0.0,2,648.15,945.17,1008.62,-6.29,-57.67,93,-5.48,HIGH_VOL,
BTC/USDT,2026-02-02 09:00:00,HOLD,0.47185200452804565,77725.33,0.0,0.0,True,0,HOLD,,77725.33,,,,,0.0,0.0,0.0,0.0,2,648.15,948.43,1008.62,-5.97,-57.67,93,-5.16,HIGH_VOL,
BTC/USDT,2026-02-02 10:00:00,HOLD,0.5838180184364319,77504.54,1.0,1.0,True,0,HOLD,,77504.54,,,,,0.0,0.0,0.0,0.0,2,648.15,947.57,1008.62,-6.05,-57.67,93,-5.24,HIGH_VOL,
BTC/USDT,2026-02-02 11:00:00,HOLD,0.4860830008983612,77759.99,0.0,1.0,False,0,HOLD,,77759.99,,,,,0.0,0.0,0.0,0.0,2,648.15,948.56,1008.62,-5.95,-57.67,93,-5.14,HIGH_VOL,
BTC/USDT,2026-02-02 12:00:00,HOLD,0.5606290102005005,77988.51,1.0,1.0,True,0,HOLD,,77988.51,,,,,0.0,0.0,0.0,0.0,2,648.15,949.44,1008.62,-5.87,-57.67,93,-5.06,HIGH_VOL,
BTC/USDT,2026-02-02 13:00:00,LONG,0.6413710117340088,78224.79,1.0,0.0,False,96,OPEN,LONG,78224.79,,2026-02-02 13:00:00,,,91.63,0.0,0.0,0.0,3,556.52,950.26,1008.62,-5.79,-57.67,93,-4.97,HIGH_VOL,
BTC/USDT,2026-02-02 14:00:00,LONG,0.6395909786224365,77844.79,1.0,1.0,True,97,OPEN,LONG,77844.79,,2026-02-02 14:00:00,,,77.69,0.0,0.0,0.0,4,478.83,948.27,1008.62,-5.98,-57.67,93,-5.17,HIGH_VOL,
BTC/USDT,2026-02-02 15:00:00,LONG,0.661965012550354,78850.06,1.0,0.0,False,98,OPEN,LONG,78850.06,,2026-02-02 15:00:00,,,77.55,0.0,0.0,0.0,5,401.28,954.26,1008.62,-5.39,-57.67,93,-4.57,HIGH_VOL,
BTC/USDT,2026-02-02 16:00:00,HOLD,0.49000200629234314,78634.76,0.0,1.0,False,0,HOLD,,78634.76,,,,,0.0,0.0,0.0,0.0,5,401.28,952.75,1008.62,-5.54,-57.67,93,-4.73,HIGH_VOL,
BTC/USDT,2026-02-02 17:00:00,HOLD,0.4792430102825165,78988.64,0.0,0.0,True,0,HOLD,,78988.64,,,,,0.0,0.0,0.0,0.0,5,401.28,955.23,1008.62,-5.29,-57.67,93,-4.48,HIGH_VOL,
BTC/USDT,2026-02-02 18:00:00,HOLD,0.44652700424194336,78569.84,0.0,0.0,True,0,HOLD,,78569.84,,,,,0.0,0.0,0.0,0.0,5,401.28,952.29,1008.62,-5.58,-57.67,93,-4.77,HIGH_VOL,
BTC/USDT,2026-02-02 19:00:00,LONG,0.6198329925537109,78341.5,1.0,0.0,False,99,OPEN,LONG,78341.5,,2026-02-02 19:00:00,,,48.09,0.0,0.0,0.0,6,353.19,950.64,1008.62,-5.75,-57.67,93,-4.94,HIGH_VOL,
BTC/USDT,2026-02-02 20:00:00,HOLD,0.5932390093803406,78008.59,1.0,1.0,True,0,HOLD,,78008.59,,,,,0.0,0.0,0.0,0.0,6,353.19,948.11,1008.62,-6.0,-57.67,93,-5.19,HIGH_VOL,
BTC/USDT,2026-02-02 21:00:00,HOLD,0.5977979898452759,78532.06,1.0,1.0,True,0,HOLD,,78532.06,,,,,0.0,0.0,0.0,0.0,6,353.19,952.1,1008.62,-5.6,-57.67,93,-4.79,HIGH_VOL,
BTC/USDT,2026-02-02 22:00:00,HOLD,0.4596880078315735,78795.2,0.0,0.0,True,0,HOLD,,78795.2,,,,,0.0,0.0,0.0,0.0,6,353.19,954.1,1008.62,-5.41,-57.67,93,-4.59,HIGH_VOL,
BTC/USDT,2026-02-02 23:00:00,LONG,0.6262919902801514,78738.61,1.0,1.0,True,100,OPEN,LONG,78738.61,,2026-02-02 23:00:00,,,44.61,0.0,0.0,0.0,7,308.59,953.63,1008.62,-5.45,-57.67,93,-4.64,HIGH_VOL,
BTC/USDT,2026-02-03 00:00:00,HOLD,0.5949739813804626,79065.24,1.0,0.0,False,0,HOLD,,79065.24,,,,,0.0,0.0,0.0,0.0,7,308.59,956.3,1008.62,-5.19,-57.67,93,-4.37,HIGH_VOL,
BTC/USDT,2026-02-03 01:00:00,HOLD,0.5491750240325928,79017.63,1.0,0.0,False,0,HOLD,,79017.63,,,,,0.0,0.0,0.0,0.0,7,308.59,955.91,1008.62,-5.23,-57.67,93,-4.41,HIGH_VOL,
BTC/USDT,2026-02-03 02:00:00,LONG,0.6360120177268982,77808.01,1.0,1.0,True,101,OPEN,LONG,77808.01,,2026-02-03 02:00:00,,,41.97,0.0,0.0,0.0,8,266.62,945.96,1008.62,-6.21,-57.67,93,-5.4,HIGH_VOL,
BTC/USDT,2026-02-03 03:00:00,LONG,0.6068549752235413,78753.32,1.0,1.0,True,102,OPEN,LONG,78753.32,,2026-02-03 03:00:00,,,28.49,0.0,0.0,0.0,9,238.13,954.19,1008.62,-5.4,-57.67,93,-4.58,HIGH_VOL,
BTC/USDT,2026-02-03 04:00:00,SHORT,0.3932949900627136,78798.39,0.0,0.0,True,94,CLOSE,LONG,76292.98,78798.39,2026-02-02 03:00:00,2026-02-03 04:00:00,25.0,131.81,3.2839,4.06,0.136,1,852.1,953.78,1008.62,-5.44,-53.61,94,-4.62,HIGH_VOL,
BTC/USDT,2026-02-03 04:00:00,SHORT,0.3932949900627136,78798.39,0.0,0.0,True,95,CLOSE,LONG,75894.15,78798.39,2026-02-02 04:00:00,2026-02-03 04:00:00,24.0,162.37,3.8267,5.88,0.1684,1,852.1,953.78,1008.62,-5.44,-47.73,95,-4.62,HIGH_VOL,
BTC/USDT,2026-02-03 04:00:00,SHORT,0.3932949900627136,78798.39,0.0,0.0,True,96,CLOSE,LONG,78224.79,78798.39,2026-02-02 13:00:00,2026-02-03 04:00:00,15.0,91.63,0.7333,0.49,0.0922,1,852.1,953.78,1008.62,-5.44,-47.25,96,-4.62,HIGH_VOL,
BTC/USDT,2026-02-03 04:00:00,SHORT,0.3932949900627136,78798.39,0.0,0.0,True,97,CLOSE,LONG,77844.79,78798.39,2026-02-02 14:00:00,2026-02-03 04:00:00,14.0,77.69,1.225,0.79,0.0786,1,852.1,953.78,1008.62,-5.44,-46.45,97,-4.62,HIGH_VOL,
BTC/USDT,2026-02-03 04:00:00,SHORT,0.3932949900627136,78798.39,0.0,0.0,True,98,CLOSE,LONG,78850.06,78798.39,2026-02-02 15:00:00,2026-02-03 04:00:00,13.0,77.55,-0.0655,-0.21,0.0774,1,852.1,953.78,1008.62,-5.44,-46.66,98,-4.62,HIGH_VOL,
BTC/USDT,2026-02-03 04:00:00,SHORT,0.3932949900627136,78798.39,0.0,0.0,True,99,CLOSE,LONG,78341.5,78798.39,2026-02-02 19:00:00,2026-02-03 04:00:00,9.0,48.09,0.5832,0.18,0.0483,1,852.1,953.78,1008.62,-5.44,-46.47,99,-4.62,HIGH_VOL,
BTC/USDT,2026-02-03 04:00:00,SHORT,0.3932949900627136,78798.39,0.0,0.0,True,100,CLOSE,LONG,78738.61,78798.39,2026-02-02 23:00:00,2026-02-03 04:00:00,5.0,44.61,0.0759,-0.06,0.0446,1,852.1,953.78,1008.62,-5.44,-46.53,100,-4.62,HIGH_VOL,
BTC/USDT,2026-02-03 04:00:00,SHORT,0.3932949900627136,78798.39,0.0,0.0,True,101,CLOSE,LONG,77808.01,78798.39,2026-02-03 02:00:00,2026-02-03 04:00:00,2.0,41.97,1.2729,0.45,0.0425,1,852.1,953.78,1008.62,-5.44,-46.08,101,-4.62,HIGH_VOL,
BTC/USDT,2026-02-03 04:00:00,SHORT,0.3932949900627136,78798.39,0.0,0.0,True,102,CLOSE,LONG,78753.32,78798.39,2026-02-03 03:00:00,2026-02-03 04:00:00,1.0,28.49,0.0572,-0.04,0.0285,1,852.1,953.78,1008.62,-5.44,-46.12,102,-4.62,HIGH_VOL,
BTC/USDT,2026-02-03 04:00:00,SHORT,0.3932949900627136,78798.39,0.0,0.0,True,103,OPEN,SHORT,78798.39,,2026-02-03 04:00:00,,,101.78,0.0,0.0,0.0,1,852.1,953.78,1008.62,-5.44,-46.12,102,-4.62,HIGH_VOL,
BTC/USDT,2026-02-03 05:00:00,HOLD,0.5356090068817139,78240.45,1.0,1.0,True,0,HOLD,,78240.45,,,,,0.0,0.0,0.0,0.0,1,852.1,954.5,1008.62,-5.37,-46.12,102,-4.55,HIGH_VOL,
BTC/USDT,2026-02-03 06:00:00,LONG,0.6484410166740417,78594.17,1.0,1.0,True,103,CLOSE,SHORT,78798.39,78594.17,2026-02-03 04:00:00,2026-02-03 06:00:00,2.0,101.78,0.2592,0.06,0.1019,1,812.34,953.8,1008.62,-5.44,-46.06,103,-4.62,HIGH_VOL,
BTC/USDT,2026-02-03 06:00:00,LONG,0.6484410166740417,78594.17,1.0,1.0,True,104,OPEN,LONG,78594.17,,2026-02-03 06:00:00,,,141.6,0.0,0.0,0.0,1,812.34,953.8,1008.62,-5.44,-46.06,103,-4.62,HIGH_VOL,
BTC/USDT,2026-02-03 07:00:00,LONG,0.6160910129547119,78794.67,1.0,0.0,False,105,OPEN,LONG,78794.67,,2026-02-03 07:00:00,,,94.31,0.0,0.0,0.0,2,718.03,954.07,1008.62,-5.41,-46.06,103,-4.59,HIGH_VOL,
BTC/USDT,2026-02-03 08:00:00,HOLD,0.49841201305389404,78747.96,0.0,0.0,True,0,HOLD,,78747.96,,,,,0.0,0.0,0.0,0.0,2,718.03,953.93,1008.62,-5.42,-46.06,103,-4.61,HIGH_VOL,
BTC/USDT,2026-02-03 09:00:00,LONG,0.6342930197715759,78400.01,1.0,0.0,False,106,OPEN,LONG,78400.01,,2026-02-03 09:00:00,,,96.43,0.0,0.0,0.0,3,621.6,952.79,1008.62,-5.54,-46.06,103,-4.72,HIGH_VOL,
BTC/USDT,2026-02-03 10:00:00,LONG,0.7220410108566284,78120.36,1.0,0.0,False,107,OPEN,LONG,78120.36,,2026-02-03 10:00:00,,,138.02,0.0,0.0,0.0,4,483.58,951.47,1008.62,-5.67,-46.06,103,-4.85,HIGH_VOL,
BTC/USDT,2026-02-03 11:00:00,HOLD,0.5916320085525513,78079.5,1.0,1.0,True,0,HOLD,,78079.5,,,,,0.0,0.0,0.0,0.0,4,483.58,951.22,1008.62,-5.69,-46.06,103,-4.88,HIGH_VOL,
BTC/USDT,2026-02-03 12:00:00,LONG,0.6442700028419495,78330.26,1.0,0.0,False,108,OPEN,LONG,78330.26,,2026-02-03 12:00:00,,,69.77,0.0,0.0,0.0,5,413.82,952.65,1008.62,-5.55,-46.06,103,-4.73,HIGH_VOL,
BTC/USDT,2026-02-03 13:00:00,LONG,0.6841130256652832,78307.65,1.0,0.0,False,109,OPEN,LONG,78307.65,,2026-02-03 13:00:00,,,76.19,0.0,0.0,0.0,6,337.63,952.42,1008.62,-5.57,-46.06,103,-4.76,HIGH_VOL,
BTC/USDT,2026-02-03 14:00:00,LONG,0.7010740041732788,77201.22,1.0,1.0,True,104,STOP_LOSS,LONG,78594.17,77201.22,2026-02-03 06:00:00,2026-02-03 14:00:00,8.0,141.6,-1.7723,-2.79,0.139,5,454.32,943.39,1008.62,-6.47,-48.85,104,-5.66,HIGH_VOL,
BTC/USDT,2026-02-03 14:00:00,LONG,0.7010740041732788,77201.22,1.0,1.0,True,105,STOP_LOSS,LONG,78794.67,77201.22,2026-02-03 07:00:00,2026-02-03 14:00:00,7.0,94.31,-2.0223,-2.09,0.0923,5,454.32,943.39,1008.62,-6.47,-50.94,105,-5.66,HIGH_VOL,
BTC/USDT,2026-02-03 14:00:00,LONG,0.7010740041732788,77201.22,1.0,1.0,True,110,OPEN,LONG,77201.22,,2026-02-03 14:00:00,,,114.34,0.0,0.0,0.0,5,454.32,943.39,1008.62,-6.47,-50.94,105,-5.66,HIGH_VOL,
BTC/USDT,2026-02-03 15:00:00,LONG,0.6436139941215515,78132.33,1.0,0.0,False,111,OPEN,LONG,78132.33,,2026-02-03 15:00:00,,,65.25,0.0,0.0,0.0,6,389.07,949.22,1008.62,-5.89,-50.94,105,-5.08,HIGH_VOL,
BTC/USDT,2026-02-03 16:00:00,HOLD,0.5642880201339722,76488.08,1.0,0.0,False,106,STOP_LOSS,LONG,78400.01,76488.08,2026-02-03 09:00:00,2026-02-03 16:00:00,7.0,96.43,-2.4387,-2.54,0.094,0,936.89,936.89,1008.62,-7.11,-53.48,106,-6.31,HIGH_VOL,
BTC/USDT,2026-02-03 16:00:00,HOLD,0.5642880201339722,76488.08,1.0,0.0,False,107,STOP_LOSS,LONG,78120.36,76488.08,2026-02-03 10:00:00,2026-02-03 16:00:00,6.0,138.02,-2.0894,-3.15,0.135,0,936.89,936.89,1008.62,-7.11,-56.63,107,-6.31,HIGH_VOL,
BTC/USDT,2026-02-03 16:00:00,HOLD,0.5642880201339722,76488.08,1.0,0.0,False,108,STOP_LOSS,LONG,78330.26,76488.08,2026-02-03 12:00:00,2026-02-03 16:00:00,4.0,69.77,-2.3518,-1.78,0.0681,0,936.89,936.89,1008.62,-7.11,-58.41,108,-6.31,HIGH_VOL,
BTC/USDT,2026-02-03 16:00:00,HOLD,0.5642880201339722,76488.08,1.0,0.0,False,109,STOP_LOSS,LONG,78307.65,76488.08,2026-02-03 13:00:00,2026-02-03 16:00:00,3.0,76.19,-2.3236,-1.92,0.0743,0,936.89,936.89,1008.62,-7.11,-60.33,109,-6.31,HIGH_VOL,
BTC/USDT,2026-02-03 16:00:00,HOLD,0.5642880201339722,76488.08,1.0,0.0,False,110,STOP_LOSS,LONG,77201.22,76488.08,2026-02-03 14:00:00,2026-02-03 16:00:00,2.0,114.34,-0.9237,-1.28,0.1132,0,936.89,936.89,1008.62,-7.11,-61.61,110,-6.31,HIGH_VOL,
BTC/USDT,2026-02-03 16:00:00,HOLD,0.5642880201339722,76488.08,1.0,0.0,False,111,STOP_LOSS,LONG,78132.33,76488.08,2026-02-03 15:00:00,2026-02-03 16:00:00,1.0,65.25,-2.1044,-1.5,0.0638,0,936.89,936.89,1008.62,-7.11,-63.11,111,-6.31,HIGH_VOL,
BTC/USDT,2026-02-03 17:00:00,LONG,0.6100530028343201,74915.79,1.0,0.0,False,112,OPEN,LONG,74915.79,,2026-02-03 17:00:00,,,103.11,0.0,0.0,0.0,1,833.78,936.78,1008.62,-7.12,-63.11,111,-6.32,HIGH_VOL,
BTC/USDT,2026-02-03 18:00:00,LONG,0.6459779739379883,73139.13,1.0,1.0,True,112,STOP_LOSS,LONG,74915.79,73139.13,2026-02-03 17:00:00,2026-02-03 18:00:00,1.0,103.11,-2.3715,-2.65,0.1006,1,797.86,934.1,1008.62,-7.39,-65.76,112,-6.59,HIGH_VOL,
BTC/USDT,2026-02-03 18:00:00,LONG,0.6459779739379883,73139.13,1.0,1.0,True,113,OPEN,LONG,73139.13,,2026-02-03 18:00:00,,,136.38,0.0,0.0,0.0,1,797.86,934.1,1008.62,-7.39,-65.76,112,-6.59,HIGH_VOL,
BTC/USDT,2026-02-03 19:00:00,HOLD,0.5511540174484253,74935.0,1.0,1.0,True,0,HOLD,,74935.0,,,,,0.0,0.0,0.0,0.0,1,797.86,937.45,1008.62,-7.06,-65.76,112,-6.25,HIGH_VOL,
BTC/USDT,2026-02-03 20:00:00,HOLD,0.4923900067806244,76475.52,0.0,0.0,True,113,TAKE_PROFIT,LONG,73139.13,76475.52,2026-02-03 18:00:00,2026-02-03 20:00:00,2.0,136.38,4.5617,5.94,0.1425,0,940.18,940.18,1008.62,-6.79,-59.82,113,-5.98,HIGH_VOL,
BTC/USDT,2026-02-03 21:00:00,SHORT,0.41044801473617554,76239.43,0.0,0.0,True,114,OPEN,SHORT,76239.43,,2026-02-03 21:00:00,,,84.2,0.0,0.0,0.0,1,855.98,940.09,1008.62,-6.79,-59.82,113,-5.99,HIGH_VOL,
BTC/USDT,2026-02-03 22:00:00,HOLD,0.5358800292015076,75708.83,1.0,1.0,True,0,HOLD,,75708.83,,,,,0.0,0.0,0.0,0.0,1,855.98,940.68,1008.62,-6.74,-59.82,113,-5.93,HIGH_VOL,
BTC/USDT,2026-02-03 23:00:00,HOLD,0.5486400127410889,75770.21,1.0,1.0,True,0,HOLD,,75770.21,,,,,0.0,0.0,0.0,0.0,1,855.98,940.61,1008.62,-6.74,-59.82,113,-5.94,HIGH_VOL,
BTC/USDT,2026-02-04 00:00:00,SHORT,0.4312460124492645,75910.88,0.0,1.0,False,115,OPEN,SHORT,75910.88,,2026-02-04 00:00:00,,,58.85,0.0,0.0,0.0,2,797.13,940.4,1008.62,-6.76,-59.82,113,-5.96,HIGH_VOL,
BTC/USDT,2026-02-04 01:00:00,HOLD,0.5723310112953186,76423.73,1.0,0.0,False,0,HOLD,,76423.73,,,,,0.0,0.0,0.0,0.0,2,797.13,939.43,1008.62,-6.86,-59.82,113,-6.06,HIGH_VOL,
BTC/USDT,2026-02-04 02:00:00,LONG,0.7032960057258606,75963.35,1.0,1.0,True,114,CLOSE,SHORT,76239.43,75963.35,2026-02-03 21:00:00,2026-02-04 02:00:00,5.0,84.2,0.3621,0.14,0.0844,1,749.03,939.96,1008.62,-6.81,-59.69,114,-6.0,HIGH_VOL,
BTC/USDT,2026-02-04 02:00:00,LONG,0.7032960057258606,75963.35,1.0,1.0,True,115,CLOSE,SHORT,75910.88,75963.35,2026-02-04 00:00:00,2026-02-04 02:00:00,2.0,58.85,-0.0691,-0.16,0.0588,1,749.03,939.96,1008.62,-6.81,-59.84,115,-6.0,HIGH_VOL,
BTC/USDT,2026-02-04 02:00:00,LONG,0.7032960057258606,75963.35,1.0,1.0,True,116,OPEN,LONG,75963.35,,2026-02-04 02:00:00,,,191.13,0.0,0.0,0.0,1,749.03,939.96,1008.62,-6.81,-59.84,115,-6.0,HIGH_VOL,
BTC/USDT,2026-02-04 03:00:00,LONG,0.6880000233650208,76698.17,1.0,0.0,False,117,OPEN,LONG,76698.17,,2026-02-04 03:00:00,,,140.82,0.0,0.0,0.0,2,608.21,941.67,1008.62,-6.64,-59.84,115,-5.83,HIGH_VOL,
BTC/USDT,2026-02-04 04:00:00,HOLD,0.4513390064239502,76479.75,0.0,0.0,True,0,HOLD,,76479.75,,,,,0.0,0.0,0.0,0.0,2,608.21,940.72,1008.62,-6.73,-59.84,115,-5.93,HIGH_VOL,
BTC/USDT,2026-02-04 05:00:00,HOLD,0.59722900390625,76279.99,1.0,1.0,True,0,HOLD,,76279.99,,,,,0.0,0.0,0.0,0.0,2,608.21,939.85,1008.62,-6.82,-59.84,115,-6.01,HIGH_VOL,
BTC/USDT,2026-02-04 06:00:00,HOLD,0.5979059934616089,76652.68,1.0,0.0,False,0,HOLD,,76652.68,,,,,0.0,0.0,0.0,0.0,2,608.21,941.47,1008.62,-6.66,-59.84,115,-5.85,HIGH_VOL,
BTC/USDT,2026-02-04 07:00:00,LONG,0.7219300270080566,76514.3,1.0,1.0,True,118,OPEN,LONG,76514.3,,2026-02-04 07:00:00,,,134.98,0.0,0.0,0.0,3,473.23,940.74,1008.62,-6.73,-59.84,115,-5.93,HIGH_VOL,
BTC/USDT,2026-02-04 08:00:00,LONG,0.6494110226631165,76587.26,1.0,0.0,False,119,OPEN,LONG,76587.26,,2026-02-04 08:00:00,,,70.71,0.0,0.0,0.0,4,402.52,941.11,1008.62,-6.69,-59.84,115,-5.89,HIGH_VOL,
BTC/USDT,2026-02-04 09:00:00,LONG,0.6822329759597778,76119.0,1.0,1.0,True,120,OPEN,LONG,76119.0,,2026-02-04 09:00:00,,,73.35,0.0,0.0,0.0,5,329.17,937.74,1008.62,-7.03,-59.84,115,-6.23,HIGH_VOL,
BTC/USDT,2026-02-04 10:00:00,LONG,0.6945139765739441,76302.1,1.0,0.0,False,121,OPEN,LONG,76302.1,,2026-02-04 10:00:00,,,64.03,0.0,0.0,0.0,6,265.14,939.14,1008.62,-6.89,-59.84,115,-6.09,HIGH_VOL,
BTC/USDT,2026-02-04 11:00:00,LONG,0.7068899869918823,76017.25,1.0,1.0,True,122,OPEN,LONG,76017.25,,2026-02-04 11:00:00,,,54.86,0.0,0.0,0.0,7,210.29,936.57,1008.62,-7.14,-59.84,115,-6.34,HIGH_VOL,
BTC/USDT,2026-02-04 12:00:00,LONG,0.7452980279922485,76180.85,1.0,0.0,False,123,OPEN,LONG,76180.85,,2026-02-04 12:00:00,,,51.58,0.0,0.0,0.0,8,158.7,938.08,1008.62,-6.99,-59.84,115,-6.19,HIGH_VOL,
BTC/USDT,2026-02-04 13:00:00,LONG,0.7336300015449524,74867.0,1.0,0.0,False,121,STOP_LOSS,LONG,76302.1,74867.0,2026-02-04 10:00:00,2026-02-04 13:00:00,3.0,64.03,-1.8808,-1.33,0.0628,6,249.77,924.4,1008.62,-8.35,-61.17,116,-7.56,HIGH_VOL,
BTC/USDT,2026-02-04 13:00:00,LONG,0.7336300015449524,74867.0,1.0,0.0,False,122,STOP_LOSS,LONG,76017.25,74867.0,2026-02-04 11:00:00,2026-02-04 13:00:00,2.0,54.86,-1.5131,-0.94,0.054,6,249.77,924.4,1008.62,-8.35,-62.11,117,-7.56,HIGH_VOL,
BTC/USDT,2026-02-04 13:00:00,LONG,0.7336300015449524,74867.0,1.0,0.0,False,123,STOP_LOSS,LONG,76180.85,74867.0,2026-02-04 12:00:00,2026-02-04 13:00:00,1.0,51.58,-1.7246,-0.99,0.0506,6,249.77,924.4,1008.62,-8.35,-63.1,118,-7.56,HIGH_VOL,
BTC/USDT,2026-02-04 13:00:00,LONG,0.7336300015449524,74867.0,1.0,0.0,False,124,OPEN,LONG,74867.0,,2026-02-04 13:00:00,,,76.14,0.0,0.0,0.0,6,249.77,924.4,1008.62,-8.35,-63.1,118,-7.56,HIGH_VOL,
BTC/USDT,2026-02-04 14:00:00,LONG,0.7527469992637634,74359.53,1.0,0.0,False,118,STOP_LOSS,LONG,76514.3,74359.53,2026-02-04 07:00:00,2026-02-04 14:00:00,7.0,134.98,-2.8162,-4.06,0.131,4,389.1,919.42,1008.62,-8.84,-67.17,119,-8.06,HIGH_VOL,
BTC/USDT,2026-02-04 14:00:00,LONG,0.7527469992637634,74359.53,1.0,0.0,False,119,STOP_LOSS,LONG,76587.26,74359.53,2026-02-04 08:00:00,2026-02-04 14:00:00,6.0,70.71,-2.9087,-2.19,0.0686,4,389.1,919.42,1008.62,-8.84,-69.36,120,-8.06,HIGH_VOL,
BTC/USDT,2026-02-04 14:00:00,LONG,0.7527469992637634,74359.53,1.0,0.0,False,120,STOP_LOSS,LONG,76119.0,74359.53,2026-02-04 09:00:00,2026-02-04 14:00:00,5.0,73.35,-2.3115,-1.84,0.0716,4,389.1,919.42,1008.62,-8.84,-71.2,121,-8.06,HIGH_VOL,
BTC/USDT,2026-02-04 14:00:00,LONG,0.7527469992637634,74359.53,1.0,0.0,False,125,OPEN,LONG,74359.53,,2026-02-04 14:00:00,,,131.61,0.0,0.0,0.0,4,389.1,919.42,1008.62,-8.84,-71.2,121,-8.06,HIGH_VOL,
BTC/USDT,2026-02-04 15:00:00,LONG,0.6646289825439453,74136.36,1.0,0.0,False,116,STOP_LOSS,LONG,75963.35,74136.36,2026-02-04 02:00:00,2026-02-04 15:00:00,13.0,191.13,-2.4051,-4.97,0.1863,4,480.56,917.55,1008.62,-9.03,-76.17,122,-8.24,HIGH_VOL,
BTC/USDT,2026-02-04 15:00:00,LONG,0.6646289825439453,74136.36,1.0,0.0,False,126,OPEN,LONG,74136.36,,2026-02-04 15:00:00,,,94.7,0.0,0.0,0.0,4,480.56,917.55,1008.62,-9.03,-76.17,122,-8.24,HIGH_VOL,
BTC/USDT,2026-02-04 16:00:00,LONG,0.6463639736175537,73636.01,1.0,0.0,False,117,STOP_LOSS,LONG,76698.17,73636.01,2026-02-04 03:00:00,2026-02-04 16:00:00,13.0,140.82,-3.9925,-5.89,0.1351,4,525.4,914.38,1008.62,-9.34,-82.06,123,-8.56,HIGH_VOL,
BTC/USDT,2026-02-04 16:00:00,LONG,0.6463639736175537,73636.01,1.0,0.0,False,127,OPEN,LONG,73636.01,,2026-02-04 16:00:00,,,90.08,0.0,0.0,0.0,4,525.4,914.38,1008.62,-9.34,-82.06,123,-8.56,HIGH_VOL,
BTC/USDT,2026-02-04 17:00:00,HOLD,0.5950289964675903,72576.08,1.0,1.0,True,124,STOP_LOSS,LONG,74867.0,72576.08,2026-02-04 13:00:00,2026-02-04 17:00:00,4.0,76.14,-3.06,-2.48,0.0737,1,819.78,908.48,1008.62,-9.93,-84.54,124,-9.15,HIGH_VOL,
BTC/USDT,2026-02-04 17:00:00,HOLD,0.5950289964675903,72576.08,1.0,1.0,True,125,STOP_LOSS,LONG,74359.53,72576.08,2026-02-04 14:00:00,2026-02-04 17:00:00,3.0,131.61,-2.3984,-3.41,0.1283,1,819.78,908.48,1008.62,-9.93,-87.95,125,-9.15,HIGH_VOL,
BTC/USDT,2026-02-04 17:00:00,HOLD,0.5950289964675903,72576.08,1.0,1.0,True,126,STOP_LOSS,LONG,74136.36,72576.08,2026-02-04 15:00:00,2026-02-04 17:00:00,2.0,94.7,-2.1046,-2.18,0.0926,1,819.78,908.48,1008.62,-9.93,-90.13,126,-9.15,HIGH_VOL,
BTC/USDT,2026-02-04 18:00:00,LONG,0.6424319744110107,73425.96,1.0,1.0,True,128,OPEN,LONG,73425.96,,2026-02-04 18:00:00,,,116.76,0.0,0.0,0.0,2,703.02,909.41,1008.62,-9.84,-90.13,126,-9.06,HIGH_VOL,
BTC/USDT,2026-02-04 19:00:00,HOLD,0.5185440182685852,73923.29,1.0,0.0,False,0,HOLD,,73923.29,,,,,0.0,0.0,0.0,0.0,2,703.02,910.8,1008.62,-9.7,-90.13,126,-8.92,HIGH_VOL,
BTC/USDT,2026-02-04 20:00:00,HOLD,0.4825960099697113,73516.3,0.0,0.0,True,0,HOLD,,73516.3,,,,,0.0,0.0,0.0,0.0,2,703.02,909.66,1008.62,-9.81,-90.13,126,-9.03,HIGH_VOL,
BTC/USDT,2026-02-04 21:00:00,LONG,0.666208028793335,72799.99,1.0,0.0,False,129,OPEN,LONG,72799.99,,2026-02-04 21:00:00,,,116.85,0.0,0.0,0.0,3,586.17,907.53,1008.62,-10.02,-90.13,126,-9.25,HIGH_VOL,
BTC/USDT,2026-02-04 22:00:00,LONG,0.6590719819068909,72543.38,1.0,1.0,True,130,OPEN,LONG,72543.38,,2026-02-04 22:00:00,,,93.24,0.0,0.0,0.0,4,492.93,906.3,1008.62,-10.14,-90.13,126,-9.37,HIGH_VOL,
BTC/USDT,2026-02-04 23:00:00,HOLD,0.5673410296440125,73165.83,1.0,0.0,False,0,HOLD,,73165.83,,,,,0.0,0.0,0.0,0.0,4,492.93,909.85,1008.62,-9.79,-90.13,126,-9.02,HIGH_VOL,
BTC/USDT,2026-02-05 00:00:00,HOLD,0.5586220026016235,72868.02,1.0,0.0,False,0,HOLD,,72868.02,,,,,0.0,0.0,0.0,0.0,4,492.93,908.15,1008.62,-9.96,-90.13,126,-9.18,HIGH_VOL,
BTC/USDT,2026-02-05 01:00:00,LONG,0.6393539905548096,72421.26,1.0,0.0,False,131,OPEN,LONG,72421.26,,2026-02-05 01:00:00,,,68.69,0.0,0.0,0.0,5,424.24,905.54,1008.62,-10.22,-90.13,126,-9.45,HIGH_VOL,
BTC/USDT,2026-02-05 02:00:00,LONG,0.6329259872436523,71454.44,1.0,0.0,False,127,STOP_LOSS,LONG,73636.01,71454.44,2026-02-04 16:00:00,2026-02-05 02:00:00,10.0,90.08,-2.9626,-2.84,0.0873,4,541.82,898.83,1008.62,-10.89,-92.97,127,-10.12,HIGH_VOL,
BTC/USDT,2026-02-05 02:00:00,LONG,0.6329259872436523,71454.44,1.0,0.0,False,128,STOP_LOSS,LONG,73425.96,71454.44,2026-02-04 18:00:00,2026-02-05 02:00:00,8.0,116.76,-2.685,-3.36,0.1135,4,541.82,898.83,1008.62,-10.89,-96.34,128,-10.12,HIGH_VOL,
BTC/USDT,2026-02-05 02:00:00,LONG,0.6329259872436523,71454.44,1.0,0.0,False,132,OPEN,LONG,71454.44,,2026-02-05 02:00:00,,,83.06,0.0,0.0,0.0,4,541.82,898.83,1008.62,-10.89,-96.34,128,-10.12,HIGH_VOL,
BTC/USDT,2026-02-05 03:00:00,HOLD,0.5723090171813965,71223.25,1.0,0.0,False,0,HOLD,,71223.25,,,,,0.0,0.0,0.0,0.0,4,541.82,897.67,1008.62,-11.0,-96.34,128,-10.23,HIGH_VOL,
BTC/USDT,2026-02-05 04:00:00,HOLD,0.5641660094261169,70888.08,1.0,0.0,False,129,STOP_LOSS,LONG,72799.99,70888.08,2026-02-04 21:00:00,2026-02-05 04:00:00,7.0,116.85,-2.6263,-3.3,0.1137,2,746.3,895.79,1008.62,-11.19,-99.63,129,-10.42,HIGH_VOL,
BTC/USDT,2026-02-05 04:00:00,HOLD,0.5641660094261169,70888.08,1.0,0.0,False,130,STOP_LOSS,LONG,72543.38,70888.08,2026-02-04 22:00:00,2026-02-05 04:00:00,6.0,93.24,-2.2818,-2.31,0.091,2,746.3,895.79,1008.62,-11.19,-101.94,130,-10.42,HIGH_VOL,
BTC/USDT,2026-02-05 05:00:00,HOLD,0.571582019329071,70732.72,1.0,1.0,True,0,HOLD,,70732.72,,,,,0.0,0.0,0.0,0.0,2,746.3,895.47,1008.62,-11.22,-101.94,130,-10.45,HIGH_VOL,
BTC/USDT,2026-02-05 06:00:00,HOLD,0.5813620090484619,70951.51,1.0,0.0,False,0,HOLD,,70951.51,,,,,0.0,0.0,0.0,0.0,2,746.3,895.93,1008.62,-11.17,-101.94,130,-10.41,HIGH_VOL,
BTC/USDT,2026-02-05 07:00:00,LONG,0.6058629751205444,70756.85,1.0,1.0,True,133,OPEN,LONG,70756.85,,2026-02-05 07:00:00,,,79.01,0.0,0.0,0.0,3,667.3,895.44,1008.62,-11.22,-101.94,130,-10.46,HIGH_VOL,
BTC/USDT,2026-02-05 08:00:00,HOLD,0.5675539970397949,71054.99,1.0,1.0,True,0,HOLD,,71054.99,,,,,0.0,0.0,0.0,0.0,3,667.3,896.4,1008.62,-11.13,-101.94,130,-10.36,HIGH_VOL,
BTC/USDT,2026-02-05 09:00:00,HOLD,0.564395010471344,71550.0,1.0,0.0,False,0,HOLD,,71550.0,,,,,0.0,0.0,0.0,0.0,3,667.3,898.0,1008.62,-10.97,-101.94,130,-10.2,HIGH_VOL,
BTC/USDT,2026-02-05 10:00:00,HOLD,0.5848919749259949,70858.13,1.0,0.0,False,0,HOLD,,70858.13,,,,,0.0,0.0,0.0,0.0,3,667.3,895.77,1008.62,-11.19,-101.94,130,-10.42,HIGH_VOL,
BTC/USDT,2026-02-05 11:00:00,LONG,0.702476978302002,70318.35,1.0,0.0,False,134,OPEN,LONG,70318.35,,2026-02-05 11:00:00,,,135.11,0.0,0.0,0.0,4,532.18,893.89,1008.62,-11.38,-101.94,130,-10.61,HIGH_VOL,
BTC/USDT,2026-02-05 12:00:00,LONG,0.6979169845581055,69563.57,1.0,1.0,True,131,STOP_LOSS,LONG,72421.26,69563.57,2026-02-05 01:00:00,2026-02-05 12:00:00,11.0,68.69,-3.9459,-2.84,0.0659,4,479.67,889.82,1008.62,-11.78,-104.79,131,-11.02,HIGH_VOL,
BTC/USDT,2026-02-05 12:00:00,LONG,0.6979169845581055,69563.57,1.0,1.0,True,135,OPEN,LONG,69563.57,,2026-02-05 12:00:00,,,118.36,0.0,0.0,0.0,4,479.67,889.82,1008.62,-11.78,-104.79,131,-11.02,HIGH_VOL,
BTC/USDT,2026-02-05 13:00:00,LONG,0.627373993396759,69688.94,1.0,0.0,False,136,OPEN,LONG,69688.94,,2026-02-05 13:00:00,,,61.1,0.0,0.0,0.0,5,418.57,890.5,1008.62,-11.71,-104.79,131,-10.95,HIGH_VOL,
BTC/USDT,2026-02-05 14:00:00,HOLD,0.5889210104942322,69404.76,1.0,0.0,False,0,HOLD,,69404.76,,,,,0.0,0.0,0.0,0.0,5,418.57,888.58,1008.62,-11.9,-104.79,131,-11.14,HIGH_VOL,
BTC/USDT,2026-02-05 15:00:00,HOLD,0.6017969846725464,67489.07,1.0,1.0,True,132,STOP_LOSS,LONG,71454.44,67489.07,2026-02-05 02:00:00,2026-02-05 15:00:00,13.0,83.06,-5.5495,-4.77,0.0784,0,875.15,875.15,1008.62,-13.23,-109.55,132,-12.49,HIGH_VOL,
BTC/USDT,2026-02-05 15:00:00,HOLD,0.6017969846725464,67489.07,1.0,1.0,True,133,STOP_LOSS,LONG,70756.85,67489.07,2026-02-05 07:00:00,2026-02-05 15:00:00,8.0,79.01,-4.6183,-3.8,0.0753,0,875.15,875.15,1008.62,-13.23,-113.35,133,-12.49,HIGH_VOL,
BTC/USDT,2026-02-05 15:00:00,HOLD,0.6017969846725464,67489.07,1.0,1.0,True,134,STOP_LOSS,LONG,70318.35,67489.07,2026-02-05 11:00:00,2026-02-05 15:00:00,4.0,135.11,-4.0235,-5.7,0.1295,0,875.15,875.15,1008.62,-13.23,-119.05,134,-12.49,HIGH_VOL,
BTC/USDT,2026-02-05 15:00:00,HOLD,0.6017969846725464,67489.07,1.0,1.0,True,135,STOP_LOSS,LONG,69563.57,67489.07,2026-02-05 12:00:00,2026-02-05 15:00:00,3.0,118.36,-2.9822,-3.76,0.1147,0,875.15,875.15,1008.62,-13.23,-122.81,135,-12.49,HIGH_VOL,
BTC/USDT,2026-02-05 15:00:00,HOLD,0.6017969846725464,67489.07,1.0,1.0,True,136,STOP_LOSS,LONG,69688.94,67489.07,2026-02-05 13:00:00,2026-02-05 15:00:00,2.0,61.1,-3.1567,-2.05,0.0591,0,875.15,875.15,1008.62,-13.23,-124.85,136,-12.49,HIGH_VOL,
BTC/USDT,2026-02-05 16:00:00,HOLD,0.5335350036621094,68295.15,1.0,0.0,False,0,HOLD,,68295.15,,,,,0.0,0.0,0.0,0.0,0,875.15,875.15,1008.62,-13.23,-124.85,136,-12.49,HIGH_VOL,
BTC/USDT,2026-02-05 17:00:00,HOLD,0.5942779779434204,66181.69,1.0,1.0,True,0,HOLD,,66181.69,,,,,0.0,0.0,0.0,0.0,0,875.15,875.15,1008.62,-13.23,-124.85,136,-12.49,HIGH_VOL,
BTC/USDT,2026-02-05 18:00:00,HOLD,0.568494975566864,66347.0,1.0,0.0,False,0,HOLD,,66347.0,,,,,0.0,0.0,0.0,0.0,0,875.15,875.15,1008.62,-13.23,-124.85,136,-12.49,HIGH_VOL,
BTC/USDT,2026-02-05 19:00:00,HOLD,0.5825030207633972,65265.65,1.0,0.0,False,0,HOLD,,65265.65,,,,,0.0,0.0,0.0,0.0,0,875.15,875.15,1008.62,-13.23,-124.85,136,-12.49,HIGH_VOL,
BTC/USDT,2026-02-05 20:00:00,HOLD,0.5673450231552124,63775.67,1.0,0.0,False,0,HOLD,,63775.67,,,,,0.0,0.0,0.0,0.0,0,875.15,875.15,1008.62,-13.23,-124.85,136,-12.49,HIGH_VOL,
BTC/USDT,2026-02-05 21:00:00,LONG,0.6948379874229431,63213.34,1.0,1.0,True,137,OPEN,LONG,63213.34,,2026-02-05 21:00:00,,,170.51,0.0,0.0,0.0,1,704.63,874.98,1008.62,-13.25,-124.85,136,-12.5,HIGH_VOL,
BTC/USDT,2026-02-05 22:00:00,HOLD,0.5437719821929932,63907.86,1.0,0.0,False,0,HOLD,,63907.86,,,,,0.0,0.0,0.0,0.0,1,704.63,876.85,1008.62,-13.06,-124.85,136,-12.32,HIGH_VOL,
BTC/USDT,2026-02-05 23:00:00,HOLD,0.45001599192619324,62909.86,0.0,1.0,False,0,HOLD,,62909.86,,,,,0.0,0.0,0.0,0.0,1,704.63,874.16,1008.62,-13.33,-124.85,136,-12.58,HIGH_VOL,
BTC/USDT,2026-02-05 23:00:00,FORCE_CLOSE,0.0,63509.39,,,,137,FORCE_CLOSE,LONG,63213.34,63509.39,2026-02-05 21:00:00,2026-02-05 23:00:00,2.0,170.51,0.4683,0.46,0.1711,0,875.6,875.6,1008.62,0.0,-124.4,137,-12.44,HIGH_VOL,
