timestamp,entry_price,exit_price,prob,action,pred_direction,actual_direction,correct,pnl_pct,trade_capital,capital
2026-01-19 19:00:00,0.002212137312285072,0.001763435230265616,0.49678245,HOLD,0,0,True,0.0,0.0,1000.0
2026-01-19 20:00:00,0.001763435230265616,0.0014245176650483598,0.49443865,HOLD,0,0,True,0.0,0.0,1000.0
2026-01-19 21:00:00,0.0014245176650483598,0.0013273762513955497,0.4943994,HOLD,0,0,True,0.0,0.0,1000.0
2026-01-19 22:00:00,0.0013273762513955497,0.0020114302766760946,0.49355555,HOLD,0,1,False,0.0,0.0,1000.0
2026-01-19 23:00:00,0.0020114302766760946,0.0015874659504869697,0.49215356,HOLD,0,0,True,0.0,0.0,1000.0
2026-01-20 00:00:00,0.0015874659504869697,0.003137492053779911,0.49172062,HOLD,0,1,False,0.0,0.0,1000.0
2026-01-20 01:00:00,0.003137492053779911,0.003667466380441932,0.49210775,HOLD,0,1,False,0.0,0.0,1000.0
2026-01-20 02:00:00,0.003667466380441932,0.0036660974085822215,0.49252394,HOLD,0,0,True,0.0,0.0,1000.0
2026-01-20 03:00:00,0.0036660974085822215,0.0033728067358295374,0.49221843,HOLD,0,0,True,0.0,0.0,1000.0
2026-01-20 04:00:00,0.0033728067358295374,0.007323733376023395,0.49279281,HOLD,0,1,False,0.0,0.0,1000.0
2026-01-20 05:00:00,0.007323733376023395,0.0051847314831545395,0.49383432,HOLD,0,0,True,0.0,0.0,1000.0
2026-01-20 06:00:00,0.0051847314831545395,0.008937567234410346,0.4948881,HOLD,0,1,False,0.0,0.0,1000.0
2026-01-20 07:00:00,0.008937567234410346,0.008531414807209784,0.49555576,HOLD,0,0,True,0.0,0.0,1000.0
2026-01-20 08:00:00,0.008531414807209784,0.006530864885748821,0.495918,HOLD,0,0,True,0.0,0.0,1000.0
2026-01-20 09:00:00,0.006530864885748821,0.005763405562752925,0.4957851,HOLD,0,0,True,0.0,0.0,1000.0
2026-01-20 10:00:00,0.005763405562752925,0.006995741554286887,0.49708268,HOLD,0,1,False,0.0,0.0,1000.0
2026-01-20 11:00:00,0.006995741554286887,0.00650976299444095,0.49950218,HOLD,0,0,True,0.0,0.0,1000.0
2026-01-20 12:00:00,0.00650976299444095,0.008210401377134538,0.50155306,HOLD,1,1,True,0.0,0.0,1000.0
2026-01-20 13:00:00,0.008210401377134538,0.00984766592411242,0.5034709,HOLD,1,1,True,0.0,0.0,1000.0
2026-01-20 14:00:00,0.00984766592411242,0.009253533142524556,0.5054433,LONG,1,0,False,-0.06133234536654068,250.0,984.6669136583648
2026-01-20 15:00:00,0.009253533142524556,0.011336850955577129,0.507546,LONG,1,1,True,0.22413755351225773,246.1667284145912,1039.8421219213276
2026-01-20 16:00:00,0.011336850955577129,0.007411690527140781,0.5074432,LONG,1,0,False,-0.3472302224680282,259.9605304803319,949.5759690897353
2026-01-20 17:00:00,0.007411690527140781,0.007235313768572531,0.50760996,LONG,1,0,False,-0.024797102418453353,237.39399227243382,943.6892859498303
2026-01-20 18:00:00,0.007235313768572531,0.011067693167744854,0.50820297,LONG,1,1,True,0.528677014951132,235.92232148745757,1068.4159946341606
2026-01-20 19:00:00,0.011067693167744854,0.016313268540843813,0.5072998,LONG,1,1,True,0.4729538125601826,267.10399865854015,1194.7438491497871
2026-01-20 20:00:00,0.016313268540843813,0.016681544257761742,0.5058749,LONG,1,1,True,0.02157522555923546,298.6859622874468,1201.188066157516
2026-01-20 21:00:00,0.016681544257761742,0.016737588712085794,0.50608826,LONG,1,1,True,0.002359668233231785,300.297016539379,1201.8966674879782
2026-01-20 22:00:00,0.016737588712085794,0.01163245965068246,0.5057212,LONG,1,0,False,-0.30600982842988894,300.47416687199456,1109.9486192358654
2026-01-20 23:00:00,0.01163245965068246,0.010680905392654247,0.50641024,LONG,1,0,False,-0.08280163839832337,277.48715480896635,1086.9722281831937
2026-01-21 00:00:00,0.010680905392654247,0.012039640383725056,0.5073235,LONG,1,1,True,0.12621159313004252,271.7430570457984,1121.269352334972
2026-01-21 01:00:00,0.012039640383725056,0.013591679894100804,0.5094378,LONG,1,1,True,0.1279107864445656,280.317338083743,1157.1249635033107
2026-01-21 02:00:00,0.013591679894100804,0.006639229652664965,0.5096878,LONG,1,0,False,-0.5125225119783325,289.2812408758277,1008.8618152614224
2026-01-21 03:00:00,0.006639229652664965,0.008669727482444059,0.5097333,LONG,1,1,True,0.3048333475426715,252.2154538153556,1085.7454963499513
2026-01-21 04:00:00,0.008669727482444059,0.008936703617425885,0.5086283,LONG,1,1,True,0.02979406308011932,271.4363740874878,1093.8326888017527
2026-01-21 05:00:00,0.008936703617425885,0.0071808755311409305,0.5084434,LONG,1,0,False,-0.1974737963180546,273.4581722004382,1039.831865403136
2026-01-21 06:00:00,0.0071808755311409305,0.005025670332900801,0.5070811,LONG,1,0,False,-0.3011312568215064,259.957966350784,961.5503962751615
2026-01-21 07:00:00,0.005025670332900801,0.004904569763719613,0.5066547,LONG,1,0,False,-0.025096401307582245,240.38759906879037,955.5175326195649
2026-01-21 08:00:00,0.004904569763719613,0.007162682181380712,0.5057829,LONG,1,1,True,0.45940988841976477,238.87938315489123,1065.2610833805356
2026-01-21 09:00:00,0.007162682181380712,0.0056089539410300775,0.50439954,HOLD,1,0,False,0.0,0.0,1065.2610833805356
2026-01-21 10:00:00,0.0056089539410300775,0.006438526528525731,0.5028285,HOLD,1,1,True,0.0,0.0,1065.2610833805356
2026-01-21 11:00:00,0.006438526528525731,0.0035771324423149774,0.50218195,HOLD,1,0,False,0.0,0.0,1065.2610833805356
2026-01-21 12:00:00,0.0035771324423149774,0.0024158324696966515,0.50217974,HOLD,1,0,False,0.0,0.0,1065.2610833805356
2026-01-21 13:00:00,0.0024158324696966515,0.0025405678427381827,0.50249755,HOLD,1,1,True,0.0,0.0,1065.2610833805356
2026-01-21 14:00:00,0.0025405678427381827,0.0020762304939856905,0.5020325,HOLD,1,0,False,0.0,0.0,1065.2610833805356
2026-01-21 15:00:00,0.0020762304939856905,0.0014722722908669847,0.50120205,HOLD,1,0,False,0.0,0.0,1065.2610833805356
2026-01-21 16:00:00,0.0014722722908669847,0.0029921811410919055,0.50047445,HOLD,1,1,True,0.0,0.0,1065.2610833805356
2026-01-21 17:00:00,0.0029921811410919055,0.0029062494552008896,0.49880722,HOLD,0,0,True,0.0,0.0,1065.2610833805356
2026-01-21 18:00:00,0.0029062494552008896,0.002160563967538231,0.49827665,HOLD,0,0,True,0.0,0.0,1065.2610833805356
2026-01-21 19:00:00,0.002160563967538231,0.00202780038329162,0.50172514,HOLD,1,0,False,0.0,0.0,1065.2610833805356
2026-01-21 20:00:00,0.00202780038329162,0.0033582857457722186,0.5060041,LONG,1,1,True,0.65512245339499,266.3152708451339,1239.730196993151
2026-01-21 21:00:00,0.0033582857457722186,0.002609021500927165,0.5064172,LONG,1,0,False,-0.22410914006895039,309.9325492482877,1170.2714799017394
2026-01-21 22:00:00,0.002609021500927165,0.002532323244709776,0.50624776,LONG,1,0,False,-0.03039732623519323,292.56786997543486,1161.3781989121605
2026-01-21 23:00:00,0.002532323244709776,0.007377058511820665,0.5056539,LONG,1,1,True,1.9121583131150128,290.34454972804014,1716.5629433422678
2026-01-22 00:00:00,0.007377058511820665,0.008012820903504091,0.50438285,HOLD,1,1,True,0.0,0.0,1716.5629433422678
2026-01-22 01:00:00,0.008012820903504091,0.008008502645156618,0.50450873,HOLD,1,0,False,0.0,0.0,1716.5629433422678
2026-01-22 02:00:00,0.008008502645156618,0.005611448455518776,0.5035746,HOLD,1,0,False,0.0,0.0,1716.5629433422678
2026-01-22 03:00:00,0.005611448455518776,0.006629488188735421,0.50344163,HOLD,1,1,True,0.0,0.0,1716.5629433422678
2026-01-22 04:00:00,0.006629488188735421,0.007941359601650268,0.503616,HOLD,1,1,True,0.0,0.0,1716.5629433422678
2026-01-22 05:00:00,0.007941359601650268,0.010813330193359139,0.50411713,HOLD,1,1,True,0.0,0.0,1716.5629433422678
2026-01-22 06:00:00,0.010813330193359139,0.007477781906523101,0.50533164,LONG,1,0,False,-0.30946633064849166,429.14073583556694,1583.7583344914412
2026-01-22 07:00:00,0.007477781906523101,0.006983505100983983,0.5075298,LONG,1,0,False,-0.06709938772190512,395.9395836228603,1557.1910308554814
2026-01-22 08:00:00,0.006983505100983983,0.0060462319848851205,0.51029587,LONG,1,0,False,-0.13521241948642668,389.29775771387034,1504.5531391343482
2026-01-22 09:00:00,0.0060462319848851205,0.004206395445917125,0.5121219,LONG,1,0,False,-0.3052947315894219,376.13828478358704,1389.7201024408373
2026-01-22 10:00:00,0.004206395445917125,0.0038985783991109034,0.51332194,LONG,1,0,False,-0.07417834254147451,347.4300256102093,1363.94831899193
2026-01-22 11:00:00,0.0038985783991109034,0.002782377668114081,0.5137979,LONG,1,0,False,-0.287309679254207,340.9870797479825,1265.9794304797083
2026-01-22 12:00:00,0.002782377668114081,0.0017938859066933476,0.5139157,LONG,1,0,False,-0.3562687231315874,316.4948576199271,1153.2222116777434
2026-01-22 13:00:00,0.0017938859066933476,0.0022736267906175553,0.5145326,LONG,1,1,True,0.2664311014620263,288.30555291943585,1230.0357776996873
2026-01-22 14:00:00,0.0022736267906175553,0.0019808110201402582,0.5151488,LONG,1,0,False,-0.12978796629492714,307.5089444249218,1190.124817185277
2026-01-22 15:00:00,0.0019808110201402582,0.0015865344881112176,0.5158534,LONG,1,0,False,-0.20004803033715077,297.53120429631923,1130.6042858019578
2026-01-22 16:00:00,0.0015865344881112176,0.0023028845382247554,0.51716805,LONG,1,1,True,0.450518738156369,282.65107145048944,1257.943889850378
2026-01-22 17:00:00,0.0023028845382247554,0.0027815760190508607,0.5174409,LONG,1,1,True,0.20686603621696048,314.4859724625945,1323.000356419551
2026-01-22 18:00:00,0.0027815760190508607,0.0014858399067513314,0.5175264,LONG,1,0,False,-0.466828042600707,330.75008910488776,1168.596939732707
2026-01-22 19:00:00,0.0014858399067513314,0.0016902750858005192,0.5180917,LONG,1,1,True,0.13658896777524893,292.14923493317673,1208.5013021685581
2026-01-22 20:00:00,0.0016902750858005192,0.0019228509510459625,0.5187377,LONG,1,1,True,0.13659645823288857,302.12532554213954,1249.7705515800728
2026-01-22 21:00:00,0.0019228509510459625,0.0017618664877905488,0.51911414,LONG,1,0,False,-0.08472175865625149,312.4426378950182,1223.2998618184085
2026-01-22 22:00:00,0.0017618664877905488,0.0015998358951266945,0.51931167,LONG,1,0,False,-0.09296530712553999,305.82496545460214,1194.8687499782638
2026-01-22 23:00:00,0.0015998358951266945,0.0009755626865084443,0.5202108,LONG,1,0,False,-0.3912107775677909,298.71718749456596,1078.0073667856511
2026-01-23 00:00:00,0.0009755626865084443,0.0018293276627795872,0.5217937,LONG,1,1,True,0.8741513235164646,269.5018416964128,1313.592758394695
2026-01-23 01:00:00,0.0018293276627795872,0.0017009237049045527,0.52278566,LONG,1,0,False,-0.07119188551488367,328.39818959867375,1290.2134720774911
2026-01-23 02:00:00,0.0017009237049045527,0.0018861982691158565,0.52347857,LONG,1,1,True,0.107925852274897,322.5533680193728,1325.0253192251205
2026-01-23 03:00:00,0.0018861982691158565,0.001781582748370674,0.5233854,LONG,1,0,False,-0.05646369247503364,331.2563298062801,1306.3213636885303
2026-01-23 04:00:00,0.001781582748370674,0.0014350971421592663,0.5228847,LONG,1,0,False,-0.19548190465937212,326.58034092213256,1242.4808166207647
2026-01-23 05:00:00,0.0014350971421592663,0.0018521196826886892,0.5239625,LONG,1,1,True,0.28958837083458,310.6202041551912,1332.4328154903712
2026-01-23 06:00:00,0.0018521196826886892,0.0019363252475752026,0.5238631,LONG,1,1,True,0.044464429579558096,333.1082038725928,1347.2442817638373
2026-01-23 07:00:00,0.0019363252475752026,0.002847327570601267,0.52282,LONG,1,1,True,0.46948001061127675,336.8110704409593,1505.3703466884544
2026-01-23 08:00:00,0.002847327570601267,0.0020877946282178207,0.5216861,LONG,1,0,False,-0.26775291955363484,376.3425866721136,1404.6035203546292
2026-01-23 09:00:00,0.0020877946282178207,0.0033854080144737563,0.52101207,LONG,1,1,True,0.620523481628843,351.1508800886573,1622.500887044275
2026-01-23 10:00:00,0.0033854080144737563,0.0057347879646502,0.5207897,LONG,1,1,True,0.6929724665777522,405.62522176106876,1903.5879974741906
2026-01-23 11:00:00,0.0057347879646502,0.0036732001689618403,0.5205196,LONG,1,0,False,-0.360488059261509,475.89699936854765,1732.0328117634472
2026-01-23 12:00:00,0.0036732001689618403,0.0023870660592000908,0.5188154,LONG,1,0,False,-0.3511399462597898,433.0082029408618,1579.9863346527447
2026-01-23 13:00:00,0.0023870660592000908,0.0026017394201434227,0.51800895,LONG,1,1,True,0.08893188944895362,394.9965836631862,1615.1141271637937
2026-01-23 14:00:00,0.0026017394201434227,0.0035785675323071853,0.51785517,LONG,1,1,True,0.37445193980645236,403.7785317909484,1766.3097816451157
2026-01-23 15:00:00,0.0035785675323071853,0.004300259895707935,0.516549,LONG,1,1,True,0.20067074028513798,441.5774454112789,1854.9214545090172
2026-01-23 16:00:00,0.004300259895707935,0.004145919408549034,0.5161987,LONG,1,0,False,-0.036890967267570844,463.7303636272543,1837.8139928434655
2026-01-23 17:00:00,0.004145919408549034,0.002009600826590129,0.51531684,LONG,1,0,False,-0.5162822260736037,459.45349821086637,1600.606318009855
2026-01-23 18:00:00,0.002009600826590129,0.0015339721925193834,0.5141449,LONG,1,0,False,-0.23767816403011122,400.15157950246373,1505.4990252599603
2026-01-23 19:00:00,0.0015339721925193834,0.002282520793710048,0.51307803,LONG,1,1,True,0.48698055456354417,376.37475631499007,1688.786212813953
2026-01-23 20:00:00,0.002282520793710048,0.0028120747035317623,0.51216257,LONG,1,1,True,0.2310039805468622,422.19655320348824,1786.3152971771237
2026-01-23 21:00:00,0.0028120747035317623,0.0014755940932954863,0.51070523,LONG,1,0,False,-0.4762649737781692,446.57882429428093,1573.6254451347224
2026-01-23 22:00:00,0.0014755940932954863,0.001260426854471295,0.50948036,LONG,1,0,False,-0.1468173625130555,393.4063612836806,1515.8665607751943
2026-01-23 23:00:00,0.001260426854471295,0.0024057259280720073,0.50749254,LONG,1,1,True,0.9076596890075984,378.9666401937986,1859.839303557752
2026-01-24 00:00:00,0.0024057259280720073,0.0027421153956998746,0.50788224,LONG,1,1,True,0.13882867445646893,464.959825889438,1924.3890598614933
2026-01-24 01:00:00,0.0027421153956998746,0.003751248736756361,0.5065971,LONG,1,1,True,0.367012718443209,481.0972649653733,2100.957874912028
2026-01-24 02:00:00,0.003751248736756361,0.0042582164588024045,0.50568676,LONG,1,1,True,0.13414638927527087,525.239468728007,2171.4168531467517
2026-01-24 03:00:00,0.0042582164588024045,0.00329069024598003,0.50529516,LONG,1,0,False,-0.2282139573417752,542.8542132866879,2047.5299448729406
2026-01-24 04:00:00,0.00329069024598003,0.005995927408915721,0.5051637,LONG,1,1,True,0.8210880607770543,511.88248621823516,2467.8305428276085
2026-01-24 05:00:00,0.005995927408915721,0.00445162318527476,0.5042627,HOLD,1,0,False,0.0,0.0,2467.8305428276085
2026-01-24 06:00:00,0.00445162318527476,0.009738157601327086,0.5034653,HOLD,1,1,True,0.0,0.0,2467.8305428276085
2026-01-24 07:00:00,0.009738157601327086,0.015294104596447986,0.50301635,HOLD,1,1,True,0.0,0.0,2467.8305428276085
2026-01-24 08:00:00,0.015294104596447986,0.015097084681571747,0.50170946,HOLD,1,0,False,0.0,0.0,2467.8305428276085
2026-01-24 09:00:00,0.015097084681571747,0.017048649463681922,0.50175864,HOLD,1,1,True,0.0,0.0,2467.8305428276085
2026-01-24 10:00:00,0.017048649463681922,0.013304422276814654,0.50286615,HOLD,1,0,False,0.0,0.0,2467.8305428276085
2026-01-24 11:00:00,0.013304422276814654,0.01927720494992965,0.50535154,LONG,1,1,True,0.44793213315422525,616.9576357069021,2744.1856926555884
2026-01-24 12:00:00,0.01927720494992965,0.034727416542180034,0.50611633,LONG,1,1,True,0.8004757135373386,686.0464231638971,3293.349192757448
2026-01-24 13:00:00,0.034727416542180034,0.031504361200249666,0.5049685,HOLD,1,0,False,0.0,0.0,3293.349192757448
2026-01-24 14:00:00,0.031504361200249666,0.039716583713732705,0.5046116,HOLD,1,1,True,0.0,0.0,3293.349192757448
2026-01-24 15:00:00,0.039716583713732705,0.028278506690087087,0.5052029,LONG,1,0,False,-0.28899246949557506,823.337298189362,3055.4109137258893
2026-01-24 16:00:00,0.028278506690087087,0.026707958743052467,0.5062285,LONG,1,0,False,-0.05653857437546971,763.8527284314723,3012.223769427561
2026-01-24 17:00:00,0.026707958743052467,0.03713328675434879,0.5063733,LONG,1,1,True,0.3893453690188234,753.0559423568902,3305.4226131963223
2026-01-24 18:00:00,0.03713328675434879,0.0558921099926438,0.50545645,LONG,1,1,True,0.5041754067015926,826.3556532990806,3722.0508107785463
2026-01-24 19:00:00,0.0558921099926438,0.06078535955236485,0.50409245,HOLD,1,1,True,0.0,0.0,3722.0508107785463
2026-01-24 20:00:00,0.06078535955236485,0.03679403706097524,0.505135,LONG,1,0,False,-0.39568915982510183,930.5127026946366,3353.8570212427207
2026-01-24 21:00:00,0.03679403706097524,0.027978296164957648,0.5059289,LONG,1,0,False,-0.2405969999543162,838.4642553106802,3152.1250368460414
2026-01-24 22:00:00,0.027978296164957648,0.04637783126815046,0.50472975,HOLD,1,1,True,0.0,0.0,3152.1250368460414
2026-01-24 23:00:00,0.04637783126815046,0.03528359724979097,0.5043641,HOLD,1,0,False,0.0,0.0,3152.1250368460414
2026-01-25 00:00:00,0.03528359724979097,0.04242760527662036,0.50566375,LONG,1,1,True,0.20147391376375914,788.0312592115104,3310.892778807568
2026-01-25 01:00:00,0.04242760527662036,0.048236854994943255,0.50654566,LONG,1,1,True,0.13592146140343375,827.723194701892,3423.398125068968
2026-01-25 02:00:00,0.048236854994943255,0.08166500279897033,0.5071666,LONG,1,1,True,0.6920001511817344,855.849531267242,4015.646130094716
2026-01-25 03:00:00,0.08166500279897033,0.058243929462750824,0.50816923,LONG,1,0,False,-0.2877944962161296,1003.911532523679,3726.7259163465014
2026-01-25 04:00:00,0.058243929462750824,0.07744015993709305,0.5070598,LONG,1,1,True,0.3285833686258915,931.6814790866254,4032.8609552311377
2026-01-25 05:00:00,0.07744015993709305,0.10996899958075017,0.5047189,HOLD,1,1,True,0.0,0.0,4032.8609552311377
2026-01-25 06:00:00,0.10996899958075017,0.11675514340587485,0.503191,HOLD,1,1,True,0.0,0.0,4032.8609552311377
2026-01-25 07:00:00,0.11675514340587485,0.0654885282564608,0.50358284,HOLD,1,0,False,0.0,0.0,4032.8609552311377
2026-01-25 08:00:00,0.0654885282564608,0.054525745980971145,0.50567204,LONG,1,0,False,-0.16840004039422152,1008.2152388077844,3863.0774682898373
2026-01-25 09:00:00,0.054525745980971145,0.08200798990082667,0.50627464,LONG,1,1,True,0.5030232540687569,965.7693670724593,4348.881917994549
2026-01-25 10:00:00,0.08200798990082667,0.08132540531779663,0.50411975,HOLD,1,0,False,0.0,0.0,4348.881917994549
2026-01-25 11:00:00,0.08132540531779663,0.08831979823578383,0.5043401,HOLD,1,1,True,0.0,0.0,4348.881917994549
2026-01-25 12:00:00,0.08831979823578383,0.06978746563056172,0.50275075,HOLD,1,0,False,0.0,0.0,4348.881917994549
2026-01-25 13:00:00,0.06978746563056172,0.08830348048664485,0.5037881,HOLD,1,1,True,0.0,0.0,4348.881917994549
2026-01-25 14:00:00,0.08830348048664485,0.08681004451565935,0.503749,HOLD,1,0,False,0.0,0.0,4348.881917994549
2026-01-25 15:00:00,0.08681004451565935,0.08349828682510478,0.5033887,HOLD,1,0,False,0.0,0.0,4348.881917994549
2026-01-25 16:00:00,0.08349828682510478,0.0868602581495055,0.5027833,HOLD,1,1,True,0.0,0.0,4348.881917994549
2026-01-25 17:00:00,0.0868602581495055,0.07853224704743282,0.5019721,HOLD,1,0,False,0.0,0.0,4348.881917994549
2026-01-25 18:00:00,0.07853224704743282,0.14341326520273234,0.50302994,HOLD,1,1,True,0.0,0.0,4348.881917994549
2026-01-25 19:00:00,0.14341326520273234,0.2463824872741967,0.5034718,HOLD,1,1,True,0.0,0.0,4348.881917994549
2026-01-25 20:00:00,0.2463824872741967,0.40854400470925256,0.5025364,HOLD,1,1,True,0.0,0.0,4348.881917994549
2026-01-25 21:00:00,0.40854400470925256,0.4459240137275143,0.50141174,HOLD,1,1,True,0.0,0.0,4348.881917994549
2026-01-25 22:00:00,0.4459240137275143,0.37620519085466847,0.5009332,HOLD,1,0,False,0.0,0.0,4348.881917994549
2026-01-25 23:00:00,0.37620519085466847,0.4753990361527938,0.49994883,HOLD,0,1,False,0.0,0.0,4348.881917994549
2026-01-26 00:00:00,0.4753990361527938,0.4394522783835879,0.4996533,HOLD,0,0,True,0.0,0.0,4348.881917994549
2026-01-26 01:00:00,0.4394522783835879,0.5584234965556322,0.50028074,HOLD,1,1,True,0.0,0.0,4348.881917994549
2026-01-26 02:00:00,0.5584234965556322,0.47131921594460086,0.5015426,HOLD,1,0,False,0.0,0.0,4348.881917994549
2026-01-26 03:00:00,0.47131921594460086,0.5192565661702816,0.50348973,HOLD,1,1,True,0.0,0.0,4348.881917994549
2026-01-26 04:00:00,0.5192565661702816,0.710385324782084,0.50237733,HOLD,1,1,True,0.0,0.0,4348.881917994549
2026-01-26 05:00:00,0.710385324782084,0.658856135674824,0.5024799,HOLD,1,0,False,0.0,0.0,4348.881917994549
2026-01-26 06:00:00,0.658856135674824,0.6096907286284389,0.501554,HOLD,1,0,False,0.0,0.0,4348.881917994549
2026-01-26 07:00:00,0.6096907286284389,0.3934107206096775,0.5008426,HOLD,1,0,False,0.0,0.0,4348.881917994549
2026-01-26 08:00:00,0.3934107206096775,0.30045722964256516,0.49922475,HOLD,0,0,True,0.0,0.0,4348.881917994549
2026-01-26 09:00:00,0.30045722964256516,0.3654042206959437,0.49824902,HOLD,0,1,False,0.0,0.0,4348.881917994549
2026-01-26 10:00:00,0.3654042206959437,0.525241459760694,0.49809015,HOLD,0,1,False,0.0,0.0,4348.881917994549
2026-01-26 11:00:00,0.525241459760694,0.7763919613474619,0.49735957,HOLD,0,1,False,0.0,0.0,4348.881917994549
2026-01-26 12:00:00,0.7763919613474619,0.9804948249929747,0.49613345,HOLD,0,1,False,0.0,0.0,4348.881917994549
2026-01-26 13:00:00,0.9804948249929747,0.9821193978858493,0.4952949,HOLD,0,1,False,0.0,0.0,4348.881917994549
2026-01-26 14:00:00,0.9821193978858493,1.419333093018291,0.49460095,HOLD,0,1,False,0.0,0.0,4348.881917994549
2026-01-26 15:00:00,1.419333093018291,1.434049087414246,0.49402937,HOLD,0,1,False,0.0,0.0,4348.881917994549
2026-01-26 16:00:00,1.434049087414246,1.7031115130522574,0.4930143,HOLD,0,1,False,0.0,0.0,4348.881917994549
2026-01-26 17:00:00,1.7031115130522574,2.635087010365815,0.49220574,HOLD,0,1,False,0.0,0.0,4348.881917994549
2026-01-26 18:00:00,2.635087010365815,3.5891050875981385,0.4923895,HOLD,0,1,False,0.0,0.0,4348.881917994549
2026-01-26 19:00:00,3.5891050875981385,2.038799777591837,0.49438915,HOLD,0,0,True,0.0,0.0,4348.881917994549
2026-01-26 20:00:00,2.038799777591837,2.8232895007244054,0.49767157,HOLD,0,1,False,0.0,0.0,4348.881917994549
2026-01-26 21:00:00,2.8232895007244054,1.897505735529007,0.49965242,HOLD,0,0,True,0.0,0.0,4348.881917994549
2026-01-26 22:00:00,1.897505735529007,1.2756524190835032,0.5000826,HOLD,1,0,False,0.0,0.0,4348.881917994549
2026-01-26 23:00:00,1.2756524190835032,1.259480705530196,0.4992639,HOLD,0,0,True,0.0,0.0,4348.881917994549
2026-01-27 00:00:00,1.259480705530196,1.0324317425285472,0.49660134,HOLD,0,0,True,0.0,0.0,4348.881917994549
2026-01-27 01:00:00,1.0324317425285472,1.0651794292987378,0.4951452,HOLD,0,1,False,0.0,0.0,4348.881917994549
2026-01-27 02:00:00,1.0651794292987378,2.215974999461005,0.49438807,HOLD,0,1,False,0.0,0.0,4348.881917994549
2026-01-27 03:00:00,2.215974999461005,2.462756978687232,0.49336284,HOLD,0,1,False,0.0,0.0,4348.881917994549
2026-01-27 04:00:00,2.462756978687232,3.482910816663845,0.49203128,HOLD,0,1,False,0.0,0.0,4348.881917994549
2026-01-27 05:00:00,3.482910816663845,2.76471002717687,0.49272507,HOLD,0,0,True,0.0,0.0,4348.881917994549
2026-01-27 06:00:00,2.76471002717687,2.6945906078072435,0.49329737,HOLD,0,0,True,0.0,0.0,4348.881917994549
2026-01-27 07:00:00,2.6945906078072435,3.1570147917628604,0.49310994,HOLD,0,1,False,0.0,0.0,4348.881917994549
2026-01-27 08:00:00,3.1570147917628604,2.0861785680540788,0.4927087,HOLD,0,0,True,0.0,0.0,4348.881917994549
2026-01-27 09:00:00,2.0861785680540788,2.0521502902641706,0.49249122,HOLD,0,0,True,0.0,0.0,4348.881917994549
2026-01-27 10:00:00,2.0521502902641706,1.6374412800087765,0.4945692,HOLD,0,0,True,0.0,0.0,4348.881917994549
2026-01-27 11:00:00,1.6374412800087765,1.6188872728263988,0.49875826,HOLD,0,0,True,0.0,0.0,4348.881917994549
2026-01-27 12:00:00,1.6188872728263988,1.711365244735718,0.50381887,HOLD,1,1,True,0.0,0.0,4348.881917994549
2026-01-27 13:00:00,1.711365244735718,1.2817080730221038,0.50605994,LONG,1,0,False,-0.252061059604471,1087.2204794986374,4074.835971908442
2026-01-27 14:00:00,1.2817080730221038,0.8928705727857082,0.5077741,LONG,1,0,False,-0.3043744644516176,1018.7089929771105,3764.766967738987
2026-01-27 15:00:00,0.8928705727857082,1.0891027480746012,0.50626576,LONG,1,1,True,0.21877673054747349,941.1917419347468,3970.6778198577526
2026-01-27 16:00:00,1.0891027480746012,1.742225240256161,0.5041774,HOLD,1,1,True,0.0,0.0,3970.6778198577526
2026-01-27 17:00:00,1.742225240256161,2.4148462830440955,0.5023615,HOLD,1,1,True,0.0,0.0,3970.6778198577526
2026-01-27 18:00:00,2.4148462830440955,2.2801103656835795,0.49998006,HOLD,0,0,True,0.0,0.0,3970.6778198577526
2026-01-27 19:00:00,2.2801103656835795,2.167938187137294,0.49898872,HOLD,0,0,True,0.0,0.0,3970.6778198577526
2026-01-27 20:00:00,2.167938187137294,2.585375472959436,0.497231,HOLD,0,1,False,0.0,0.0,3970.6778198577526
2026-01-27 21:00:00,2.585375472959436,4.4036476035435275,0.4979916,HOLD,0,1,False,0.0,0.0,3970.6778198577526
2026-01-27 22:00:00,4.4036476035435275,6.088687123781865,0.49705243,HOLD,0,1,False,0.0,0.0,3970.6778198577526
2026-01-27 23:00:00,6.088687123781865,5.176897586551326,0.49549046,HOLD,0,0,True,0.0,0.0,3970.6778198577526
2026-01-28 00:00:00,5.176897586551326,4.55334290888266,0.4958778,HOLD,0,0,True,0.0,0.0,3970.6778198577526
2026-01-28 01:00:00,4.55334290888266,3.23781844370165,0.4965407,HOLD,0,0,True,0.0,0.0,3970.6778198577526
2026-01-28 02:00:00,3.23781844370165,3.976248731179998,0.49881652,HOLD,0,1,False,0.0,0.0,3970.6778198577526
2026-01-28 03:00:00,3.976248731179998,2.885703048025481,0.5018884,HOLD,1,0,False,0.0,0.0,3970.6778198577526
2026-01-28 04:00:00,2.885703048025481,2.4298237325341225,0.5042597,HOLD,1,0,False,0.0,0.0,3970.6778198577526
2026-01-28 05:00:00,2.4298237325341225,3.756172190331044,0.5050149,LONG,1,1,True,0.5448620063825125,992.6694549644382,4511.545690764311
2026-01-28 06:00:00,3.756172190331044,4.801875785978622,0.50525254,LONG,1,1,True,0.27739607522237053,1127.8864226910778,4824.416957715415
2026-01-28 07:00:00,4.801875785978622,3.80202684353429,0.50413454,HOLD,1,0,False,0.0,0.0,4824.416957715415
2026-01-28 08:00:00,3.80202684353429,2.9845837710289245,0.50307655,HOLD,1,0,False,0.0,0.0,4824.416957715415
2026-01-28 09:00:00,2.9845837710289245,1.3918739866703627,0.50218284,HOLD,1,0,False,0.0,0.0,4824.416957715415
2026-01-28 10:00:00,1.3918739866703627,1.174197647488248,0.50135505,HOLD,1,0,False,0.0,0.0,4824.416957715415
2026-01-28 11:00:00,1.174197647488248,1.3110626317576115,0.50011295,HOLD,1,1,True,0.0,0.0,4824.416957715415
2026-01-28 12:00:00,1.3110626317576115,1.5737925284462673,0.49785036,HOLD,0,1,False,0.0,0.0,4824.416957715415
2026-01-28 13:00:00,1.5737925284462673,1.241183857185013,0.4958401,HOLD,0,0,True,0.0,0.0,4824.416957715415
2026-01-28 14:00:00,1.241183857185013,0.6313476717342151,0.49338996,HOLD,0,0,True,0.0,0.0,4824.416957715415
2026-01-28 15:00:00,0.6313476717342151,0.5012603560727,0.492322,HOLD,0,0,True,0.0,0.0,4824.416957715415
2026-01-28 16:00:00,0.5012603560727,0.37850971809207595,0.49311665,HOLD,0,0,True,0.0,0.0,4824.416957715415
2026-01-28 17:00:00,0.37850971809207595,0.26435883140631294,0.49494067,HOLD,0,0,True,0.0,0.0,4824.416957715415
2026-01-28 18:00:00,0.26435883140631294,0.2981002852693257,0.49653324,HOLD,0,1,False,0.0,0.0,4824.416957715415
2026-01-28 19:00:00,0.2981002852693257,0.29912673049106,0.49549386,HOLD,0,1,False,0.0,0.0,4824.416957715415
2026-01-28 20:00:00,0.29912673049106,0.24931271132878646,0.49283013,HOLD,0,0,True,0.0,0.0,4824.416957715415
2026-01-28 21:00:00,0.24931271132878646,0.222003858203374,0.49097866,HOLD,0,0,True,0.0,0.0,4824.416957715415
2026-01-28 22:00:00,0.222003858203374,0.3286725295021434,0.491404,HOLD,0,1,False,0.0,0.0,4824.416957715415
2026-01-28 23:00:00,0.3286725295021434,0.24974638636398844,0.49085274,HOLD,0,0,True,0.0,0.0,4824.416957715415
2026-01-29 00:00:00,0.24974638636398844,0.2984429777734435,0.49054483,HOLD,0,1,False,0.0,0.0,4824.416957715415
2026-01-29 01:00:00,0.2984429777734435,0.37877634506429514,0.48999164,HOLD,0,1,False,0.0,0.0,4824.416957715415
2026-01-29 02:00:00,0.37877634506429514,0.2587295180300788,0.48991156,HOLD,0,0,True,0.0,0.0,4824.416957715415
2026-01-29 03:00:00,0.2587295180300788,0.27412612538227293,0.4915189,HOLD,0,1,False,0.0,0.0,4824.416957715415
2026-01-29 04:00:00,0.27412612538227293,0.27149571966159164,0.49218398,HOLD,0,0,True,0.0,0.0,4824.416957715415
2026-01-29 05:00:00,0.27149571966159164,0.3181469276930975,0.49198908,HOLD,0,1,False,0.0,0.0,4824.416957715415
2026-01-29 06:00:00,0.3181469276930975,0.3315686434667409,0.49299017,HOLD,0,1,False,0.0,0.0,4824.416957715415
2026-01-29 07:00:00,0.3315686434667409,0.25037984255413576,0.49439007,HOLD,0,0,True,0.0,0.0,4824.416957715415
2026-01-29 08:00:00,0.25037984255413576,0.14429457843092156,0.49366483,HOLD,0,0,True,0.0,0.0,4824.416957715415
2026-01-29 09:00:00,0.14429457843092156,0.1067511788673595,0.49236974,HOLD,0,0,True,0.0,0.0,4824.416957715415
2026-01-29 10:00:00,0.1067511788673595,0.11666132267732338,0.4909743,HOLD,0,1,False,0.0,0.0,4824.416957715415
2026-01-29 11:00:00,0.11666132267732338,0.08741480700396852,0.48839658,HOLD,0,0,True,0.0,0.0,4824.416957715415
2026-01-29 12:00:00,0.08741480700396852,0.12824131148380985,0.4868621,HOLD,0,1,False,0.0,0.0,4824.416957715415
2026-01-29 13:00:00,0.12824131148380985,0.16457807927354398,0.4866039,HOLD,0,1,False,0.0,0.0,4824.416957715415
2026-01-29 14:00:00,0.16457807927354398,0.12837703974421882,0.4840804,SHORT,0,0,True,0.21896270517385055,1206.1042394288538,5088.508804702406
2026-01-29 15:00:00,0.12837703974421882,0.12341489240927447,0.48167992,SHORT,0,0,True,0.03765291912659023,1272.1272011756016,5136.408107327007
2026-01-29 16:00:00,0.12341489240927447,0.10544327618556819,0.47898448,SHORT,0,0,True,0.14461951052153363,1284.1020268317518,5322.114313907125
2026-01-29 17:00:00,0.10544327618556819,0.10968486485672,0.4772265,SHORT,0,1,False,-0.0412262602661083,1330.5285784767811,5267.261596439345
2026-01-29 18:00:00,0.10968486485672,0.12308742798576337,0.4762729,SHORT,0,1,False,-0.12319154526516475,1316.8153991098363,5105.04107259404
2026-01-29 19:00:00,0.12308742798576337,0.0899178661697559,0.476288,SHORT,0,0,True,0.26847968902107494,1276.26026814851,5447.691032496506
2026-01-29 20:00:00,0.0899178661697559,0.16962961369773583,0.4770365,SHORT,0,1,False,-0.8874950973980205,1361.9227581241264,4238.991261626554
2026-01-29 21:00:00,0.16962961369773583,0.12157761850945856,0.4795026,SHORT,0,0,True,0.2822759807724461,1059.7478154066384,4538.13261559192
2026-01-29 22:00:00,0.12157761850945856,0.13842478113317583,0.48120388,SHORT,0,1,False,-0.13957125045105723,1134.53315389798,4379.784404624197
2026-01-29 23:00:00,0.13842478113317583,0.0998497801085499,0.4809379,SHORT,0,0,True,0.27767120835476455,1094.9461011560493,4683.8194116155355
2026-01-30 00:00:00,0.0998497801085499,0.10504472494111024,0.48215744,SHORT,0,1,False,-0.053027604136060606,1170.9548529038839,4621.7264812145495
2026-01-30 01:00:00,0.10504472494111024,0.09595340472069586,0.48292768,SHORT,0,0,True,0.08554713718857487,1155.4316203036374,4720.570348548682
2026-01-30 02:00:00,0.09595340472069586,0.1143277302761178,0.48478922,SHORT,0,1,False,-0.1924921686094047,1180.1425871371705,4493.402142682335
2026-01-30 03:00:00,0.1143277302761178,0.11161671200347095,0.4877153,HOLD,0,0,True,0.0,0.0,4493.402142682335
2026-01-30 04:00:00,0.11161671200347095,0.09751129390171254,0.48920953,HOLD,0,0,True,0.0,0.0,4493.402142682335
2026-01-30 05:00:00,0.09751129390171254,0.1310324806973013,0.49086842,HOLD,0,1,False,0.0,0.0,4493.402142682335
2026-01-30 06:00:00,0.1310324806973013,0.15043887449743118,0.49170557,HOLD,0,1,False,0.0,0.0,4493.402142682335
2026-01-30 07:00:00,0.15043887449743118,0.1098664787478522,0.49241593,HOLD,0,0,True,0.0,0.0,4493.402142682335
2026-01-30 08:00:00,0.1098664787478522,0.11509973625354744,0.49333644,HOLD,0,1,False,0.0,0.0,4493.402142682335
2026-01-30 09:00:00,0.11509973625354744,0.14461596670712396,0.49336419,HOLD,0,1,False,0.0,0.0,4493.402142682335
2026-01-30 10:00:00,0.14461596670712396,0.10941561061422077,0.49290612,HOLD,0,0,True,0.0,0.0,4493.402142682335
2026-01-30 11:00:00,0.10941561061422077,0.11454242549512648,0.49233243,HOLD,0,1,False,0.0,0.0,4493.402142682335
2026-01-30 12:00:00,0.11454242549512648,0.12759109436067537,0.4916528,HOLD,0,1,False,0.0,0.0,4493.402142682335
2026-01-30 13:00:00,0.12759109436067537,0.13913109597110349,0.49135447,HOLD,0,1,False,0.0,0.0,4493.402142682335
2026-01-30 14:00:00,0.13913109597110349,0.11541776881553167,0.49118292,HOLD,0,0,True,0.0,0.0,4493.402142682335
2026-01-30 15:00:00,0.11541776881553167,0.1060538144181302,0.4917682,HOLD,0,0,True,0.0,0.0,4493.402142682335
2026-01-30 16:00:00,0.1060538144181302,0.1535155594168923,0.49202147,HOLD,0,1,False,0.0,0.0,4493.402142682335
2026-01-30 17:00:00,0.1535155594168923,0.17034655240443172,0.49221468,HOLD,0,1,False,0.0,0.0,4493.402142682335
2026-01-30 18:00:00,0.17034655240443172,0.12222583703331,0.49259222,HOLD,0,0,True,0.0,0.0,4493.402142682335
2026-01-30 19:00:00,0.12222583703331,0.1254274881834199,0.4930963,HOLD,0,1,False,0.0,0.0,4493.402142682335
2026-01-30 20:00:00,0.1254274881834199,0.14085755045562437,0.4924724,HOLD,0,1,False,0.0,0.0,4493.402142682335
2026-01-30 21:00:00,0.14085755045562437,0.11818936109130168,0.4935715,HOLD,0,0,True,0.0,0.0,4493.402142682335
2026-01-30 22:00:00,0.11818936109130168,0.17108347869144874,0.4945881,HOLD,0,1,False,0.0,0.0,4493.402142682335
2026-01-30 23:00:00,0.17108347869144874,0.15467984576649615,0.49512163,HOLD,0,0,True,0.0,0.0,4493.402142682335
2026-01-31 00:00:00,0.15467984576649615,0.15079814306948916,0.49461293,HOLD,0,0,True,0.0,0.0,4493.402142682335
2026-01-31 01:00:00,0.15079814306948916,0.16862020690162802,0.49418595,HOLD,0,1,False,0.0,0.0,4493.402142682335
2026-01-31 02:00:00,0.16862020690162802,0.17767566316391842,0.49341467,HOLD,0,1,False,0.0,0.0,4493.402142682335
2026-01-31 03:00:00,0.17767566316391842,0.11165944911657942,0.49288473,HOLD,0,0,True,0.0,0.0,4493.402142682335
2026-01-31 04:00:00,0.11165944911657942,0.1559329075937669,0.4920113,HOLD,0,1,False,0.0,0.0,4493.402142682335
2026-01-31 05:00:00,0.1559329075937669,0.04838526953227087,0.49184,HOLD,0,0,True,0.0,0.0,4493.402142682335
2026-01-31 06:00:00,0.04838526953227087,0.08077767445324888,0.49311653,HOLD,0,1,False,0.0,0.0,4493.402142682335
2026-01-31 07:00:00,0.08077767445324888,0.12629551621377394,0.4946571,HOLD,0,1,False,0.0,0.0,4493.402142682335
2026-01-31 08:00:00,0.12629551621377394,0.1729710541927173,0.4935817,HOLD,0,1,False,0.0,0.0,4493.402142682335
2026-01-31 09:00:00,0.1729710541927173,0.08172208088645522,0.4926458,HOLD,0,0,True,0.0,0.0,4493.402142682335
2026-01-31 10:00:00,0.08172208088645522,0.11708715766350944,0.4915618,HOLD,0,1,False,0.0,0.0,4493.402142682335
2026-01-31 11:00:00,0.11708715766350944,0.13991274955185695,0.48992807,HOLD,0,1,False,0.0,0.0,4493.402142682335
2026-01-31 12:00:00,0.13991274955185695,0.08035979012695925,0.48767507,HOLD,0,0,True,0.0,0.0,4493.402142682335
2026-01-31 13:00:00,0.08035979012695925,0.1351857855265216,0.48664817,HOLD,0,1,False,0.0,0.0,4493.402142682335
2026-01-31 14:00:00,0.1351857855265216,0.07367123150919966,0.48546928,SHORT,0,0,True,0.4540371459376077,1123.3505356705837,5003.445013785689
2026-01-31 15:00:00,0.07367123150919966,0.056161886829484704,0.4847858,SHORT,0,0,True,0.2366686845193905,1250.8612534464223,5299.48470115513
2026-01-31 16:00:00,0.056161886829484704,0.05700571905743332,0.48380592,SHORT,0,1,False,-0.016024997833684006,1324.8711752887825,5278.253643441217
2026-01-31 17:00:00,0.05700571905743332,0.03563798863955795,0.48490798,SHORT,0,0,True,0.3738348546633954,1319.5634108603042,5771.552439359313
2026-01-31 18:00:00,0.03563798863955795,0.043404944764141216,0.48561835,SHORT,0,1,False,-0.21894036142550402,1442.8881098398283,5455.645995094419
2026-01-31 19:00:00,0.043404944764141216,0.041053693825965305,0.48624,HOLD,0,0,True,0.0,0.0,5455.645995094419
2026-01-31 20:00:00,0.041053693825965305,0.03659378464674379,0.48709965,HOLD,0,0,True,0.0,0.0,5455.645995094419
2026-01-31 21:00:00,0.03659378464674379,0.03868635562683337,0.48908603,HOLD,0,1,False,0.0,0.0,5455.645995094419
2026-01-31 22:00:00,0.03868635562683337,0.04184156634235575,0.48968816,HOLD,0,1,False,0.0,0.0,5455.645995094419
2026-01-31 23:00:00,0.04184156634235575,0.045731739292576415,0.49102122,HOLD,0,1,False,0.0,0.0,5455.645995094419
2026-02-01 00:00:00,0.045731739292576415,0.044375389710862786,0.49111107,HOLD,0,0,True,0.0,0.0,5455.645995094419
2026-02-01 01:00:00,0.044375389710862786,0.04191533672839923,0.48981822,HOLD,0,0,True,0.0,0.0,5455.645995094419
2026-02-01 02:00:00,0.04191533672839923,0.04914976737387528,0.48829535,HOLD,0,1,False,0.0,0.0,5455.645995094419
2026-02-01 03:00:00,0.04914976737387528,0.05520345771019604,0.48604548,HOLD,0,1,False,0.0,0.0,5455.645995094419
2026-02-01 04:00:00,0.05520345771019604,0.050598122808815434,0.48333758,SHORT,0,0,True,0.0824247543977667,1363.9114987736048,5568.0660654011235
2026-02-01 05:00:00,0.050598122808815434,0.04390434014880733,0.48349607,SHORT,0,0,True,0.13129310275601538,1392.0165163502809,5750.828232920371
2026-02-01 06:00:00,0.04390434014880733,0.049224300484611606,0.48265594,SHORT,0,1,False,-0.12217162717337404,1437.7070582300928,5575.181222217756
2026-02-01 07:00:00,0.049224300484611606,0.06291306680695147,0.48312816,SHORT,0,1,False,-0.2790896058973802,1393.795305554439,5186.187439688949
2026-02-01 08:00:00,0.06291306680695147,0.1080522182889573,0.48344678,SHORT,0,1,False,-0.7184845190827394,1296.5468599222372,4254.638592569485
2026-02-01 09:00:00,0.1080522182889573,0.08464063851442702,0.48489127,SHORT,0,0,True,0.21566912669874255,1063.6596481423712,4484.037139989042
2026-02-01 10:00:00,0.08464063851442702,0.0516032125824003,0.48564088,SHORT,0,0,True,0.389325811712721,1121.0092849972605,4920.474989808097
2026-02-01 11:00:00,0.0516032125824003,0.07809362396727458,0.48845273,HOLD,0,1,False,0.0,0.0,4920.474989808097
2026-02-01 12:00:00,0.07809362396727458,0.05971393089183853,0.48916948,HOLD,0,0,True,0.0,0.0,4920.474989808097
2026-02-01 13:00:00,0.05971393089183853,0.053337326592941846,0.48940772,HOLD,0,0,True,0.0,0.0,4920.474989808097
2026-02-01 14:00:00,0.053337326592941846,0.08338258485233638,0.49081454,HOLD,0,1,False,0.0,0.0,4920.474989808097
2026-02-01 15:00:00,0.08338258485233638,0.16457475710913716,0.49064708,HOLD,0,1,False,0.0,0.0,4920.474989808097
2026-02-01 16:00:00,0.16457475710913716,0.14616601259057058,0.48990944,HOLD,0,0,True,0.0,0.0,4920.474989808097
2026-02-01 17:00:00,0.14616601259057058,0.08452909727278032,0.49100152,HOLD,0,0,True,0.0,0.0,4920.474989808097
2026-02-01 18:00:00,0.08452909727278032,0.11749243051356938,0.4938045,HOLD,0,1,False,0.0,0.0,4920.474989808097
2026-02-01 19:00:00,0.11749243051356938,0.11817836380321793,0.4965014,HOLD,0,1,False,0.0,0.0,4920.474989808097
2026-02-01 20:00:00,0.11817836380321793,0.12626562272256409,0.4986375,HOLD,0,1,False,0.0,0.0,4920.474989808097
2026-02-01 21:00:00,0.12626562272256409,0.1435455825387072,0.50050306,HOLD,1,1,True,0.0,0.0,4920.474989808097
2026-02-01 22:00:00,0.1435455825387072,0.11423640346156272,0.5024208,HOLD,1,0,False,0.0,0.0,4920.474989808097
2026-02-01 23:00:00,0.11423640346156272,0.04606324036910126,0.50333023,HOLD,1,0,False,0.0,0.0,4920.474989808097
2026-02-02 00:00:00,0.04606324036910126,0.095476988220865,0.50337744,HOLD,1,1,True,0.0,0.0,4920.474989808097
2026-02-02 01:00:00,0.095476988220865,0.08881057841809561,0.50382346,HOLD,1,0,False,0.0,0.0,4920.474989808097
2026-02-02 02:00:00,0.08881057841809561,0.07782417423240874,0.504459,HOLD,1,0,False,0.0,0.0,4920.474989808097
2026-02-02 03:00:00,0.07782417423240874,0.0893535004260433,0.50471234,HOLD,1,1,True,0.0,0.0,4920.474989808097
2026-02-02 04:00:00,0.0893535004260433,0.11181077810178956,0.50487906,HOLD,1,1,True,0.0,0.0,4920.474989808097
2026-02-02 05:00:00,0.11181077810178956,0.2620704512581099,0.5056715,LONG,1,1,True,1.3428746756554,1230.1187474520243,6572.370303810361
2026-02-02 06:00:00,0.2620704512581099,0.27561280617776374,0.5024616,HOLD,1,1,True,0.0,0.0,6572.370303810361
2026-02-02 07:00:00,0.27561280617776374,0.23676295920617188,0.49992076,HOLD,0,0,True,0.0,0.0,6572.370303810361
2026-02-02 08:00:00,0.23676295920617188,0.16095988436434755,0.5012287,HOLD,1,0,False,0.0,0.0,6572.370303810361
2026-02-02 09:00:00,0.16095988436434755,0.16262618675831672,0.503795,HOLD,1,1,True,0.0,0.0,6572.370303810361
2026-02-02 10:00:00,0.16262618675831672,0.16491989216557346,0.5043969,HOLD,1,1,True,0.0,0.0,6572.370303810361
2026-02-02 11:00:00,0.16491989216557346,0.09088678041644527,0.50478745,HOLD,1,0,False,0.0,0.0,6572.370303810361
2026-02-02 12:00:00,0.09088678041644527,0.1118654077023294,0.5067822,LONG,1,1,True,0.22982154731149673,1643.0925759525903,6949.988381991819
2026-02-02 13:00:00,0.1118654077023294,0.16347579917253893,0.5082439,LONG,1,1,True,0.46036149262105475,1737.4970954979547,7749.865138300004
2026-02-02 14:00:00,0.16347579917253893,0.23844891875935795,0.50889194,LONG,1,1,True,0.4576190736874109,1937.466284575001,8636.486664747807
2026-02-02 15:00:00,0.23844891875935795,0.2956221708272315,0.5116894,LONG,1,1,True,0.23877148802076423,2159.1216661869516,9152.023357801138
2026-02-02 16:00:00,0.2956221708272315,0.3914039676606488,0.51541626,LONG,1,1,True,0.32300072215623626,2288.0058394502844,9891.050896241264
2026-02-02 17:00:00,0.3914039676606488,0.23363475148851276,0.51530385,LONG,1,0,False,-0.40408537778779885,2472.762724060316,8891.843636709764
2026-02-02 18:00:00,0.23363475148851276,0.22350207921855259,0.51458657,LONG,1,0,False,-0.04436971364663776,2222.960909177441,8793.211497721892
2026-02-02 19:00:00,0.22350207921855259,0.24900787888633324,0.5154399,LONG,1,1,True,0.11311884738145854,2198.302874430473,9041.880985072814
2026-02-02 20:00:00,0.24900787888633324,0.3674905623160195,0.5155263,LONG,1,1,True,0.47481901407935395,2260.4702462682035,10115.195238761597
2026-02-02 21:00:00,0.3674905623160195,0.3985289479559634,0.51387,LONG,1,1,True,0.08346036122487618,2528.798809690399,10326.249700883394
2026-02-02 22:00:00,0.3985289479559634,0.37381798997843174,0.51261735,LONG,1,0,False,-0.06300542797273073,2581.5624252208486,10163.597255444034
2026-02-02 23:00:00,0.37381798997843174,0.1213898253079673,0.51081526,LONG,1,0,False,-0.6762702423043602,2540.8993138610085,8445.262660788267
2026-02-03 00:00:00,0.1213898253079673,0.14902633771474744,0.5087219,LONG,1,1,True,0.22666745348439218,2111.3156651970667,8923.829206120192
2026-02-03 01:00:00,0.14902633771474744,0.29615425635348874,0.50856006,LONG,1,1,True,0.9862611841294798,2230.957301530048,11124.135796069526
2026-02-03 02:00:00,0.29615425635348874,0.31004924214260404,0.50794625,LONG,1,1,True,0.045918068847642324,2781.0339490173815,11251.835504408136
2026-02-03 03:00:00,0.31004924214260404,0.542542701927097,0.5066247,LONG,1,1,True,0.7488597905862963,2812.958876102034,13358.34729929377
2026-02-03 04:00:00,0.542542701927097,0.5694995603105191,0.5052625,LONG,1,1,True,0.04868615057887991,3339.5868248234424,13520.938926318368
2026-02-03 05:00:00,0.5694995603105191,0.6918355433908218,0.5061221,LONG,1,1,True,0.21381312999363708,3380.234731579592,14243.677494390602
2026-02-03 06:00:00,0.6918355433908218,0.9841562438563943,0.50649226,LONG,1,1,True,0.4215291736716091,3560.9193735976505,15744.708895454443
2026-02-03 07:00:00,0.9841562438563943,1.100752521161752,0.50827134,LONG,1,1,True,0.11747334001405882,3936.177223863611,16207.104780828968
2026-02-03 08:00:00,1.100752521161752,1.1660813520490592,0.5095661,LONG,1,1,True,0.05834924484057337,4051.776195207242,16443.52286208232
2026-02-03 09:00:00,1.1660813520490592,0.9469079516915879,0.51066697,LONG,1,0,False,-0.1889572123954609,4110.88071552058,15666.742301587296
2026-02-03 10:00:00,0.9469079516915879,0.564814914179299,0.51123476,LONG,1,0,False,-0.4045165581086369,3916.685575396824,14082.378133434026
2026-02-03 11:00:00,0.564814914179299,0.4728240505292166,0.5112615,LONG,1,0,False,-0.16386904141642425,3520.5945333585064,13505.461682036665
2026-02-03 12:00:00,0.4728240505292166,0.8442937789327666,0.51080537,LONG,1,1,True,0.7846405104346447,3376.365420509166,16154.694768998861
2026-02-03 13:00:00,0.8442937789327666,0.6291820325658504,0.510162,LONG,1,0,False,-0.25578305269384927,4038.6736922497153,15121.67048316089
2026-02-03 14:00:00,0.6291820325658504,0.9786067806386858,0.5106806,LONG,1,1,True,0.5543635195967942,3780.4176207902224,17217.396100967897
2026-02-03 15:00:00,0.9786067806386858,0.9877083338798763,0.5115875,LONG,1,1,True,0.008300521334269156,4304.349025241974,17253.124441882057
2026-02-03 16:00:00,0.9877083338798763,1.4172994436975561,0.51177895,LONG,1,1,True,0.43393721282089137,4313.281110470514,19124.817625072632
2026-02-03 17:00:00,1.4172994436975561,1.6100532525640572,0.5119928,LONG,1,1,True,0.13500076520430335,4781.204406268158,19770.28387851702
2026-02-03 18:00:00,1.6100532525640572,1.7317784578658562,0.5091094,LONG,1,1,True,0.07460321691717216,4942.570969629255,20139.01557269279
2026-02-03 19:00:00,1.7317784578658562,2.0017471302135035,0.5067192,LONG,1,1,True,0.15489099813629806,5034.753893173198,20918.853628577002
2026-02-03 20:00:00,2.0017471302135035,1.237247366673073,0.50623494,LONG,1,0,False,-0.38291625305784255,5229.713407144251,18916.31136614696
2026-02-03 21:00:00,1.237247366673073,1.8140055118538323,0.50732434,LONG,1,1,True,0.4651623542037898,4729.07784153674,21116.10034812917
2026-02-03 22:00:00,1.8140055118538323,1.600620640260802,0.507167,LONG,1,0,False,-0.11863187608782977,5279.0250870322925,20489.83969813981
2026-02-03 23:00:00,1.600620640260802,1.5222768574656527,0.50492066,HOLD,1,0,False,0.0,0.0,20489.83969813981
2026-02-04 00:00:00,1.5222768574656527,1.0907271972796666,0.5020162,HOLD,1,0,False,0.0,0.0,20489.83969813981
2026-02-04 01:00:00,1.0907271972796666,1.2851008258116818,0.50226724,HOLD,1,1,True,0.0,0.0,20489.83969813981
2026-02-04 02:00:00,1.2851008258116818,1.7442303517503541,0.50451666,HOLD,1,1,True,0.0,0.0,20489.83969813981
2026-02-04 03:00:00,1.7442303517503541,1.5130043706987735,0.50495887,HOLD,1,0,False,0.0,0.0,20489.83969813981
2026-02-04 04:00:00,1.5130043706987735,1.3834023577845147,0.50793517,LONG,1,0,False,-0.08665871680489774,5122.459924534953,20045.9338941951
2026-02-04 05:00:00,1.3834023577845147,1.5461591428849206,0.5090326,LONG,1,1,True,0.11664963691478519,5011.483473548775,20630.521621789012
2026-02-04 06:00:00,1.5461591428849206,1.0141819757272352,0.50684375,LONG,1,0,False,-0.34506365580524206,5157.630405447253,18850.81081879311
2026-02-04 07:00:00,1.0141819757272352,0.9530005274281433,0.5048529,HOLD,1,0,False,0.0,0.0,18850.81081879311
2026-02-04 08:00:00,0.9530005274281433,1.1255028673273555,0.5042367,HOLD,1,1,True,0.0,0.0,18850.81081879311
2026-02-04 09:00:00,1.1255028673273555,2.5990319556557564,0.50207114,HOLD,1,1,True,0.0,0.0,18850.81081879311
2026-02-04 10:00:00,2.5990319556557564,2.184375820472228,0.49932966,HOLD,0,0,True,0.0,0.0,18850.81081879311
2026-02-04 11:00:00,2.184375820472228,2.3396945552588386,0.49723345,HOLD,0,1,False,0.0,0.0,18850.81081879311
2026-02-04 12:00:00,2.3396945552588386,1.808978583995993,0.49665695,HOLD,0,0,True,0.0,0.0,18850.81081879311
2026-02-04 13:00:00,1.808978583995993,0.9890288711069001,0.49847603,HOLD,0,0,True,0.0,0.0,18850.81081879311
2026-02-04 14:00:00,0.9890288711069001,0.7795628687061338,0.49868158,HOLD,0,0,True,0.0,0.0,18850.81081879311
2026-02-04 15:00:00,0.7795628687061338,0.5121492233275127,0.5016614,HOLD,1,0,False,0.0,0.0,18850.81081879311
2026-02-04 16:00:00,0.5121492233275127,0.4720333386786602,0.5043622,HOLD,1,0,False,0.0,0.0,18850.81081879311
2026-02-04 17:00:00,0.4720333386786602,0.5393470788604227,0.50620145,LONG,1,1,True,0.14160378381364017,4712.702704698278,19518.147353767163
2026-02-04 18:00:00,0.5393470788604227,0.6685823962574965,0.50738084,LONG,1,1,True,0.23861438276468086,4879.536838441791,20682.475024649473
2026-02-04 19:00:00,0.6685823962574965,1.0289447524804842,0.5074022,LONG,1,1,True,0.537994682241377,5170.618756162368,23464.24041936235
2026-02-04 20:00:00,1.0289447524804842,1.017882937527733,0.5065442,LONG,1,0,False,-0.01175064032940979,5866.060104840588,23395.31045691967
2026-02-04 21:00:00,1.017882937527733,1.4057161734260157,0.5055821,LONG,1,1,True,0.3800194881940596,5848.827614229917,25617.978933414604
2026-02-04 22:00:00,1.4057161734260157,0.9097273867332123,0.5057795,LONG,1,0,False,-0.3538370776897146,6404.494733353651,23351.83123288558
2026-02-04 23:00:00,0.9097273867332123,0.8374096987599406,0.5049568,HOLD,1,0,False,0.0,0.0,23351.83123288558
2026-02-05 00:00:00,0.8374096987599406,0.8320388699836431,0.50496304,HOLD,1,0,False,0.0,0.0,23351.83123288558
2026-02-05 01:00:00,0.8320388699836431,1.2515273237342814,0.5032597,HOLD,1,1,True,0.0,0.0,23351.83123288558
2026-02-05 02:00:00,1.2515273237342814,1.8390418366356203,0.50281674,HOLD,1,1,True,0.0,0.0,23351.83123288558
2026-02-05 03:00:00,1.8390418366356203,2.1508035571628112,0.5023623,HOLD,1,1,True,0.0,0.0,23351.83123288558
2026-02-05 04:00:00,2.1508035571628112,1.2673441419064226,0.50159806,HOLD,1,0,False,0.0,0.0,23351.83123288558
2026-02-05 05:00:00,1.2673441419064226,1.913155114869203,0.5012274,HOLD,1,1,True,0.0,0.0,23351.83123288558
2026-02-05 06:00:00,1.913155114869203,3.539805539661057,0.5014579,HOLD,1,1,True,0.0,0.0,23351.83123288558
2026-02-05 07:00:00,3.539805539661057,7.263370749270623,0.4999815,HOLD,0,1,False,0.0,0.0,23351.83123288558
2026-02-05 08:00:00,7.263370749270623,7.309856896837305,0.5013907,HOLD,1,1,True,0.0,0.0,23351.83123288558
2026-02-05 09:00:00,7.309856896837305,10.140877483956542,0.5034982,HOLD,1,1,True,0.0,0.0,23351.83123288558
2026-02-05 10:00:00,10.140877483956542,8.403602453066899,0.5053805,LONG,1,0,False,-0.17231407352451633,5837.957808221395,22345.868941886692
2026-02-05 11:00:00,8.403602453066899,11.922253205321269,0.5061959,LONG,1,1,True,0.4177074260004097,5586.467235471673,24679.37779125119
2026-02-05 12:00:00,11.922253205321269,10.656667235867458,0.50681776,LONG,1,0,False,-0.10715325372295743,6169.844447812798,24018.258883703525
2026-02-05 13:00:00,10.656667235867458,10.46984957457901,0.5069612,LONG,1,0,False,-0.018530589738194124,6004.564720925881,23906.990758303615
2026-02-05 14:00:00,10.46984957457901,16.610752722350686,0.5069287,LONG,1,1,True,0.5855321277090649,5976.747689575904,27406.568549761232
2026-02-05 15:00:00,16.610752722350686,29.45206084670729,0.5072533,LONG,1,1,True,0.7720720178067496,6851.642137440308,32696.52972010452
2026-02-05 16:00:00,29.45206084670729,27.489175696506308,0.5069599,LONG,1,0,False,-0.0676467844276653,8174.13243002613,32143.575945727356
2026-02-05 17:00:00,27.489175696506308,45.55708450921877,0.50687444,LONG,1,1,True,0.6562735760501095,8035.893986431839,37417.32082896255
2026-02-05 18:00:00,45.55708450921877,66.7383002543959,0.50750184,LONG,1,1,True,0.4639379119265407,9354.330207240637,41757.149252781135
2026-02-05 19:00:00,66.7383002543959,62.45095739923286,0.5094885,LONG,1,0,False,-0.06524111550369663,10439.287313195284,41076.078503404686
2026-02-05 20:00:00,62.45095739923286,103.72925682335273,0.51285887,LONG,1,1,True,0.6599714429234181,10269.019625851171,47853.338203286585
2026-02-05 21:00:00,103.72925682335273,118.72497514315715,0.5175235,LONG,1,1,True,0.14356594772814776,11963.334550821646,49570.86566606419
2026-02-05 22:00:00,118.72497514315715,108.18475793794352,0.5212848,LONG,1,0,False,-0.08977843261288848,12392.716416516047,48458.26701037336
